[25Feb2025 23:51:42.601] [main/INFO] [cpw.mods.modlauncher.Launcher/MODLAUNCHER]: ModLauncher running: args [--launchTarget, forgeserver, --fml.forgeVersion, 47.3.7, --fml.mcVersion, 1.20.1, --fml.forgeGroup, net.minecraftforge, --fml.mcpVersion, 20230612.114412, nogui]
[25Feb2025 23:51:42.608] [main/INFO] [cpw.mods.modlauncher.Launcher/MODLAUNCHER]: ModLauncher 10.0.9+10.0.9+main.dcd20f30 starting: java version 17.0.14 by Ubuntu; OS Linux arch amd64 version 6.5.0-1025-azure
[25Feb2025 23:51:42.637] [main/DEBUG] [cpw.mods.modlauncher.LaunchServiceHandler/MODLAUNCHER]: Found launch services [fmlclientdev,forgeclient,minecraft,forgegametestserverdev,fmlserveruserdev,fmlclient,fmldatauserdev,forgeserverdev,forgeserveruserdev,forgeclientdev,forgeclientuserdev,forgeserver,forgedatadev,fmlserver,fmlclientuserdev,fmlserverdev,forgedatauserdev,testharness,forgegametestserveruserdev]
[25Feb2025 23:51:42.650] [main/DEBUG] [cpw.mods.modlauncher.NameMappingServiceHandler/MODLAUNCHER]: Found naming services : [srgtomcp]
[25Feb2025 23:51:42.665] [main/DEBUG] [cpw.mods.modlauncher.LaunchPluginHandler/MODLAUNCHER]: Found launch plugins: [mixin,eventbus,slf4jfixer,object_holder_definalize,runtime_enum_extender,capability_token_subclass,accesstransformer,runtimedistcleaner]
[25Feb2025 23:51:42.677] [main/DEBUG] [cpw.mods.modlauncher.TransformationServicesHandler/MODLAUNCHER]: Discovering transformation services
[25Feb2025 23:51:42.683] [main/DEBUG] [net.minecraftforge.fml.loading.FMLPaths/CORE]: Path GAMEDIR is /workspaces/serveo/servidor_minecraft
[25Feb2025 23:51:42.683] [main/DEBUG] [net.minecraftforge.fml.loading.FMLPaths/CORE]: Path MODSDIR is /workspaces/serveo/servidor_minecraft/mods
[25Feb2025 23:51:42.683] [main/DEBUG] [net.minecraftforge.fml.loading.FMLPaths/CORE]: Path CONFIGDIR is /workspaces/serveo/servidor_minecraft/config
[25Feb2025 23:51:42.683] [main/DEBUG] [net.minecraftforge.fml.loading.FMLPaths/CORE]: Path FMLCONFIG is /workspaces/serveo/servidor_minecraft/config/fml.toml
[25Feb2025 23:51:43.924] [main/DEBUG] [cpw.mods.modlauncher.TransformationServicesHandler/MODLAUNCHER]: Found additional transformation services from discovery services: 
[25Feb2025 23:51:43.933] [main/INFO] [net.minecraftforge.fml.loading.ImmediateWindowHandler/]: ImmediateWindowProvider not loading because launch target is forgeserver
[25Feb2025 23:51:43.943] [main/DEBUG] [cpw.mods.modlauncher.TransformationServicesHandler/MODLAUNCHER]: Found transformer services : [mixin,fml]
[25Feb2025 23:51:43.943] [main/DEBUG] [cpw.mods.modlauncher.TransformationServicesHandler/MODLAUNCHER]: Transformation services loading
[25Feb2025 23:51:43.944] [main/DEBUG] [cpw.mods.modlauncher.TransformationServiceDecorator/MODLAUNCHER]: Loading service mixin
[25Feb2025 23:51:43.945] [main/DEBUG] [cpw.mods.modlauncher.TransformationServiceDecorator/MODLAUNCHER]: Loaded service mixin
[25Feb2025 23:51:43.945] [main/DEBUG] [cpw.mods.modlauncher.TransformationServiceDecorator/MODLAUNCHER]: Loading service fml
[25Feb2025 23:51:43.946] [main/DEBUG] [net.minecraftforge.fml.loading.LauncherVersion/CORE]: Found FMLLauncher version 1.0
[25Feb2025 23:51:43.946] [main/DEBUG] [net.minecraftforge.fml.loading.FMLLoader/CORE]: FML 1.0 loading
[25Feb2025 23:51:43.946] [main/DEBUG] [net.minecraftforge.fml.loading.FMLLoader/CORE]: FML found ModLauncher version : 10.0.9+10.0.9+main.dcd20f30
[25Feb2025 23:51:43.947] [main/DEBUG] [net.minecraftforge.fml.loading.FMLLoader/CORE]: FML found AccessTransformer version : 8.0.4+66+master.c09db6d7
[25Feb2025 23:51:43.947] [main/DEBUG] [net.minecraftforge.fml.loading.FMLLoader/CORE]: FML found EventBus version : 6.0.5+6.0.5+master.eb8e549b
[25Feb2025 23:51:43.947] [main/DEBUG] [net.minecraftforge.fml.loading.FMLLoader/CORE]: Found Runtime Dist Cleaner
[25Feb2025 23:51:43.949] [main/DEBUG] [net.minecraftforge.fml.loading.FMLLoader/CORE]: FML found CoreMod version : 5.1.6
[25Feb2025 23:51:43.949] [main/DEBUG] [net.minecraftforge.fml.loading.FMLLoader/CORE]: Found ForgeSPI package implementation version 7.0.1+7.0.1+master.d2b38bf6
[25Feb2025 23:51:43.949] [main/DEBUG] [net.minecraftforge.fml.loading.FMLLoader/CORE]: Found ForgeSPI package specification 5
[25Feb2025 23:51:43.950] [main/DEBUG] [cpw.mods.modlauncher.TransformationServiceDecorator/MODLAUNCHER]: Loaded service fml
[25Feb2025 23:51:43.950] [main/DEBUG] [cpw.mods.modlauncher.TransformationServicesHandler/MODLAUNCHER]: Configuring option handling for services
[25Feb2025 23:51:43.961] [main/DEBUG] [cpw.mods.modlauncher.TransformationServicesHandler/MODLAUNCHER]: Transformation services initializing
[25Feb2025 23:51:43.962] [main/DEBUG] [cpw.mods.modlauncher.TransformationServiceDecorator/MODLAUNCHER]: Initializing transformation service mixin
[25Feb2025 23:51:43.983] [main/DEBUG] [mixin/]: MixinService [ModLauncher] was successfully booted in cpw.mods.cl.ModuleClassLoader@7a3d45bd
[25Feb2025 23:51:44.010] [main/INFO] [mixin/]: SpongePowered MIXIN Subsystem Version=0.8.5 Source=union:/workspaces/serveo/servidor_minecraft/libraries/org/spongepowered/mixin/0.8.5/mixin-0.8.5.jar%2365!/ Service=ModLauncher Env=SERVER
[25Feb2025 23:51:44.015] [main/DEBUG] [mixin/]: Initialising Mixin Platform Manager
[25Feb2025 23:51:44.016] [main/DEBUG] [mixin/]: Adding mixin platform agents for container ModLauncher Root Container(ModLauncher:4f56a0a2)
[25Feb2025 23:51:44.018] [main/DEBUG] [mixin/]: Instancing new MixinPlatformAgentMinecraftForge for ModLauncher Root Container(ModLauncher:4f56a0a2)
[25Feb2025 23:51:44.019] [main/DEBUG] [mixin/]: MixinPlatformAgentMinecraftForge rejected container ModLauncher Root Container(ModLauncher:4f56a0a2)
[25Feb2025 23:51:44.019] [main/DEBUG] [mixin/]: Instancing new MixinPlatformAgentDefault for ModLauncher Root Container(ModLauncher:4f56a0a2)
[25Feb2025 23:51:44.020] [main/DEBUG] [mixin/]: MixinPlatformAgentDefault accepted container ModLauncher Root Container(ModLauncher:4f56a0a2)
[25Feb2025 23:51:44.023] [main/DEBUG] [cpw.mods.modlauncher.TransformationServiceDecorator/MODLAUNCHER]: Initialized transformation service mixin
[25Feb2025 23:51:44.023] [main/DEBUG] [cpw.mods.modlauncher.TransformationServiceDecorator/MODLAUNCHER]: Initializing transformation service fml
[25Feb2025 23:51:44.023] [main/DEBUG] [net.minecraftforge.fml.loading.FMLServiceProvider/CORE]: Setting up basic FML game directories
[25Feb2025 23:51:44.026] [main/DEBUG] [net.minecraftforge.fml.loading.FMLPaths/CORE]: Path GAMEDIR is /workspaces/serveo/servidor_minecraft
[25Feb2025 23:51:44.026] [main/DEBUG] [net.minecraftforge.fml.loading.FMLPaths/CORE]: Path MODSDIR is /workspaces/serveo/servidor_minecraft/mods
[25Feb2025 23:51:44.026] [main/DEBUG] [net.minecraftforge.fml.loading.FMLPaths/CORE]: Path CONFIGDIR is /workspaces/serveo/servidor_minecraft/config
[25Feb2025 23:51:44.027] [main/DEBUG] [net.minecraftforge.fml.loading.FMLPaths/CORE]: Path FMLCONFIG is /workspaces/serveo/servidor_minecraft/config/fml.toml
[25Feb2025 23:51:44.027] [main/DEBUG] [net.minecraftforge.fml.loading.FMLServiceProvider/CORE]: Loading configuration
[25Feb2025 23:51:44.032] [main/DEBUG] [net.minecraftforge.fml.loading.FMLServiceProvider/CORE]: Preparing ModFile
[25Feb2025 23:51:44.036] [main/DEBUG] [net.minecraftforge.fml.loading.FMLServiceProvider/CORE]: Preparing launch handler
[25Feb2025 23:51:44.036] [main/DEBUG] [net.minecraftforge.fml.loading.FMLLoader/CORE]: Using forgeserver as launch service
[25Feb2025 23:51:44.057] [main/DEBUG] [net.minecraftforge.fml.loading.FMLLoader/CORE]: Received command line version data  : VersionInfo[forgeVersion=47.3.7, mcVersion=1.20.1, mcpVersion=20230612.114412, forgeGroup=net.minecraftforge]
[25Feb2025 23:51:44.059] [main/DEBUG] [cpw.mods.modlauncher.TransformationServiceDecorator/MODLAUNCHER]: Initialized transformation service fml
[25Feb2025 23:51:44.060] [main/DEBUG] [cpw.mods.modlauncher.NameMappingServiceHandler/MODLAUNCHER]: Current naming domain is 'srg'
[25Feb2025 23:51:44.061] [main/DEBUG] [cpw.mods.modlauncher.NameMappingServiceHandler/MODLAUNCHER]: Identified name mapping providers {}
[25Feb2025 23:51:44.061] [main/DEBUG] [cpw.mods.modlauncher.TransformationServicesHandler/MODLAUNCHER]: Transformation services begin scanning
[25Feb2025 23:51:44.062] [main/DEBUG] [cpw.mods.modlauncher.TransformationServiceDecorator/MODLAUNCHER]: Beginning scan trigger - transformation service mixin
[25Feb2025 23:51:44.063] [main/DEBUG] [cpw.mods.modlauncher.TransformationServiceDecorator/MODLAUNCHER]: End scan trigger - transformation service mixin
[25Feb2025 23:51:44.063] [main/DEBUG] [cpw.mods.modlauncher.TransformationServiceDecorator/MODLAUNCHER]: Beginning scan trigger - transformation service fml
[25Feb2025 23:51:44.063] [main/DEBUG] [net.minecraftforge.fml.loading.FMLServiceProvider/CORE]: Initiating mod scan
[25Feb2025 23:51:44.073] [main/DEBUG] [net.minecraftforge.fml.loading.moddiscovery.ModListHandler/CORE]: Found mod coordinates from lists: []
[25Feb2025 23:51:44.079] [main/DEBUG] [net.minecraftforge.fml.loading.moddiscovery.ModDiscoverer/CORE]: Found Mod Locators : (mods folder:null),(maven libs:null),(exploded directory:null),(minecraft:null),(userdev classpath:null)
[25Feb2025 23:51:44.080] [main/DEBUG] [net.minecraftforge.fml.loading.moddiscovery.ModDiscoverer/CORE]: Found Dependency Locators : (JarInJar:null)
[25Feb2025 23:51:44.090] [main/DEBUG] [net.minecraftforge.fml.loading.moddiscovery.ModFileParser/LOADING]: Considering mod file candidate /workspaces/serveo/servidor_minecraft/mods/[1.20.1] SecurityCraft v1.9.12.jar
[25Feb2025 23:51:44.146] [main/DEBUG] [net.minecraftforge.fml.loading.moddiscovery.ModFileInfo/LOADING]: Found valid mod file [1.20.1] SecurityCraft v1.9.12.jar with {securitycraft} mods - versions {1.9.12}
[25Feb2025 23:51:44.149] [main/DEBUG] [net.minecraftforge.fml.loading.moddiscovery.ModFileParser/LOADING]: Considering mod file candidate /workspaces/serveo/servidor_minecraft/mods/apocalypsenow-3.0.4-forge-1.20.1.jar
[25Feb2025 23:51:44.151] [main/DEBUG] [net.minecraftforge.fml.loading.moddiscovery.ModFileInfo/LOADING]: Found valid mod file apocalypsenow-3.0.4-forge-1.20.1.jar with {apocalypsenow} mods - versions {3.0.4}
[25Feb2025 23:51:44.152] [main/DEBUG] [net.minecraftforge.fml.loading.moddiscovery.ModFileParser/LOADING]: Considering mod file candidate /workspaces/serveo/servidor_minecraft/mods/architectury-9.2.14-forge.jar
[25Feb2025 23:51:44.153] [main/DEBUG] [net.minecraftforge.fml.loading.moddiscovery.ModFileInfo/LOADING]: Found valid mod file architectury-9.2.14-forge.jar with {architectury} mods - versions {9.2.14}
[25Feb2025 23:51:44.154] [main/DEBUG] [net.minecraftforge.fml.loading.moddiscovery.ModFileParser/LOADING]: Considering mod file candidate /workspaces/serveo/servidor_minecraft/mods/Atlas Lib-1.20.1-1.1.12.jar
[25Feb2025 23:51:44.154] [main/DEBUG] [net.minecraftforge.fml.loading.moddiscovery.ModFileInfo/LOADING]: Found valid mod file Atlas Lib-1.20.1-1.1.12.jar with {atlaslib} mods - versions {1.1.12}
[25Feb2025 23:51:44.155] [main/DEBUG] [net.minecraftforge.fml.loading.moddiscovery.ModFileParser/LOADING]: Considering mod file candidate /workspaces/serveo/servidor_minecraft/mods/bunker-down 1-1-6 - 1-20-1.jar
[25Feb2025 23:51:44.156] [main/DEBUG] [net.minecraftforge.fml.loading.moddiscovery.ModFileInfo/LOADING]: Found valid mod file bunker-down 1-1-6 - 1-20-1.jar with {bunker_down} mods - versions {1.1.6}
[25Feb2025 23:51:44.157] [main/DEBUG] [net.minecraftforge.fml.loading.moddiscovery.ModFileParser/LOADING]: Considering mod file candidate /workspaces/serveo/servidor_minecraft/mods/coroutil-forge-1.20.1-1.3.7.jar
[25Feb2025 23:51:44.158] [main/DEBUG] [net.minecraftforge.fml.loading.moddiscovery.ModFileInfo/LOADING]: Found valid mod file coroutil-forge-1.20.1-1.3.7.jar with {coroutil} mods - versions {1.20.1-1.3.7}
[25Feb2025 23:51:44.159] [main/DEBUG] [net.minecraftforge.fml.loading.moddiscovery.ModFileParser/LOADING]: Considering mod file candidate /workspaces/serveo/servidor_minecraft/mods/CreativeCore_FORGE_v2.12.31_mc1.20.1.jar
[25Feb2025 23:51:44.160] [main/DEBUG] [net.minecraftforge.fml.loading.moddiscovery.ModFileInfo/LOADING]: Found valid mod file CreativeCore_FORGE_v2.12.31_mc1.20.1.jar with {creativecore} mods - versions {2.12.31}
[25Feb2025 23:51:44.161] [main/DEBUG] [net.minecraftforge.fml.loading.moddiscovery.ModFileParser/LOADING]: Considering mod file candidate /workspaces/serveo/servidor_minecraft/mods/curios-forge-5.11.1+1.20.1.jar
[25Feb2025 23:51:44.163] [main/DEBUG] [net.minecraftforge.fml.loading.moddiscovery.ModFileInfo/LOADING]: Found valid mod file curios-forge-5.11.1+1.20.1.jar with {curios} mods - versions {5.11.1+1.20.1}
[25Feb2025 23:51:44.164] [main/DEBUG] [net.minecraftforge.fml.loading.moddiscovery.ModFileParser/LOADING]: Considering mod file candidate /workspaces/serveo/servidor_minecraft/mods/day_counter_v4.0_1.20.1_[FORGE].jar
[25Feb2025 23:51:44.165] [main/DEBUG] [net.minecraftforge.fml.loading.moddiscovery.ModFileInfo/LOADING]: Found valid mod file day_counter_v4.0_1.20.1_[FORGE].jar with {ags_day_counter} mods - versions {4.0}
[25Feb2025 23:51:44.166] [main/DEBUG] [net.minecraftforge.fml.loading.moddiscovery.ModFileParser/LOADING]: Considering mod file candidate /workspaces/serveo/servidor_minecraft/mods/eeeabsmobs-1.20.1-0.97-Fix.jar
[25Feb2025 23:51:44.167] [main/DEBUG] [net.minecraftforge.fml.loading.moddiscovery.ModFileInfo/LOADING]: Found valid mod file eeeabsmobs-1.20.1-0.97-Fix.jar with {eeeabsmobs} mods - versions {1.20.1-0.97}
[25Feb2025 23:51:44.168] [main/DEBUG] [net.minecraftforge.fml.loading.moddiscovery.ModFileParser/LOADING]: Considering mod file candidate /workspaces/serveo/servidor_minecraft/mods/eh1.3.1-1.20.1.jar
[25Feb2025 23:51:44.169] [main/DEBUG] [net.minecraftforge.fml.loading.moddiscovery.ModFileInfo/LOADING]: Found valid mod file eh1.3.1-1.20.1.jar with {horde_hoard} mods - versions {1.1.0}
[25Feb2025 23:51:44.169] [main/DEBUG] [net.minecraftforge.fml.loading.moddiscovery.ModFileParser/LOADING]: Considering mod file candidate /workspaces/serveo/servidor_minecraft/mods/EnhancedVisuals_FORGE_v1.8.2_mc1.20.1.jar
[25Feb2025 23:51:44.171] [main/DEBUG] [net.minecraftforge.fml.loading.moddiscovery.ModFileInfo/LOADING]: Found valid mod file EnhancedVisuals_FORGE_v1.8.2_mc1.20.1.jar with {enhancedvisuals} mods - versions {1.8.2}
[25Feb2025 23:51:44.172] [main/DEBUG] [net.minecraftforge.fml.loading.moddiscovery.ModFileParser/LOADING]: Considering mod file candidate /workspaces/serveo/servidor_minecraft/mods/faded_conquest_2-1.3.0-forge-1.20.1.jar
[25Feb2025 23:51:44.173] [main/DEBUG] [net.minecraftforge.fml.loading.moddiscovery.ModFileInfo/LOADING]: Found valid mod file faded_conquest_2-1.3.0-forge-1.20.1.jar with {faded_conquest_2} mods - versions {1.3.0}
[25Feb2025 23:51:44.174] [main/DEBUG] [net.minecraftforge.fml.loading.moddiscovery.ModFileParser/LOADING]: Considering mod file candidate /workspaces/serveo/servidor_minecraft/mods/ftb-library-forge-2001.2.9.jar
[25Feb2025 23:51:44.175] [main/DEBUG] [net.minecraftforge.fml.loading.moddiscovery.ModFileInfo/LOADING]: Found valid mod file ftb-library-forge-2001.2.9.jar with {ftblibrary} mods - versions {2001.2.9}
[25Feb2025 23:51:44.176] [main/DEBUG] [net.minecraftforge.fml.loading.moddiscovery.ModFileParser/LOADING]: Considering mod file candidate /workspaces/serveo/servidor_minecraft/mods/geckolib-forge-1.20.1-4.7.jar
[25Feb2025 23:51:44.177] [main/DEBUG] [net.minecraftforge.fml.loading.moddiscovery.ModFileInfo/LOADING]: Found valid mod file geckolib-forge-1.20.1-4.7.jar with {geckolib} mods - versions {4.7}
[25Feb2025 23:51:44.178] [main/DEBUG] [net.minecraftforge.fml.loading.moddiscovery.ModFileParser/LOADING]: Considering mod file candidate /workspaces/serveo/servidor_minecraft/mods/horror_element_mod-1.6.0-forge-1.20.1.jar
[25Feb2025 23:51:44.179] [main/DEBUG] [net.minecraftforge.fml.loading.moddiscovery.ModFileInfo/LOADING]: Found valid mod file horror_element_mod-1.6.0-forge-1.20.1.jar with {horror_element_mod} mods - versions {1.6.0}
[25Feb2025 23:51:44.179] [main/DEBUG] [net.minecraftforge.fml.loading.moddiscovery.ModFileParser/LOADING]: Considering mod file candidate /workspaces/serveo/servidor_minecraft/mods/InsaneLib-1.18.1-mc1.20.1.jar
[25Feb2025 23:51:44.185] [main/DEBUG] [net.minecraftforge.fml.loading.moddiscovery.ModFileInfo/LOADING]: Found valid mod file InsaneLib-1.18.1-mc1.20.1.jar with {insanelib} mods - versions {1.18.1}
[25Feb2025 23:51:44.186] [main/DEBUG] [net.minecraftforge.fml.loading.moddiscovery.ModFileParser/LOADING]: Considering mod file candidate /workspaces/serveo/servidor_minecraft/mods/jei-1.20.1-forge-15.20.0.106.jar
[25Feb2025 23:51:44.187] [main/DEBUG] [net.minecraftforge.fml.loading.moddiscovery.ModFileInfo/LOADING]: Found valid mod file jei-1.20.1-forge-15.20.0.106.jar with {jei} mods - versions {15.20.0.106}
[25Feb2025 23:51:44.190] [main/DEBUG] [net.minecraftforge.fml.loading.moddiscovery.ModFileParser/LOADING]: Considering mod file candidate /workspaces/serveo/servidor_minecraft/mods/journeymap-1.20.1-5.10.3-forge (1).jar
[25Feb2025 23:51:44.191] [main/DEBUG] [net.minecraftforge.fml.loading.moddiscovery.ModFileInfo/LOADING]: Found valid mod file journeymap-1.20.1-5.10.3-forge (1).jar with {journeymap} mods - versions {5.10.3}
[25Feb2025 23:51:44.192] [main/DEBUG] [net.minecraftforge.fml.loading.moddiscovery.ModFileParser/LOADING]: Considering mod file candidate /workspaces/serveo/servidor_minecraft/mods/K-Turrets-3.0.37-1.20.1.jar
[25Feb2025 23:51:44.193] [main/DEBUG] [net.minecraftforge.fml.loading.moddiscovery.ModFileInfo/LOADING]: Found valid mod file K-Turrets-3.0.37-1.20.1.jar with {k_turrets} mods - versions {3.0.37-1.20.1}
[25Feb2025 23:51:44.194] [main/DEBUG] [net.minecraftforge.fml.loading.moddiscovery.ModFileParser/LOADING]: Considering mod file candidate /workspaces/serveo/servidor_minecraft/mods/legendarymonsters-1.6.2 MC 1.20.1.jar
[25Feb2025 23:51:44.195] [main/DEBUG] [net.minecraftforge.fml.loading.moddiscovery.ModFileInfo/LOADING]: Found valid mod file legendarymonsters-1.6.2 MC 1.20.1.jar with {legendary_monsters} mods - versions {1.20.1}
[25Feb2025 23:51:44.196] [main/DEBUG] [net.minecraftforge.fml.loading.moddiscovery.ModFileParser/LOADING]: Considering mod file candidate /workspaces/serveo/servidor_minecraft/mods/lionfishapi-2.4-Fix.jar
[25Feb2025 23:51:44.197] [main/DEBUG] [net.minecraftforge.fml.loading.moddiscovery.ModFileInfo/LOADING]: Found valid mod file lionfishapi-2.4-Fix.jar with {lionfishapi} mods - versions {2.4-Fix}
[25Feb2025 23:51:44.197] [main/DEBUG] [net.minecraftforge.fml.loading.moddiscovery.ModFileParser/LOADING]: Considering mod file candidate /workspaces/serveo/servidor_minecraft/mods/lukis-grand-capitals-1.1.1.jar
[25Feb2025 23:51:44.199] [main/DEBUG] [net.minecraftforge.fml.loading.moddiscovery.ModFileInfo/LOADING]: Found valid mod file lukis-grand-capitals-1.1.1.jar with {mr_lukis_grandcapitals} mods - versions {1.1.1}
[25Feb2025 23:51:44.200] [main/DEBUG] [net.minecraftforge.fml.loading.moddiscovery.ModFileParser/LOADING]: Considering mod file candidate /workspaces/serveo/servidor_minecraft/mods/ParCool-1.20.1-3.3.1.1.jar
[25Feb2025 23:51:44.201] [main/DEBUG] [net.minecraftforge.fml.loading.moddiscovery.ModFileInfo/LOADING]: Found valid mod file ParCool-1.20.1-3.3.1.1.jar with {parcool} mods - versions {3.3.1.1}
[25Feb2025 23:51:44.201] [main/DEBUG] [net.minecraftforge.fml.loading.moddiscovery.ModFileParser/LOADING]: Considering mod file candidate /workspaces/serveo/servidor_minecraft/mods/PlayerRevive_FORGE_v2.0.31_mc1.20.1.jar
[25Feb2025 23:51:44.202] [main/DEBUG] [net.minecraftforge.fml.loading.moddiscovery.ModFileInfo/LOADING]: Found valid mod file PlayerRevive_FORGE_v2.0.31_mc1.20.1.jar with {playerrevive} mods - versions {2.0.31}
[25Feb2025 23:51:44.203] [main/DEBUG] [net.minecraftforge.fml.loading.moddiscovery.ModFileParser/LOADING]: Considering mod file candidate /workspaces/serveo/servidor_minecraft/mods/Satako-7.0.32-1.20.1.jar
[25Feb2025 23:51:44.204] [main/DEBUG] [net.minecraftforge.fml.loading.moddiscovery.ModFileInfo/LOADING]: Found valid mod file Satako-7.0.32-1.20.1.jar with {satako} mods - versions {7.0.32-1.20.1}
[25Feb2025 23:51:44.205] [main/DEBUG] [net.minecraftforge.fml.loading.moddiscovery.ModFileParser/LOADING]: Considering mod file candidate /workspaces/serveo/servidor_minecraft/mods/ScalingHealth-1.20.1-8.0.2+9.jar
[25Feb2025 23:51:44.206] [main/DEBUG] [net.minecraftforge.fml.loading.moddiscovery.ModFileInfo/LOADING]: Found valid mod file ScalingHealth-1.20.1-8.0.2+9.jar with {scalinghealth} mods - versions {8.0.2+9}
[25Feb2025 23:51:44.206] [main/DEBUG] [net.minecraftforge.fml.loading.moddiscovery.ModFileParser/LOADING]: Considering mod file candidate /workspaces/serveo/servidor_minecraft/mods/silent-lib-1.20.1-8.0.0.jar
[25Feb2025 23:51:44.207] [main/DEBUG] [net.minecraftforge.fml.loading.moddiscovery.ModFileInfo/LOADING]: Found valid mod file silent-lib-1.20.1-8.0.0.jar with {silentlib} mods - versions {8.0.0}
[25Feb2025 23:51:44.210] [main/DEBUG] [net.minecraftforge.fml.loading.moddiscovery.ModFileParser/LOADING]: Considering mod file candidate /workspaces/serveo/servidor_minecraft/mods/tacz-1.20.1-1.1.4-hotfix-all.jar
[25Feb2025 23:51:44.213] [main/DEBUG] [net.minecraftforge.fml.loading.moddiscovery.ModFileInfo/LOADING]: Found valid mod file tacz-1.20.1-1.1.4-hotfix-all.jar with {tacz} mods - versions {1.1.4-hotfix}
[25Feb2025 23:51:44.215] [main/DEBUG] [net.minecraftforge.fml.loading.moddiscovery.ModFileParser/LOADING]: Considering mod file candidate /workspaces/serveo/servidor_minecraft/mods/Terralith_1.20.x_v2.5.4.jar
[25Feb2025 23:51:44.216] [main/DEBUG] [net.minecraftforge.fml.loading.moddiscovery.ModFileInfo/LOADING]: Found valid mod file Terralith_1.20.x_v2.5.4.jar with {terralith} mods - versions {2.5.4}
[25Feb2025 23:51:44.217] [main/DEBUG] [net.minecraftforge.fml.loading.moddiscovery.ModFileParser/LOADING]: Considering mod file candidate /workspaces/serveo/servidor_minecraft/mods/The-Hordes-1.20.1-1.5.4.jar
[25Feb2025 23:51:44.218] [main/DEBUG] [net.minecraftforge.fml.loading.moddiscovery.ModFileInfo/LOADING]: Found valid mod file The-Hordes-1.20.1-1.5.4.jar with {hordes} mods - versions {1.5.4}
[25Feb2025 23:51:44.219] [main/DEBUG] [net.minecraftforge.fml.loading.moddiscovery.ModFileParser/LOADING]: Considering mod file candidate /workspaces/serveo/servidor_minecraft/mods/The_Graveyard_3.1_(FORGE)_for_1.20.1.jar
[25Feb2025 23:51:44.221] [main/DEBUG] [net.minecraftforge.fml.loading.moddiscovery.ModFileInfo/LOADING]: Found valid mod file The_Graveyard_3.1_(FORGE)_for_1.20.1.jar with {graveyard} mods - versions {3.1}
[25Feb2025 23:51:44.223] [main/DEBUG] [net.minecraftforge.fml.loading.moddiscovery.ModFileParser/LOADING]: Considering mod file candidate /workspaces/serveo/servidor_minecraft/mods/tombstone-1.20.1-8.9.0.jar
[25Feb2025 23:51:44.223] [main/DEBUG] [net.minecraftforge.fml.loading.moddiscovery.ModFileInfo/LOADING]: Found valid mod file tombstone-1.20.1-8.9.0.jar with {tombstone} mods - versions {8.9.0}
[25Feb2025 23:51:44.224] [main/DEBUG] [net.minecraftforge.fml.loading.moddiscovery.ModFileParser/LOADING]: Considering mod file candidate /workspaces/serveo/servidor_minecraft/mods/wegotrunnners-0.7.1.1.20.1[SPANISH TRANSLATION UPDATE].jar
[25Feb2025 23:51:44.225] [main/DEBUG] [net.minecraftforge.fml.loading.moddiscovery.ModFileInfo/LOADING]: Found valid mod file wegotrunnners-0.7.1.1.20.1[SPANISH TRANSLATION UPDATE].jar with {wegotrunnners} mods - versions {1.0.0}
[25Feb2025 23:51:44.363] [main/DEBUG] [net.minecraftforge.fml.loading.moddiscovery.ModFileInfo/LOADING]: Found valid mod file server-1.20.1-20230612.114412-srg.jar with {minecraft} mods - versions {1.20.1}
[25Feb2025 23:51:44.366] [main/DEBUG] [net.minecraftforge.fml.loading.moddiscovery.ModFileParser/LOADING]: Considering mod file candidate /workspaces/serveo/servidor_minecraft/libraries/net/minecraftforge/fmlcore/1.20.1-47.3.7/fmlcore-1.20.1-47.3.7.jar
[25Feb2025 23:51:44.366] [main/WARN] [net.minecraftforge.fml.loading.moddiscovery.ModFileParser/LOADING]: Mod file /workspaces/serveo/servidor_minecraft/libraries/net/minecraftforge/fmlcore/1.20.1-47.3.7/fmlcore-1.20.1-47.3.7.jar is missing mods.toml file
[25Feb2025 23:51:44.369] [main/DEBUG] [net.minecraftforge.fml.loading.moddiscovery.ModFileParser/LOADING]: Considering mod file candidate /workspaces/serveo/servidor_minecraft/libraries/net/minecraftforge/javafmllanguage/1.20.1-47.3.7/javafmllanguage-1.20.1-47.3.7.jar
[25Feb2025 23:51:44.369] [main/WARN] [net.minecraftforge.fml.loading.moddiscovery.ModFileParser/LOADING]: Mod file /workspaces/serveo/servidor_minecraft/libraries/net/minecraftforge/javafmllanguage/1.20.1-47.3.7/javafmllanguage-1.20.1-47.3.7.jar is missing mods.toml file
[25Feb2025 23:51:44.371] [main/DEBUG] [net.minecraftforge.fml.loading.moddiscovery.ModFileParser/LOADING]: Considering mod file candidate /workspaces/serveo/servidor_minecraft/libraries/net/minecraftforge/lowcodelanguage/1.20.1-47.3.7/lowcodelanguage-1.20.1-47.3.7.jar
[25Feb2025 23:51:44.371] [main/WARN] [net.minecraftforge.fml.loading.moddiscovery.ModFileParser/LOADING]: Mod file /workspaces/serveo/servidor_minecraft/libraries/net/minecraftforge/lowcodelanguage/1.20.1-47.3.7/lowcodelanguage-1.20.1-47.3.7.jar is missing mods.toml file
[25Feb2025 23:51:44.377] [main/DEBUG] [net.minecraftforge.fml.loading.moddiscovery.ModFileParser/LOADING]: Considering mod file candidate /workspaces/serveo/servidor_minecraft/libraries/net/minecraftforge/mclanguage/1.20.1-47.3.7/mclanguage-1.20.1-47.3.7.jar
[25Feb2025 23:51:44.377] [main/WARN] [net.minecraftforge.fml.loading.moddiscovery.ModFileParser/LOADING]: Mod file /workspaces/serveo/servidor_minecraft/libraries/net/minecraftforge/mclanguage/1.20.1-47.3.7/mclanguage-1.20.1-47.3.7.jar is missing mods.toml file
[25Feb2025 23:51:44.429] [main/DEBUG] [net.minecraftforge.fml.loading.moddiscovery.ModFileParser/LOADING]: Considering mod file candidate /workspaces/serveo/servidor_minecraft/libraries/net/minecraftforge/forge/1.20.1-47.3.7/forge-1.20.1-47.3.7-universal.jar
[25Feb2025 23:51:44.431] [main/DEBUG] [net.minecraftforge.fml.loading.moddiscovery.ModFileInfo/LOADING]: Found valid mod file forge-1.20.1-47.3.7-universal.jar with {forge} mods - versions {47.3.7}
[25Feb2025 23:51:44.446] [main/DEBUG] [net.minecraftforge.fml.loading.moddiscovery.AbstractJarFileDependencyLocator/]: Failed to load resource META-INF/jarjar/metadata.json from server-1.20.1-20230612.114412-srg.jar, it does not contain dependency information.
[25Feb2025 23:51:44.446] [main/DEBUG] [net.minecraftforge.fml.loading.moddiscovery.AbstractJarFileDependencyLocator/]: Failed to load resource META-INF/jarjar/metadata.json from ftb-library-forge-2001.2.9.jar, it does not contain dependency information.
[25Feb2025 23:51:44.446] [main/DEBUG] [net.minecraftforge.fml.loading.moddiscovery.AbstractJarFileDependencyLocator/]: Failed to load resource META-INF/jarjar/metadata.json from silent-lib-1.20.1-8.0.0.jar, it does not contain dependency information.
[25Feb2025 23:51:44.447] [main/DEBUG] [net.minecraftforge.fml.loading.moddiscovery.AbstractJarFileDependencyLocator/]: Failed to load resource META-INF/jarjar/metadata.json from CreativeCore_FORGE_v2.12.31_mc1.20.1.jar, it does not contain dependency information.
[25Feb2025 23:51:44.447] [main/DEBUG] [net.minecraftforge.fml.loading.moddiscovery.AbstractJarFileDependencyLocator/]: Failed to load resource META-INF/jarjar/metadata.json from bunker-down 1-1-6 - 1-20-1.jar, it does not contain dependency information.
[25Feb2025 23:51:44.447] [main/DEBUG] [net.minecraftforge.fml.loading.moddiscovery.AbstractJarFileDependencyLocator/]: Failed to load resource META-INF/jarjar/metadata.json from jei-1.20.1-forge-15.20.0.106.jar, it does not contain dependency information.
[25Feb2025 23:51:44.448] [main/DEBUG] [net.minecraftforge.fml.loading.moddiscovery.AbstractJarFileDependencyLocator/]: Failed to load resource META-INF/jarjar/metadata.json from eeeabsmobs-1.20.1-0.97-Fix.jar, it does not contain dependency information.
[25Feb2025 23:51:44.448] [main/DEBUG] [net.minecraftforge.fml.loading.moddiscovery.AbstractJarFileDependencyLocator/]: Failed to load resource META-INF/jarjar/metadata.json from apocalypsenow-3.0.4-forge-1.20.1.jar, it does not contain dependency information.
[25Feb2025 23:51:44.448] [main/DEBUG] [net.minecraftforge.fml.loading.moddiscovery.AbstractJarFileDependencyLocator/]: Failed to load resource META-INF/jarjar/metadata.json from The_Graveyard_3.1_(FORGE)_for_1.20.1.jar, it does not contain dependency information.
[25Feb2025 23:51:44.450] [main/DEBUG] [net.minecraftforge.fml.loading.moddiscovery.AbstractJarFileDependencyLocator/]: Failed to load resource META-INF/jarjar/metadata.json from lionfishapi-2.4-Fix.jar, it does not contain dependency information.
[25Feb2025 23:51:44.450] [main/DEBUG] [net.minecraftforge.fml.loading.moddiscovery.AbstractJarFileDependencyLocator/]: Failed to load resource META-INF/jarjar/metadata.json from Satako-7.0.32-1.20.1.jar, it does not contain dependency information.
[25Feb2025 23:51:44.450] [main/DEBUG] [net.minecraftforge.fml.loading.moddiscovery.AbstractJarFileDependencyLocator/]: Failed to load resource META-INF/jarjar/metadata.json from curios-forge-5.11.1+1.20.1.jar, it does not contain dependency information.
[25Feb2025 23:51:44.450] [main/DEBUG] [net.minecraftforge.fml.loading.moddiscovery.AbstractJarFileDependencyLocator/]: Failed to load resource META-INF/jarjar/metadata.json from journeymap-1.20.1-5.10.3-forge (1).jar, it does not contain dependency information.
[25Feb2025 23:51:44.451] [main/DEBUG] [net.minecraftforge.fml.loading.moddiscovery.AbstractJarFileDependencyLocator/]: Failed to load resource META-INF/jarjar/metadata.json from EnhancedVisuals_FORGE_v1.8.2_mc1.20.1.jar, it does not contain dependency information.
[25Feb2025 23:51:44.451] [main/DEBUG] [net.minecraftforge.fml.loading.moddiscovery.AbstractJarFileDependencyLocator/]: Failed to load resource META-INF/jarjar/metadata.json from [1.20.1] SecurityCraft v1.9.12.jar, it does not contain dependency information.
[25Feb2025 23:51:44.451] [main/DEBUG] [net.minecraftforge.fml.loading.moddiscovery.AbstractJarFileDependencyLocator/]: Failed to load resource META-INF/jarjar/metadata.json from ParCool-1.20.1-3.3.1.1.jar, it does not contain dependency information.
[25Feb2025 23:51:44.451] [main/DEBUG] [net.minecraftforge.fml.loading.moddiscovery.AbstractJarFileDependencyLocator/]: Failed to load resource META-INF/jarjar/metadata.json from legendarymonsters-1.6.2 MC 1.20.1.jar, it does not contain dependency information.
[25Feb2025 23:51:44.451] [main/DEBUG] [net.minecraftforge.fml.loading.moddiscovery.AbstractJarFileDependencyLocator/]: Failed to load resource META-INF/jarjar/metadata.json from horror_element_mod-1.6.0-forge-1.20.1.jar, it does not contain dependency information.
[25Feb2025 23:51:44.452] [main/DEBUG] [net.minecraftforge.fml.loading.moddiscovery.AbstractJarFileDependencyLocator/]: Failed to load resource META-INF/jarjar/metadata.json from tombstone-1.20.1-8.9.0.jar, it does not contain dependency information.
[25Feb2025 23:51:44.452] [main/DEBUG] [net.minecraftforge.fml.loading.moddiscovery.AbstractJarFileDependencyLocator/]: Failed to load resource META-INF/jarjar/metadata.json from lukis-grand-capitals-1.1.1.jar, it does not contain dependency information.
[25Feb2025 23:51:44.452] [main/DEBUG] [net.minecraftforge.fml.loading.moddiscovery.AbstractJarFileDependencyLocator/]: Failed to load resource META-INF/jarjar/metadata.json from Atlas Lib-1.20.1-1.1.12.jar, it does not contain dependency information.
[25Feb2025 23:51:44.452] [main/DEBUG] [net.minecraftforge.fml.loading.moddiscovery.AbstractJarFileDependencyLocator/]: Failed to load resource META-INF/jarjar/metadata.json from coroutil-forge-1.20.1-1.3.7.jar, it does not contain dependency information.
[25Feb2025 23:51:44.452] [main/DEBUG] [net.minecraftforge.fml.loading.moddiscovery.AbstractJarFileDependencyLocator/]: Failed to load resource META-INF/jarjar/metadata.json from wegotrunnners-0.7.1.1.20.1[SPANISH TRANSLATION UPDATE].jar, it does not contain dependency information.
[25Feb2025 23:51:44.452] [main/DEBUG] [net.minecraftforge.fml.loading.moddiscovery.AbstractJarFileDependencyLocator/]: Failed to load resource META-INF/jarjar/metadata.json from architectury-9.2.14-forge.jar, it does not contain dependency information.
[25Feb2025 23:51:44.453] [main/DEBUG] [net.minecraftforge.fml.loading.moddiscovery.AbstractJarFileDependencyLocator/]: Failed to load resource META-INF/jarjar/metadata.json from Terralith_1.20.x_v2.5.4.jar, it does not contain dependency information.
[25Feb2025 23:51:44.453] [main/DEBUG] [net.minecraftforge.fml.loading.moddiscovery.AbstractJarFileDependencyLocator/]: Failed to load resource META-INF/jarjar/metadata.json from K-Turrets-3.0.37-1.20.1.jar, it does not contain dependency information.
[25Feb2025 23:51:44.453] [main/DEBUG] [net.minecraftforge.fml.loading.moddiscovery.AbstractJarFileDependencyLocator/]: Failed to load resource META-INF/jarjar/metadata.json from faded_conquest_2-1.3.0-forge-1.20.1.jar, it does not contain dependency information.
[25Feb2025 23:51:44.453] [main/DEBUG] [net.minecraftforge.fml.loading.moddiscovery.AbstractJarFileDependencyLocator/]: Failed to load resource META-INF/jarjar/metadata.json from forge-1.20.1-47.3.7-universal.jar, it does not contain dependency information.
[25Feb2025 23:51:44.453] [main/DEBUG] [net.minecraftforge.fml.loading.moddiscovery.AbstractJarFileDependencyLocator/]: Failed to load resource META-INF/jarjar/metadata.json from eh1.3.1-1.20.1.jar, it does not contain dependency information.
[25Feb2025 23:51:44.453] [main/DEBUG] [net.minecraftforge.fml.loading.moddiscovery.AbstractJarFileDependencyLocator/]: Failed to load resource META-INF/jarjar/metadata.json from day_counter_v4.0_1.20.1_[FORGE].jar, it does not contain dependency information.
[25Feb2025 23:51:44.454] [main/DEBUG] [net.minecraftforge.fml.loading.moddiscovery.AbstractJarFileDependencyLocator/]: Failed to load resource META-INF/jarjar/metadata.json from ScalingHealth-1.20.1-8.0.2+9.jar, it does not contain dependency information.
[25Feb2025 23:51:44.454] [main/DEBUG] [net.minecraftforge.fml.loading.moddiscovery.AbstractJarFileDependencyLocator/]: Failed to load resource META-INF/jarjar/metadata.json from PlayerRevive_FORGE_v2.0.31_mc1.20.1.jar, it does not contain dependency information.
[25Feb2025 23:51:44.454] [main/DEBUG] [net.minecraftforge.fml.loading.moddiscovery.AbstractJarFileDependencyLocator/]: Failed to load resource META-INF/jarjar/metadata.json from mclanguage-1.20.1-47.3.7.jar, it does not contain dependency information.
[25Feb2025 23:51:44.454] [main/DEBUG] [net.minecraftforge.fml.loading.moddiscovery.AbstractJarFileDependencyLocator/]: Failed to load resource META-INF/jarjar/metadata.json from javafmllanguage-1.20.1-47.3.7.jar, it does not contain dependency information.
[25Feb2025 23:51:44.454] [main/DEBUG] [net.minecraftforge.fml.loading.moddiscovery.AbstractJarFileDependencyLocator/]: Failed to load resource META-INF/jarjar/metadata.json from fmlcore-1.20.1-47.3.7.jar, it does not contain dependency information.
[25Feb2025 23:51:44.454] [main/DEBUG] [net.minecraftforge.fml.loading.moddiscovery.AbstractJarFileDependencyLocator/]: Failed to load resource META-INF/jarjar/metadata.json from lowcodelanguage-1.20.1-47.3.7.jar, it does not contain dependency information.
[25Feb2025 23:51:44.529] [main/DEBUG] [net.minecraftforge.fml.loading.moddiscovery.ModFileParser/LOADING]: Considering mod file candidate 
[25Feb2025 23:51:44.531] [main/DEBUG] [net.minecraftforge.fml.loading.moddiscovery.ModFileInfo/LOADING]: Found valid mod file mixinextras-forge-0.3.5.jar with {mixinextras} mods - versions {0.3.5}
[25Feb2025 23:51:44.703] [main/DEBUG] [net.minecraftforge.fml.loading.moddiscovery.ModFileParser/LOADING]: Considering mod file candidate 
[25Feb2025 23:51:44.704] [main/DEBUG] [net.minecraftforge.fml.loading.moddiscovery.ModFileInfo/LOADING]: Found valid mod file mixinextras-forge-0.3.6.jar with {mixinextras} mods - versions {0.3.6}
[25Feb2025 23:51:44.711] [main/DEBUG] [net.minecraftforge.fml.loading.moddiscovery.ModFileParser/LOADING]: Considering mod file candidate 
[25Feb2025 23:51:44.712] [main/DEBUG] [net.minecraftforge.fml.loading.moddiscovery.ModFileInfo/LOADING]: Found valid mod file mixinextras-forge-0.4.1.jar with {mixinextras} mods - versions {0.4.1}
[25Feb2025 23:51:44.712] [main/DEBUG] [net.minecraftforge.fml.loading.moddiscovery.AbstractJarFileDependencyLocator/]: Failed to load resource META-INF/jarjar/metadata.json from mclib-20.jar, it does not contain dependency information.
[25Feb2025 23:51:44.719] [main/DEBUG] [net.minecraftforge.fml.loading.moddiscovery.AbstractJarFileDependencyLocator/]: Failed to load resource META-INF/jarjar/metadata.json from commons-math3-3.6.1.jar, it does not contain dependency information.
[25Feb2025 23:51:44.722] [main/DEBUG] [net.minecraftforge.fml.loading.moddiscovery.AbstractJarFileDependencyLocator/]: Failed to load resource META-INF/jarjar/metadata.json from luaj-core-3.0.8-figura.jar, it does not contain dependency information.
[25Feb2025 23:51:44.722] [main/DEBUG] [net.minecraftforge.fml.loading.moddiscovery.AbstractJarFileDependencyLocator/]: Failed to load resource META-INF/jarjar/metadata.json from luaj-jse-3.0.8-figura.jar, it does not contain dependency information.
[25Feb2025 23:51:44.723] [main/DEBUG] [net.minecraftforge.fml.loading.moddiscovery.AbstractJarFileDependencyLocator/]: Failed to load resource META-INF/jarjar/metadata.json from bcel-6.6.1.jar, it does not contain dependency information.
[25Feb2025 23:51:44.737] [main/DEBUG] [net.minecraftforge.fml.loading.moddiscovery.AbstractJarFileDependencyLocator/]: Failed to load resource META-INF/jarjar/metadata.json from MixinExtras-0.3.5.jar, it does not contain dependency information.
[25Feb2025 23:51:44.737] [main/DEBUG] [net.minecraftforge.fml.loading.moddiscovery.AbstractJarFileDependencyLocator/]: Failed to load resource META-INF/jarjar/metadata.json from MixinExtras-0.3.6.jar, it does not contain dependency information.
[25Feb2025 23:51:44.737] [main/DEBUG] [net.minecraftforge.fml.loading.moddiscovery.AbstractJarFileDependencyLocator/]: Failed to load resource META-INF/jarjar/metadata.json from MixinExtras-0.4.1.jar, it does not contain dependency information.
[25Feb2025 23:51:44.772] [main/DEBUG] [net.minecraftforge.fml.loading.moddiscovery.ModFileParser/LOADING]: Considering mod file candidate 
[25Feb2025 23:51:44.773] [main/DEBUG] [net.minecraftforge.fml.loading.moddiscovery.ModFileInfo/LOADING]: Found valid mod file mixinextras-forge-0.4.1.jar with {mixinextras} mods - versions {0.4.1}
[25Feb2025 23:51:44.856] [main/INFO] [net.minecraftforge.fml.loading.moddiscovery.JarInJarDependencyLocator/]: Found 7 dependencies adding them to mods collection
[25Feb2025 23:51:44.859] [main/DEBUG] [net.minecraftforge.fml.loading.moddiscovery.ModFileInfo/LOADING]: Found valid mod file server-1.20.1-20230612.114412-srg.jar with {minecraft} mods - versions {1.20.1}
[25Feb2025 23:51:44.865] [main/DEBUG] [net.minecraftforge.fml.loading.moddiscovery.ModFile/LOADING]: Loading mod file /workspaces/serveo/servidor_minecraft/libraries/net/minecraft/server/1.20.1-20230612.114412/server-1.20.1-20230612.114412-srg.jar with languages [LanguageSpec[languageName=minecraft, acceptedVersions=1]]
[25Feb2025 23:51:44.866] [main/DEBUG] [net.minecraftforge.fml.loading.moddiscovery.ModFileParser/LOADING]: Considering mod file candidate /workspaces/serveo/servidor_minecraft/mods/ftb-library-forge-2001.2.9.jar
[25Feb2025 23:51:44.867] [main/DEBUG] [net.minecraftforge.fml.loading.moddiscovery.ModFileInfo/LOADING]: Found valid mod file ftb-library-forge-2001.2.9.jar with {ftblibrary} mods - versions {2001.2.9}
[25Feb2025 23:51:44.867] [main/DEBUG] [net.minecraftforge.fml.loading.moddiscovery.ModFile/LOADING]: Loading mod file /workspaces/serveo/servidor_minecraft/mods/ftb-library-forge-2001.2.9.jar with languages [LanguageSpec[languageName=javafml, acceptedVersions=[47,)]]
[25Feb2025 23:51:44.868] [main/DEBUG] [net.minecraftforge.fml.loading.moddiscovery.ModFileParser/LOADING]: Considering mod file candidate /workspaces/serveo/servidor_minecraft/mods/silent-lib-1.20.1-8.0.0.jar
[25Feb2025 23:51:44.868] [main/DEBUG] [net.minecraftforge.fml.loading.moddiscovery.ModFileInfo/LOADING]: Found valid mod file silent-lib-1.20.1-8.0.0.jar with {silentlib} mods - versions {8.0.0}
[25Feb2025 23:51:44.868] [main/DEBUG] [net.minecraftforge.fml.loading.moddiscovery.ModFile/LOADING]: Loading mod file /workspaces/serveo/servidor_minecraft/mods/silent-lib-1.20.1-8.0.0.jar with languages [LanguageSpec[languageName=javafml, acceptedVersions=[46,)]]
[25Feb2025 23:51:44.869] [main/DEBUG] [net.minecraftforge.fml.loading.moddiscovery.ModFileParser/LOADING]: Considering mod file candidate /workspaces/serveo/servidor_minecraft/mods/geckolib-forge-1.20.1-4.7.jar
[25Feb2025 23:51:44.869] [main/DEBUG] [net.minecraftforge.fml.loading.moddiscovery.ModFileInfo/LOADING]: Found valid mod file geckolib-forge-1.20.1-4.7.jar with {geckolib} mods - versions {4.7}
[25Feb2025 23:51:44.869] [main/DEBUG] [net.minecraftforge.fml.loading.moddiscovery.ModFile/LOADING]: Loading mod file /workspaces/serveo/servidor_minecraft/mods/geckolib-forge-1.20.1-4.7.jar with languages [LanguageSpec[languageName=javafml, acceptedVersions=[47,)]]
[25Feb2025 23:51:44.869] [main/DEBUG] [net.minecraftforge.fml.loading.moddiscovery.ModFileParser/LOADING]: Considering mod file candidate /workspaces/serveo/servidor_minecraft/mods/CreativeCore_FORGE_v2.12.31_mc1.20.1.jar
[25Feb2025 23:51:44.870] [main/DEBUG] [net.minecraftforge.fml.loading.moddiscovery.ModFileInfo/LOADING]: Found valid mod file CreativeCore_FORGE_v2.12.31_mc1.20.1.jar with {creativecore} mods - versions {2.12.31}
[25Feb2025 23:51:44.870] [main/DEBUG] [net.minecraftforge.fml.loading.moddiscovery.ModFile/LOADING]: Loading mod file /workspaces/serveo/servidor_minecraft/mods/CreativeCore_FORGE_v2.12.31_mc1.20.1.jar with languages [LanguageSpec[languageName=javafml, acceptedVersions=[46,)]]
[25Feb2025 23:51:44.870] [main/DEBUG] [net.minecraftforge.fml.loading.moddiscovery.ModFileParser/LOADING]: Considering mod file candidate /workspaces/serveo/servidor_minecraft/mods/bunker-down 1-1-6 - 1-20-1.jar
[25Feb2025 23:51:44.871] [main/DEBUG] [net.minecraftforge.fml.loading.moddiscovery.ModFileInfo/LOADING]: Found valid mod file bunker-down 1-1-6 - 1-20-1.jar with {bunker_down} mods - versions {1.1.6}
[25Feb2025 23:51:44.871] [main/DEBUG] [net.minecraftforge.fml.loading.moddiscovery.ModFile/LOADING]: Loading mod file /workspaces/serveo/servidor_minecraft/mods/bunker-down 1-1-6 - 1-20-1.jar with languages [LanguageSpec[languageName=javafml, acceptedVersions=[47,)]]
[25Feb2025 23:51:44.871] [main/DEBUG] [net.minecraftforge.fml.loading.moddiscovery.ModFileParser/LOADING]: Considering mod file candidate /workspaces/serveo/servidor_minecraft/mods/eeeabsmobs-1.20.1-0.97-Fix.jar
[25Feb2025 23:51:44.872] [main/DEBUG] [net.minecraftforge.fml.loading.moddiscovery.ModFileInfo/LOADING]: Found valid mod file eeeabsmobs-1.20.1-0.97-Fix.jar with {eeeabsmobs} mods - versions {1.20.1-0.97}
[25Feb2025 23:51:44.872] [main/DEBUG] [net.minecraftforge.fml.loading.moddiscovery.ModFile/LOADING]: Loading mod file /workspaces/serveo/servidor_minecraft/mods/eeeabsmobs-1.20.1-0.97-Fix.jar with languages [LanguageSpec[languageName=javafml, acceptedVersions=[47,)]]
[25Feb2025 23:51:44.872] [main/DEBUG] [net.minecraftforge.fml.loading.moddiscovery.ModFileParser/LOADING]: Considering mod file candidate /workspaces/serveo/servidor_minecraft/mods/jei-1.20.1-forge-15.20.0.106.jar
[25Feb2025 23:51:44.873] [main/DEBUG] [net.minecraftforge.fml.loading.moddiscovery.ModFileInfo/LOADING]: Found valid mod file jei-1.20.1-forge-15.20.0.106.jar with {jei} mods - versions {15.20.0.106}
[25Feb2025 23:51:44.873] [main/DEBUG] [net.minecraftforge.fml.loading.moddiscovery.ModFile/LOADING]: Loading mod file /workspaces/serveo/servidor_minecraft/mods/jei-1.20.1-forge-15.20.0.106.jar with languages [LanguageSpec[languageName=javafml, acceptedVersions=[47,)]]
[25Feb2025 23:51:44.873] [main/DEBUG] [net.minecraftforge.fml.loading.moddiscovery.ModFileParser/LOADING]: Considering mod file candidate /workspaces/serveo/servidor_minecraft/mods/apocalypsenow-3.0.4-forge-1.20.1.jar
[25Feb2025 23:51:44.874] [main/DEBUG] [net.minecraftforge.fml.loading.moddiscovery.ModFileInfo/LOADING]: Found valid mod file apocalypsenow-3.0.4-forge-1.20.1.jar with {apocalypsenow} mods - versions {3.0.4}
[25Feb2025 23:51:44.874] [main/DEBUG] [net.minecraftforge.fml.loading.moddiscovery.ModFile/LOADING]: Loading mod file /workspaces/serveo/servidor_minecraft/mods/apocalypsenow-3.0.4-forge-1.20.1.jar with languages [LanguageSpec[languageName=javafml, acceptedVersions=[47,)]]
[25Feb2025 23:51:44.874] [main/DEBUG] [net.minecraftforge.fml.loading.moddiscovery.ModFileParser/LOADING]: Considering mod file candidate /workspaces/serveo/servidor_minecraft/mods/The_Graveyard_3.1_(FORGE)_for_1.20.1.jar
[25Feb2025 23:51:44.874] [main/DEBUG] [net.minecraftforge.fml.loading.moddiscovery.ModFileInfo/LOADING]: Found valid mod file The_Graveyard_3.1_(FORGE)_for_1.20.1.jar with {graveyard} mods - versions {3.1}
[25Feb2025 23:51:44.875] [main/DEBUG] [net.minecraftforge.fml.loading.moddiscovery.ModFile/LOADING]: Loading mod file /workspaces/serveo/servidor_minecraft/mods/The_Graveyard_3.1_(FORGE)_for_1.20.1.jar with languages [LanguageSpec[languageName=javafml, acceptedVersions=[37,)]]
[25Feb2025 23:51:44.875] [main/DEBUG] [net.minecraftforge.fml.loading.moddiscovery.ModFileParser/LOADING]: Considering mod file candidate /workspaces/serveo/servidor_minecraft/mods/tacz-1.20.1-1.1.4-hotfix-all.jar
[25Feb2025 23:51:44.876] [main/DEBUG] [net.minecraftforge.fml.loading.moddiscovery.ModFileInfo/LOADING]: Found valid mod file tacz-1.20.1-1.1.4-hotfix-all.jar with {tacz} mods - versions {1.1.4-hotfix}
[25Feb2025 23:51:44.876] [main/DEBUG] [net.minecraftforge.fml.loading.moddiscovery.ModFile/LOADING]: Loading mod file /workspaces/serveo/servidor_minecraft/mods/tacz-1.20.1-1.1.4-hotfix-all.jar with languages [LanguageSpec[languageName=javafml, acceptedVersions=[46,)]]
[25Feb2025 23:51:44.876] [main/DEBUG] [net.minecraftforge.fml.loading.moddiscovery.ModFileParser/LOADING]: Considering mod file candidate /workspaces/serveo/servidor_minecraft/mods/lionfishapi-2.4-Fix.jar
[25Feb2025 23:51:44.877] [main/DEBUG] [net.minecraftforge.fml.loading.moddiscovery.ModFileInfo/LOADING]: Found valid mod file lionfishapi-2.4-Fix.jar with {lionfishapi} mods - versions {2.4-Fix}
[25Feb2025 23:51:44.877] [main/DEBUG] [net.minecraftforge.fml.loading.moddiscovery.ModFile/LOADING]: Loading mod file /workspaces/serveo/servidor_minecraft/mods/lionfishapi-2.4-Fix.jar with languages [LanguageSpec[languageName=javafml, acceptedVersions=[47,)]]
[25Feb2025 23:51:44.877] [main/DEBUG] [net.minecraftforge.fml.loading.moddiscovery.ModFileParser/LOADING]: Considering mod file candidate /workspaces/serveo/servidor_minecraft/mods/Satako-7.0.32-1.20.1.jar
[25Feb2025 23:51:44.878] [main/DEBUG] [net.minecraftforge.fml.loading.moddiscovery.ModFileInfo/LOADING]: Found valid mod file Satako-7.0.32-1.20.1.jar with {satako} mods - versions {7.0.32-1.20.1}
[25Feb2025 23:51:44.878] [main/DEBUG] [net.minecraftforge.fml.loading.moddiscovery.ModFile/LOADING]: Loading mod file /workspaces/serveo/servidor_minecraft/mods/Satako-7.0.32-1.20.1.jar with languages [LanguageSpec[languageName=javafml, acceptedVersions=[41,)]]
[25Feb2025 23:51:44.878] [main/DEBUG] [net.minecraftforge.fml.loading.moddiscovery.ModFileParser/LOADING]: Considering mod file candidate /workspaces/serveo/servidor_minecraft/mods/curios-forge-5.11.1+1.20.1.jar
[25Feb2025 23:51:44.879] [main/DEBUG] [net.minecraftforge.fml.loading.moddiscovery.ModFileInfo/LOADING]: Found valid mod file curios-forge-5.11.1+1.20.1.jar with {curios} mods - versions {5.11.1+1.20.1}
[25Feb2025 23:51:44.879] [main/DEBUG] [net.minecraftforge.fml.loading.moddiscovery.ModFile/LOADING]: Loading mod file /workspaces/serveo/servidor_minecraft/mods/curios-forge-5.11.1+1.20.1.jar with languages [LanguageSpec[languageName=javafml, acceptedVersions=[41,)]]
[25Feb2025 23:51:44.879] [main/DEBUG] [net.minecraftforge.fml.loading.moddiscovery.ModFileParser/LOADING]: Considering mod file candidate /workspaces/serveo/servidor_minecraft/mods/InsaneLib-1.18.1-mc1.20.1.jar
[25Feb2025 23:51:44.880] [main/DEBUG] [net.minecraftforge.fml.loading.moddiscovery.ModFileInfo/LOADING]: Found valid mod file InsaneLib-1.18.1-mc1.20.1.jar with {insanelib} mods - versions {1.18.1}
[25Feb2025 23:51:44.880] [main/DEBUG] [net.minecraftforge.fml.loading.moddiscovery.ModFile/LOADING]: Loading mod file /workspaces/serveo/servidor_minecraft/mods/InsaneLib-1.18.1-mc1.20.1.jar with languages [LanguageSpec[languageName=javafml, acceptedVersions=[47,)]]
[25Feb2025 23:51:44.880] [main/DEBUG] [net.minecraftforge.fml.loading.moddiscovery.ModFileParser/LOADING]: Considering mod file candidate /workspaces/serveo/servidor_minecraft/mods/EnhancedVisuals_FORGE_v1.8.2_mc1.20.1.jar
[25Feb2025 23:51:44.881] [main/DEBUG] [net.minecraftforge.fml.loading.moddiscovery.ModFileInfo/LOADING]: Found valid mod file EnhancedVisuals_FORGE_v1.8.2_mc1.20.1.jar with {enhancedvisuals} mods - versions {1.8.2}
[25Feb2025 23:51:44.881] [main/DEBUG] [net.minecraftforge.fml.loading.moddiscovery.ModFile/LOADING]: Loading mod file /workspaces/serveo/servidor_minecraft/mods/EnhancedVisuals_FORGE_v1.8.2_mc1.20.1.jar with languages [LanguageSpec[languageName=javafml, acceptedVersions=[46,)]]
[25Feb2025 23:51:44.882] [main/DEBUG] [net.minecraftforge.fml.loading.moddiscovery.ModFileParser/LOADING]: Considering mod file candidate /workspaces/serveo/servidor_minecraft/mods/journeymap-1.20.1-5.10.3-forge (1).jar
[25Feb2025 23:51:44.883] [main/DEBUG] [net.minecraftforge.fml.loading.moddiscovery.ModFileInfo/LOADING]: Found valid mod file journeymap-1.20.1-5.10.3-forge (1).jar with {journeymap} mods - versions {5.10.3}
[25Feb2025 23:51:44.883] [main/DEBUG] [net.minecraftforge.fml.loading.moddiscovery.ModFile/LOADING]: Loading mod file /workspaces/serveo/servidor_minecraft/mods/journeymap-1.20.1-5.10.3-forge (1).jar with languages [LanguageSpec[languageName=javafml, acceptedVersions=[44,)]]
[25Feb2025 23:51:44.888] [main/DEBUG] [net.minecraftforge.fml.loading.moddiscovery.ModFileParser/LOADING]: Found coremod journeymap potion effect transformer with Javascript path potion-effects-shift.js
[25Feb2025 23:51:44.889] [main/DEBUG] [net.minecraftforge.fml.loading.moddiscovery.ModFile/LOADING]: Found coremod potion-effects-shift.js
[25Feb2025 23:51:44.889] [main/DEBUG] [net.minecraftforge.fml.loading.moddiscovery.ModFileParser/LOADING]: Considering mod file candidate /workspaces/serveo/servidor_minecraft/mods/[1.20.1] SecurityCraft v1.9.12.jar
[25Feb2025 23:51:44.890] [main/DEBUG] [net.minecraftforge.fml.loading.moddiscovery.ModFileInfo/LOADING]: Found valid mod file [1.20.1] SecurityCraft v1.9.12.jar with {securitycraft} mods - versions {1.9.12}
[25Feb2025 23:51:44.891] [main/DEBUG] [net.minecraftforge.fml.loading.moddiscovery.ModFile/LOADING]: Loading mod file /workspaces/serveo/servidor_minecraft/mods/[1.20.1] SecurityCraft v1.9.12.jar with languages [LanguageSpec[languageName=javafml, acceptedVersions=[46,)]]
[25Feb2025 23:51:44.891] [main/DEBUG] [net.minecraftforge.fml.loading.moddiscovery.ModFileParser/LOADING]: Considering mod file candidate /workspaces/serveo/servidor_minecraft/mods/horror_element_mod-1.6.0-forge-1.20.1.jar
[25Feb2025 23:51:44.892] [main/DEBUG] [net.minecraftforge.fml.loading.moddiscovery.ModFileInfo/LOADING]: Found valid mod file horror_element_mod-1.6.0-forge-1.20.1.jar with {horror_element_mod} mods - versions {1.6.0}
[25Feb2025 23:51:44.892] [main/DEBUG] [net.minecraftforge.fml.loading.moddiscovery.ModFile/LOADING]: Loading mod file /workspaces/serveo/servidor_minecraft/mods/horror_element_mod-1.6.0-forge-1.20.1.jar with languages [LanguageSpec[languageName=javafml, acceptedVersions=[47,)]]
[25Feb2025 23:51:44.893] [main/DEBUG] [net.minecraftforge.fml.loading.moddiscovery.ModFileParser/LOADING]: Considering mod file candidate /workspaces/serveo/servidor_minecraft/mods/legendarymonsters-1.6.2 MC 1.20.1.jar
[25Feb2025 23:51:44.893] [main/DEBUG] [net.minecraftforge.fml.loading.moddiscovery.ModFileInfo/LOADING]: Found valid mod file legendarymonsters-1.6.2 MC 1.20.1.jar with {legendary_monsters} mods - versions {1.20.1}
[25Feb2025 23:51:44.894] [main/DEBUG] [net.minecraftforge.fml.loading.moddiscovery.ModFile/LOADING]: Loading mod file /workspaces/serveo/servidor_minecraft/mods/legendarymonsters-1.6.2 MC 1.20.1.jar with languages [LanguageSpec[languageName=javafml, acceptedVersions=[47,)]]
[25Feb2025 23:51:44.894] [main/DEBUG] [net.minecraftforge.fml.loading.moddiscovery.ModFileParser/LOADING]: Considering mod file candidate /workspaces/serveo/servidor_minecraft/mods/ParCool-1.20.1-3.3.1.1.jar
[25Feb2025 23:51:44.894] [main/DEBUG] [net.minecraftforge.fml.loading.moddiscovery.ModFileInfo/LOADING]: Found valid mod file ParCool-1.20.1-3.3.1.1.jar with {parcool} mods - versions {3.3.1.1}
[25Feb2025 23:51:44.895] [main/DEBUG] [net.minecraftforge.fml.loading.moddiscovery.ModFile/LOADING]: Loading mod file /workspaces/serveo/servidor_minecraft/mods/ParCool-1.20.1-3.3.1.1.jar with languages [LanguageSpec[languageName=javafml, acceptedVersions=[43,)]]
[25Feb2025 23:51:44.895] [main/DEBUG] [net.minecraftforge.fml.loading.moddiscovery.ModFileParser/LOADING]: Considering mod file candidate /workspaces/serveo/servidor_minecraft/mods/lukis-grand-capitals-1.1.1.jar
[25Feb2025 23:51:44.895] [main/DEBUG] [net.minecraftforge.fml.loading.moddiscovery.ModFileInfo/LOADING]: Found valid mod file lukis-grand-capitals-1.1.1.jar with {mr_lukis_grandcapitals} mods - versions {1.1.1}
[25Feb2025 23:51:44.895] [main/DEBUG] [net.minecraftforge.fml.loading.moddiscovery.ModFile/LOADING]: Loading mod file /workspaces/serveo/servidor_minecraft/mods/lukis-grand-capitals-1.1.1.jar with languages [LanguageSpec[languageName=lowcodefml, acceptedVersions=[40,)]]
[25Feb2025 23:51:44.896] [main/DEBUG] [net.minecraftforge.fml.loading.moddiscovery.ModFileParser/LOADING]: Considering mod file candidate /workspaces/serveo/servidor_minecraft/mods/tombstone-1.20.1-8.9.0.jar
[25Feb2025 23:51:44.896] [main/DEBUG] [net.minecraftforge.fml.loading.moddiscovery.ModFileInfo/LOADING]: Found valid mod file tombstone-1.20.1-8.9.0.jar with {tombstone} mods - versions {8.9.0}
[25Feb2025 23:51:44.896] [main/DEBUG] [net.minecraftforge.fml.loading.moddiscovery.ModFile/LOADING]: Loading mod file /workspaces/serveo/servidor_minecraft/mods/tombstone-1.20.1-8.9.0.jar with languages [LanguageSpec[languageName=javafml, acceptedVersions=[46,)]]
[25Feb2025 23:51:44.897] [main/DEBUG] [net.minecraftforge.fml.loading.moddiscovery.ModFileParser/LOADING]: Considering mod file candidate /workspaces/serveo/servidor_minecraft/mods/Atlas Lib-1.20.1-1.1.12.jar
[25Feb2025 23:51:44.897] [main/DEBUG] [net.minecraftforge.fml.loading.moddiscovery.ModFileInfo/LOADING]: Found valid mod file Atlas Lib-1.20.1-1.1.12.jar with {atlaslib} mods - versions {1.1.12}
[25Feb2025 23:51:44.897] [main/DEBUG] [net.minecraftforge.fml.loading.moddiscovery.ModFile/LOADING]: Loading mod file /workspaces/serveo/servidor_minecraft/mods/Atlas Lib-1.20.1-1.1.12.jar with languages [LanguageSpec[languageName=javafml, acceptedVersions=[46,)]]
[25Feb2025 23:51:44.897] [main/DEBUG] [net.minecraftforge.fml.loading.moddiscovery.ModFileParser/LOADING]: Considering mod file candidate /workspaces/serveo/servidor_minecraft/mods/coroutil-forge-1.20.1-1.3.7.jar
[25Feb2025 23:51:44.898] [main/DEBUG] [net.minecraftforge.fml.loading.moddiscovery.ModFileInfo/LOADING]: Found valid mod file coroutil-forge-1.20.1-1.3.7.jar with {coroutil} mods - versions {1.20.1-1.3.7}
[25Feb2025 23:51:44.898] [main/DEBUG] [net.minecraftforge.fml.loading.moddiscovery.ModFile/LOADING]: Loading mod file /workspaces/serveo/servidor_minecraft/mods/coroutil-forge-1.20.1-1.3.7.jar with languages [LanguageSpec[languageName=javafml, acceptedVersions=[47,)]]
[25Feb2025 23:51:44.898] [main/DEBUG] [net.minecraftforge.fml.loading.moddiscovery.ModFileParser/LOADING]: Considering mod file candidate /workspaces/serveo/servidor_minecraft/mods/architectury-9.2.14-forge.jar
[25Feb2025 23:51:44.899] [main/DEBUG] [net.minecraftforge.fml.loading.moddiscovery.ModFileInfo/LOADING]: Found valid mod file architectury-9.2.14-forge.jar with {architectury} mods - versions {9.2.14}
[25Feb2025 23:51:44.899] [main/DEBUG] [net.minecraftforge.fml.loading.moddiscovery.ModFile/LOADING]: Loading mod file /workspaces/serveo/servidor_minecraft/mods/architectury-9.2.14-forge.jar with languages [LanguageSpec[languageName=javafml, acceptedVersions=[46,)]]
[25Feb2025 23:51:44.899] [main/DEBUG] [net.minecraftforge.fml.loading.moddiscovery.ModFileParser/LOADING]: Considering mod file candidate /workspaces/serveo/servidor_minecraft/mods/wegotrunnners-0.7.1.1.20.1[SPANISH TRANSLATION UPDATE].jar
[25Feb2025 23:51:44.899] [main/DEBUG] [net.minecraftforge.fml.loading.moddiscovery.ModFileInfo/LOADING]: Found valid mod file wegotrunnners-0.7.1.1.20.1[SPANISH TRANSLATION UPDATE].jar with {wegotrunnners} mods - versions {1.0.0}
[25Feb2025 23:51:44.900] [main/DEBUG] [net.minecraftforge.fml.loading.moddiscovery.ModFile/LOADING]: Loading mod file /workspaces/serveo/servidor_minecraft/mods/wegotrunnners-0.7.1.1.20.1[SPANISH TRANSLATION UPDATE].jar with languages [LanguageSpec[languageName=javafml, acceptedVersions=[47,)]]
[25Feb2025 23:51:44.900] [main/DEBUG] [net.minecraftforge.fml.loading.moddiscovery.ModFileParser/LOADING]: Considering mod file candidate /workspaces/serveo/servidor_minecraft/mods/The-Hordes-1.20.1-1.5.4.jar
[25Feb2025 23:51:44.900] [main/DEBUG] [net.minecraftforge.fml.loading.moddiscovery.ModFileInfo/LOADING]: Found valid mod file The-Hordes-1.20.1-1.5.4.jar with {hordes} mods - versions {1.5.4}
[25Feb2025 23:51:44.900] [main/DEBUG] [net.minecraftforge.fml.loading.moddiscovery.ModFile/LOADING]: Loading mod file /workspaces/serveo/servidor_minecraft/mods/The-Hordes-1.20.1-1.5.4.jar with languages [LanguageSpec[languageName=javafml, acceptedVersions=[34,)]]
[25Feb2025 23:51:44.901] [main/DEBUG] [net.minecraftforge.fml.loading.moddiscovery.ModFileParser/LOADING]: Considering mod file candidate /workspaces/serveo/servidor_minecraft/mods/K-Turrets-3.0.37-1.20.1.jar
[25Feb2025 23:51:44.902] [main/DEBUG] [net.minecraftforge.fml.loading.moddiscovery.ModFileInfo/LOADING]: Found valid mod file K-Turrets-3.0.37-1.20.1.jar with {k_turrets} mods - versions {3.0.37-1.20.1}
[25Feb2025 23:51:44.902] [main/DEBUG] [net.minecraftforge.fml.loading.moddiscovery.ModFile/LOADING]: Loading mod file /workspaces/serveo/servidor_minecraft/mods/K-Turrets-3.0.37-1.20.1.jar with languages [LanguageSpec[languageName=javafml, acceptedVersions=[46,)]]
[25Feb2025 23:51:44.902] [main/DEBUG] [net.minecraftforge.fml.loading.moddiscovery.ModFileParser/LOADING]: Considering mod file candidate /workspaces/serveo/servidor_minecraft/mods/Terralith_1.20.x_v2.5.4.jar
[25Feb2025 23:51:44.903] [main/DEBUG] [net.minecraftforge.fml.loading.moddiscovery.ModFileInfo/LOADING]: Found valid mod file Terralith_1.20.x_v2.5.4.jar with {terralith} mods - versions {2.5.4}
[25Feb2025 23:51:44.903] [main/DEBUG] [net.minecraftforge.fml.loading.moddiscovery.ModFile/LOADING]: Loading mod file /workspaces/serveo/servidor_minecraft/mods/Terralith_1.20.x_v2.5.4.jar with languages [LanguageSpec[languageName=lowcodefml, acceptedVersions=[1,)]]
[25Feb2025 23:51:44.903] [main/DEBUG] [net.minecraftforge.fml.loading.moddiscovery.ModFileParser/LOADING]: Considering mod file candidate /workspaces/serveo/servidor_minecraft/mods/faded_conquest_2-1.3.0-forge-1.20.1.jar
[25Feb2025 23:51:44.904] [main/DEBUG] [net.minecraftforge.fml.loading.moddiscovery.ModFileInfo/LOADING]: Found valid mod file faded_conquest_2-1.3.0-forge-1.20.1.jar with {faded_conquest_2} mods - versions {1.3.0}
[25Feb2025 23:51:44.904] [main/DEBUG] [net.minecraftforge.fml.loading.moddiscovery.ModFile/LOADING]: Loading mod file /workspaces/serveo/servidor_minecraft/mods/faded_conquest_2-1.3.0-forge-1.20.1.jar with languages [LanguageSpec[languageName=javafml, acceptedVersions=[47,)]]
[25Feb2025 23:51:44.905] [main/DEBUG] [net.minecraftforge.fml.loading.moddiscovery.ModFileParser/LOADING]: Considering mod file candidate /workspaces/serveo/servidor_minecraft/libraries/net/minecraftforge/forge/1.20.1-47.3.7/forge-1.20.1-47.3.7-universal.jar
[25Feb2025 23:51:44.905] [main/DEBUG] [net.minecraftforge.fml.loading.moddiscovery.ModFileInfo/LOADING]: Found valid mod file forge-1.20.1-47.3.7-universal.jar with {forge} mods - versions {47.3.7}
[25Feb2025 23:51:44.905] [main/DEBUG] [net.minecraftforge.fml.loading.moddiscovery.ModFile/LOADING]: Loading mod file /workspaces/serveo/servidor_minecraft/libraries/net/minecraftforge/forge/1.20.1-47.3.7/forge-1.20.1-47.3.7-universal.jar with languages [LanguageSpec[languageName=javafml, acceptedVersions=[24,]]]
[25Feb2025 23:51:44.906] [main/DEBUG] [net.minecraftforge.fml.loading.moddiscovery.ModFileParser/LOADING]: Found coremod field_to_method with Javascript path coremods/field_to_method.js
[25Feb2025 23:51:44.906] [main/DEBUG] [net.minecraftforge.fml.loading.moddiscovery.ModFileParser/LOADING]: Found coremod field_to_instanceof with Javascript path coremods/field_to_instanceof.js
[25Feb2025 23:51:44.906] [main/DEBUG] [net.minecraftforge.fml.loading.moddiscovery.ModFileParser/LOADING]: Found coremod add_bouncer_method with Javascript path coremods/add_bouncer_method.js
[25Feb2025 23:51:44.906] [main/DEBUG] [net.minecraftforge.fml.loading.moddiscovery.ModFileParser/LOADING]: Found coremod method_redirector with Javascript path coremods/method_redirector.js
[25Feb2025 23:51:44.906] [main/DEBUG] [net.minecraftforge.fml.loading.moddiscovery.ModFile/LOADING]: Found coremod coremods/field_to_method.js
[25Feb2025 23:51:44.906] [main/DEBUG] [net.minecraftforge.fml.loading.moddiscovery.ModFile/LOADING]: Found coremod coremods/field_to_instanceof.js
[25Feb2025 23:51:44.907] [main/DEBUG] [net.minecraftforge.fml.loading.moddiscovery.ModFile/LOADING]: Found coremod coremods/add_bouncer_method.js
[25Feb2025 23:51:44.907] [main/DEBUG] [net.minecraftforge.fml.loading.moddiscovery.ModFile/LOADING]: Found coremod coremods/method_redirector.js
[25Feb2025 23:51:44.907] [main/DEBUG] [net.minecraftforge.fml.loading.moddiscovery.ModFileParser/LOADING]: Considering mod file candidate /workspaces/serveo/servidor_minecraft/mods/day_counter_v4.0_1.20.1_[FORGE].jar
[25Feb2025 23:51:44.907] [main/DEBUG] [net.minecraftforge.fml.loading.moddiscovery.ModFileInfo/LOADING]: Found valid mod file day_counter_v4.0_1.20.1_[FORGE].jar with {ags_day_counter} mods - versions {4.0}
[25Feb2025 23:51:44.907] [main/DEBUG] [net.minecraftforge.fml.loading.moddiscovery.ModFile/LOADING]: Loading mod file /workspaces/serveo/servidor_minecraft/mods/day_counter_v4.0_1.20.1_[FORGE].jar with languages [LanguageSpec[languageName=javafml, acceptedVersions=[47,)]]
[25Feb2025 23:51:44.907] [main/DEBUG] [net.minecraftforge.fml.loading.moddiscovery.ModFileParser/LOADING]: Considering mod file candidate /workspaces/serveo/servidor_minecraft/mods/eh1.3.1-1.20.1.jar
[25Feb2025 23:51:44.908] [main/DEBUG] [net.minecraftforge.fml.loading.moddiscovery.ModFileInfo/LOADING]: Found valid mod file eh1.3.1-1.20.1.jar with {horde_hoard} mods - versions {1.1.0}
[25Feb2025 23:51:44.908] [main/DEBUG] [net.minecraftforge.fml.loading.moddiscovery.ModFile/LOADING]: Loading mod file /workspaces/serveo/servidor_minecraft/mods/eh1.3.1-1.20.1.jar with languages [LanguageSpec[languageName=javafml, acceptedVersions=[47,)]]
[25Feb2025 23:51:44.908] [main/DEBUG] [net.minecraftforge.fml.loading.moddiscovery.ModFileParser/LOADING]: Considering mod file candidate /workspaces/serveo/servidor_minecraft/mods/ScalingHealth-1.20.1-8.0.2+9.jar
[25Feb2025 23:51:44.909] [main/DEBUG] [net.minecraftforge.fml.loading.moddiscovery.ModFileInfo/LOADING]: Found valid mod file ScalingHealth-1.20.1-8.0.2+9.jar with {scalinghealth} mods - versions {8.0.2+9}
[25Feb2025 23:51:44.909] [main/DEBUG] [net.minecraftforge.fml.loading.moddiscovery.ModFile/LOADING]: Loading mod file /workspaces/serveo/servidor_minecraft/mods/ScalingHealth-1.20.1-8.0.2+9.jar with languages [LanguageSpec[languageName=javafml, acceptedVersions=[47,)]]
[25Feb2025 23:51:44.909] [main/DEBUG] [net.minecraftforge.fml.loading.moddiscovery.ModFileParser/LOADING]: Considering mod file candidate /workspaces/serveo/servidor_minecraft/mods/PlayerRevive_FORGE_v2.0.31_mc1.20.1.jar
[25Feb2025 23:51:44.910] [main/DEBUG] [net.minecraftforge.fml.loading.moddiscovery.ModFileInfo/LOADING]: Found valid mod file PlayerRevive_FORGE_v2.0.31_mc1.20.1.jar with {playerrevive} mods - versions {2.0.31}
[25Feb2025 23:51:44.910] [main/DEBUG] [net.minecraftforge.fml.loading.moddiscovery.ModFile/LOADING]: Loading mod file /workspaces/serveo/servidor_minecraft/mods/PlayerRevive_FORGE_v2.0.31_mc1.20.1.jar with languages [LanguageSpec[languageName=javafml, acceptedVersions=[46,)]]
[25Feb2025 23:51:44.910] [main/DEBUG] [net.minecraftforge.fml.loading.moddiscovery.ModFile/LOADING]: Loading mod file  with languages []
[25Feb2025 23:51:44.910] [main/DEBUG] [net.minecraftforge.fml.loading.moddiscovery.ModFile/LOADING]: Loading mod file  with languages []
[25Feb2025 23:51:44.910] [main/DEBUG] [net.minecraftforge.fml.loading.moddiscovery.ModFile/LOADING]: Loading mod file  with languages []
[25Feb2025 23:51:44.910] [main/DEBUG] [net.minecraftforge.fml.loading.moddiscovery.ModFile/LOADING]: Loading mod file  with languages []
[25Feb2025 23:51:44.910] [main/DEBUG] [net.minecraftforge.fml.loading.moddiscovery.ModFileParser/LOADING]: Considering mod file candidate 
[25Feb2025 23:51:44.911] [main/DEBUG] [net.minecraftforge.fml.loading.moddiscovery.ModFileInfo/LOADING]: Found valid mod file mixinextras-forge-0.4.1.jar with {mixinextras} mods - versions {0.4.1}
[25Feb2025 23:51:44.911] [main/DEBUG] [net.minecraftforge.fml.loading.moddiscovery.ModFile/LOADING]: Loading mod file  with languages [LanguageSpec[languageName=javafml, acceptedVersions=*]]
[25Feb2025 23:51:44.911] [main/DEBUG] [net.minecraftforge.fml.loading.moddiscovery.ModFile/LOADING]: Loading mod file  with languages []
[25Feb2025 23:51:44.911] [main/DEBUG] [net.minecraftforge.fml.loading.moddiscovery.ModFile/LOADING]: Loading mod file  with languages []
[25Feb2025 23:51:44.911] [main/DEBUG] [net.minecraftforge.fml.loading.moddiscovery.ModFile/LOADING]: Loading mod file  with languages []
[25Feb2025 23:51:44.911] [main/DEBUG] [net.minecraftforge.fml.loading.moddiscovery.ModFile/LOADING]: Loading mod file  with languages []
[25Feb2025 23:51:44.912] [main/DEBUG] [net.minecraftforge.fml.loading.moddiscovery.ModFile/LOADING]: Loading mod file  with languages []
[25Feb2025 23:51:44.912] [main/DEBUG] [net.minecraftforge.fml.loading.moddiscovery.ModFile/LOADING]: Loading mod file  with languages []
[25Feb2025 23:51:44.912] [main/DEBUG] [net.minecraftforge.fml.loading.moddiscovery.ModFileParser/LOADING]: Considering mod file candidate 
[25Feb2025 23:51:44.912] [main/DEBUG] [net.minecraftforge.fml.loading.moddiscovery.ModFileInfo/LOADING]: Found valid mod file mixinextras-forge-0.4.1.jar with {mixinextras} mods - versions {0.4.1}
[25Feb2025 23:51:44.912] [main/DEBUG] [net.minecraftforge.fml.loading.moddiscovery.ModFile/LOADING]: Loading mod file  with languages [LanguageSpec[languageName=javafml, acceptedVersions=*]]
[25Feb2025 23:51:44.913] [main/DEBUG] [net.minecraftforge.fml.loading.moddiscovery.ModFile/LOADING]: Loading mod file  with languages []
[25Feb2025 23:51:44.913] [main/DEBUG] [net.minecraftforge.fml.loading.moddiscovery.ModFile/LOADING]: Loading mod file  with languages []
[25Feb2025 23:51:44.914] [main/DEBUG] [cpw.mods.modlauncher.TransformationServiceDecorator/MODLAUNCHER]: End scan trigger - transformation service fml
[25Feb2025 23:51:44.924] [main/DEBUG] [net.minecraftforge.fml.loading.LanguageLoadingProvider/CORE]: Found 3 language providers
[25Feb2025 23:51:44.925] [main/DEBUG] [net.minecraftforge.fml.loading.LanguageLoadingProvider/CORE]: Found language provider minecraft, version 1.0
[25Feb2025 23:51:44.926] [main/DEBUG] [net.minecraftforge.fml.loading.LanguageLoadingProvider/CORE]: Found language provider lowcodefml, version 47
[25Feb2025 23:51:44.926] [main/DEBUG] [net.minecraftforge.fml.loading.LanguageLoadingProvider/CORE]: Found language provider javafml, version 47
[25Feb2025 23:51:44.930] [main/DEBUG] [net.minecraftforge.fml.loading.UniqueModListBuilder/]: Found 2 mods for first modid mclib, selecting most recent based on version data
[25Feb2025 23:51:44.931] [main/DEBUG] [net.minecraftforge.fml.loading.UniqueModListBuilder/]: Selected file mclib-20.jar for modid mclib with version 0.0NONE
[25Feb2025 23:51:44.931] [main/DEBUG] [net.minecraftforge.fml.loading.UniqueModListBuilder/]: Found 2 mods for first modid luaj.jse.figura, selecting most recent based on version data
[25Feb2025 23:51:44.931] [main/DEBUG] [net.minecraftforge.fml.loading.UniqueModListBuilder/]: Selected file luaj-jse-3.0.8-figura.jar for modid luaj.jse.figura with version 0.0NONE
[25Feb2025 23:51:44.931] [main/DEBUG] [net.minecraftforge.fml.loading.UniqueModListBuilder/]: Found 2 mods for first modid org.apache.bcel, selecting most recent based on version data
[25Feb2025 23:51:44.931] [main/DEBUG] [net.minecraftforge.fml.loading.UniqueModListBuilder/]: Selected file bcel-6.6.1.jar for modid org.apache.bcel with version 6.6.1
[25Feb2025 23:51:44.932] [main/DEBUG] [net.minecraftforge.fml.loading.UniqueModListBuilder/]: Found 2 mods for first modid luaj.core.figura, selecting most recent based on version data
[25Feb2025 23:51:44.932] [main/DEBUG] [net.minecraftforge.fml.loading.UniqueModListBuilder/]: Selected file luaj-core-3.0.8-figura.jar for modid luaj.core.figura with version 0.0NONE
[25Feb2025 23:51:44.932] [main/DEBUG] [net.minecraftforge.fml.loading.UniqueModListBuilder/]: Found 2 mods for first modid mixinextras, selecting most recent based on version data
[25Feb2025 23:51:44.932] [main/DEBUG] [net.minecraftforge.fml.loading.UniqueModListBuilder/]: Selected file mixinextras-forge-0.4.1.jar for modid mixinextras with version 0.4.1
[25Feb2025 23:51:44.932] [main/DEBUG] [net.minecraftforge.fml.loading.UniqueModListBuilder/]: Found 2 mods for first modid MixinExtras, selecting most recent based on version data
[25Feb2025 23:51:44.932] [main/DEBUG] [net.minecraftforge.fml.loading.UniqueModListBuilder/]: Selected file MixinExtras-0.4.1.jar for modid MixinExtras with version 0.0NONE
[25Feb2025 23:51:44.932] [main/DEBUG] [net.minecraftforge.fml.loading.UniqueModListBuilder/]: Found 2 mods for first modid commons.math3, selecting most recent based on version data
[25Feb2025 23:51:44.932] [main/DEBUG] [net.minecraftforge.fml.loading.UniqueModListBuilder/]: Selected file commons-math3-3.6.1.jar for modid commons.math3 with version 3.6.1
[25Feb2025 23:51:44.934] [main/DEBUG] [net.minecraftforge.fml.loading.ModSorter/]: Configured system mods: [minecraft, forge]
[25Feb2025 23:51:44.934] [main/DEBUG] [net.minecraftforge.fml.loading.ModSorter/]: Found system mod: minecraft
[25Feb2025 23:51:44.935] [main/DEBUG] [net.minecraftforge.fml.loading.ModSorter/]: Found system mod: forge
[25Feb2025 23:51:44.937] [main/DEBUG] [net.minecraftforge.fml.loading.ModSorter/LOADING]: Found 66 mod requirements (60 mandatory, 6 optional)
[25Feb2025 23:51:44.939] [main/DEBUG] [net.minecraftforge.fml.loading.ModSorter/LOADING]: Found 0 mod requirements missing (0 mandatory, 0 optional)
[25Feb2025 23:51:45.519] [main/DEBUG] [cpw.mods.modlauncher.TransformationServicesHandler/MODLAUNCHER]: Transformation services loading transformers
[25Feb2025 23:51:45.522] [main/DEBUG] [cpw.mods.modlauncher.TransformationServiceDecorator/MODLAUNCHER]: Initializing transformers for transformation service mixin
[25Feb2025 23:51:45.523] [main/DEBUG] [cpw.mods.modlauncher.TransformationServiceDecorator/MODLAUNCHER]: Initialized transformers for transformation service mixin
[25Feb2025 23:51:45.524] [main/DEBUG] [cpw.mods.modlauncher.TransformationServiceDecorator/MODLAUNCHER]: Initializing transformers for transformation service fml
[25Feb2025 23:51:45.524] [main/DEBUG] [net.minecraftforge.fml.loading.FMLServiceProvider/CORE]: Loading coremod transformers
[25Feb2025 23:51:45.524] [main/DEBUG] [net.minecraftforge.coremod.CoreModEngine/COREMOD]: Loading CoreMod from potion-effects-shift.js
[25Feb2025 23:51:45.826] [main/DEBUG] [net.minecraftforge.coremod.CoreModEngine/COREMOD]: CoreMod loaded successfully
[25Feb2025 23:51:45.826] [main/DEBUG] [net.minecraftforge.coremod.CoreModEngine/COREMOD]: Loading CoreMod from coremods/field_to_method.js
[25Feb2025 23:51:45.871] [main/DEBUG] [net.minecraftforge.coremod.CoreModEngine/COREMOD]: CoreMod loaded successfully
[25Feb2025 23:51:45.871] [main/DEBUG] [net.minecraftforge.coremod.CoreModEngine/COREMOD]: Loading CoreMod from coremods/field_to_instanceof.js
[25Feb2025 23:51:45.920] [main/DEBUG] [net.minecraftforge.coremod.CoreModEngine/COREMOD]: CoreMod loaded successfully
[25Feb2025 23:51:45.920] [main/DEBUG] [net.minecraftforge.coremod.CoreModEngine/COREMOD]: Loading CoreMod from coremods/add_bouncer_method.js
[25Feb2025 23:51:45.962] [main/DEBUG] [net.minecraftforge.coremod.CoreModEngine/COREMOD]: CoreMod loaded successfully
[25Feb2025 23:51:45.962] [main/DEBUG] [net.minecraftforge.coremod.CoreModEngine/COREMOD]: Loading CoreMod from coremods/method_redirector.js
[25Feb2025 23:51:46.057] [main/DEBUG] [net.minecraftforge.coremod.CoreModEngine/COREMOD]: CoreMod loaded successfully
[25Feb2025 23:51:46.071] [main/DEBUG] [cpw.mods.modlauncher.TransformStore/MODLAUNCHER]: Adding transformer net.minecraftforge.coremod.transformer.CoreModClassTransformer@7ce85af2 to Target : CLASS {Lnet/minecraft/world/level/biome/Biome;} {} {V}
[25Feb2025 23:51:46.072] [main/DEBUG] [cpw.mods.modlauncher.TransformStore/MODLAUNCHER]: Adding transformer net.minecraftforge.coremod.transformer.CoreModClassTransformer@717d7587 to Target : CLASS {Lnet/minecraft/world/level/levelgen/structure/Structure;} {} {V}
[25Feb2025 23:51:46.073] [main/DEBUG] [cpw.mods.modlauncher.TransformStore/MODLAUNCHER]: Adding transformer net.minecraftforge.coremod.transformer.CoreModClassTransformer@3e906375 to Target : CLASS {Lnet/minecraft/world/effect/MobEffectInstance;} {} {V}
[25Feb2025 23:51:46.073] [main/DEBUG] [cpw.mods.modlauncher.TransformStore/MODLAUNCHER]: Adding transformer net.minecraftforge.coremod.transformer.CoreModClassTransformer@40230eb9 to Target : CLASS {Lnet/minecraft/world/level/block/LiquidBlock;} {} {V}
[25Feb2025 23:51:46.073] [main/DEBUG] [cpw.mods.modlauncher.TransformStore/MODLAUNCHER]: Adding transformer net.minecraftforge.coremod.transformer.CoreModClassTransformer@5b7aa898 to Target : CLASS {Lnet/minecraft/world/item/BucketItem;} {} {V}
[25Feb2025 23:51:46.073] [main/DEBUG] [cpw.mods.modlauncher.TransformStore/MODLAUNCHER]: Adding transformer net.minecraftforge.coremod.transformer.CoreModClassTransformer@41b13f3d to Target : CLASS {Lnet/minecraft/world/level/block/StairBlock;} {} {V}
[25Feb2025 23:51:46.073] [main/DEBUG] [cpw.mods.modlauncher.TransformStore/MODLAUNCHER]: Adding transformer net.minecraftforge.coremod.transformer.CoreModClassTransformer@7c0777b5 to Target : CLASS {Lnet/minecraft/world/level/block/FlowerPotBlock;} {} {V}
[25Feb2025 23:51:46.074] [main/DEBUG] [cpw.mods.modlauncher.TransformStore/MODLAUNCHER]: Adding transformer net.minecraftforge.coremod.transformer.CoreModClassTransformer@2489e84a to Target : CLASS {Lnet/minecraft/world/item/ItemStack;} {} {V}
[25Feb2025 23:51:46.074] [main/DEBUG] [cpw.mods.modlauncher.TransformStore/MODLAUNCHER]: Adding transformer net.minecraftforge.coremod.transformer.CoreModClassTransformer@2a39aa2b to Target : CLASS {Lnet/minecraft/network/play/client/CClientSettingsPacket;} {} {V}
[25Feb2025 23:51:46.074] [main/DEBUG] [cpw.mods.modlauncher.TransformStore/MODLAUNCHER]: Adding transformer net.minecraftforge.coremod.transformer.CoreModClassTransformer@62b93086 to Target : CLASS {Lnet/minecraft/server/commands/RaidCommand;} {} {V}
[25Feb2025 23:51:46.074] [main/DEBUG] [cpw.mods.modlauncher.TransformStore/MODLAUNCHER]: Adding transformer net.minecraftforge.coremod.transformer.CoreModClassTransformer@62b93086 to Target : CLASS {Lnet/minecraft/world/level/NaturalSpawner;} {} {V}
[25Feb2025 23:51:46.075] [main/DEBUG] [cpw.mods.modlauncher.TransformStore/MODLAUNCHER]: Adding transformer net.minecraftforge.coremod.transformer.CoreModClassTransformer@62b93086 to Target : CLASS {Lnet/minecraft/world/entity/EntityType;} {} {V}
[25Feb2025 23:51:46.075] [main/DEBUG] [cpw.mods.modlauncher.TransformStore/MODLAUNCHER]: Adding transformer net.minecraftforge.coremod.transformer.CoreModClassTransformer@62b93086 to Target : CLASS {Lnet/minecraft/world/entity/raid/Raid;} {} {V}
[25Feb2025 23:51:46.075] [main/DEBUG] [cpw.mods.modlauncher.TransformStore/MODLAUNCHER]: Adding transformer net.minecraftforge.coremod.transformer.CoreModClassTransformer@62b93086 to Target : CLASS {Lnet/minecraft/world/entity/animal/horse/SkeletonTrapGoal;} {} {V}
[25Feb2025 23:51:46.075] [main/DEBUG] [cpw.mods.modlauncher.TransformStore/MODLAUNCHER]: Adding transformer net.minecraftforge.coremod.transformer.CoreModClassTransformer@62b93086 to Target : CLASS {Lnet/minecraft/world/level/levelgen/structure/structures/WoodlandMansionPieces$WoodlandMansionPiece;} {} {V}
[25Feb2025 23:51:46.076] [main/DEBUG] [cpw.mods.modlauncher.TransformStore/MODLAUNCHER]: Adding transformer net.minecraftforge.coremod.transformer.CoreModClassTransformer@62b93086 to Target : CLASS {Lnet/minecraft/world/entity/ai/village/VillageSiege;} {} {V}
[25Feb2025 23:51:46.076] [main/DEBUG] [cpw.mods.modlauncher.TransformStore/MODLAUNCHER]: Adding transformer net.minecraftforge.coremod.transformer.CoreModClassTransformer@62b93086 to Target : CLASS {Lnet/minecraft/world/entity/monster/Strider;} {} {V}
[25Feb2025 23:51:46.076] [main/DEBUG] [cpw.mods.modlauncher.TransformStore/MODLAUNCHER]: Adding transformer net.minecraftforge.coremod.transformer.CoreModClassTransformer@62b93086 to Target : CLASS {Lnet/minecraft/server/commands/SummonCommand;} {} {V}
[25Feb2025 23:51:46.077] [main/DEBUG] [cpw.mods.modlauncher.TransformStore/MODLAUNCHER]: Adding transformer net.minecraftforge.coremod.transformer.CoreModClassTransformer@62b93086 to Target : CLASS {Lnet/minecraft/world/entity/npc/CatSpawner;} {} {V}
[25Feb2025 23:51:46.077] [main/DEBUG] [cpw.mods.modlauncher.TransformStore/MODLAUNCHER]: Adding transformer net.minecraftforge.coremod.transformer.CoreModClassTransformer@62b93086 to Target : CLASS {Lnet/minecraft/world/entity/monster/Evoker$EvokerSummonSpellGoal;} {} {V}
[25Feb2025 23:51:46.077] [main/DEBUG] [cpw.mods.modlauncher.TransformStore/MODLAUNCHER]: Adding transformer net.minecraftforge.coremod.transformer.CoreModClassTransformer@62b93086 to Target : CLASS {Lnet/minecraft/world/entity/monster/Zombie;} {} {V}
[25Feb2025 23:51:46.077] [main/DEBUG] [cpw.mods.modlauncher.TransformStore/MODLAUNCHER]: Adding transformer net.minecraftforge.coremod.transformer.CoreModClassTransformer@62b93086 to Target : CLASS {Lnet/minecraft/world/level/levelgen/PhantomSpawner;} {} {V}
[25Feb2025 23:51:46.077] [main/DEBUG] [cpw.mods.modlauncher.TransformStore/MODLAUNCHER]: Adding transformer net.minecraftforge.coremod.transformer.CoreModClassTransformer@62b93086 to Target : CLASS {Lnet/minecraft/world/entity/monster/Spider;} {} {V}
[25Feb2025 23:51:46.077] [main/DEBUG] [cpw.mods.modlauncher.TransformStore/MODLAUNCHER]: Adding transformer net.minecraftforge.coremod.transformer.CoreModClassTransformer@62b93086 to Target : CLASS {Lnet/minecraft/world/level/levelgen/structure/structures/OceanRuinPieces$OceanRuinPiece;} {} {V}
[25Feb2025 23:51:46.078] [main/DEBUG] [cpw.mods.modlauncher.TransformStore/MODLAUNCHER]: Adding transformer net.minecraftforge.coremod.transformer.CoreModClassTransformer@62b93086 to Target : CLASS {Lnet/minecraft/world/level/levelgen/PatrolSpawner;} {} {V}
[25Feb2025 23:51:46.078] [main/DEBUG] [cpw.mods.modlauncher.TransformStore/MODLAUNCHER]: Adding transformer net.minecraftforge.coremod.transformer.CoreModClassTransformer@62b93086 to Target : CLASS {Lnet/minecraft/world/level/levelgen/structure/templatesystem/StructureTemplate;} {} {V}
[25Feb2025 23:51:46.078] [main/DEBUG] [cpw.mods.modlauncher.TransformStore/MODLAUNCHER]: Adding transformer net.minecraftforge.coremod.transformer.CoreModClassTransformer@62b93086 to Target : CLASS {Lnet/minecraft/world/entity/npc/Villager;} {} {V}
[25Feb2025 23:51:46.079] [main/DEBUG] [cpw.mods.modlauncher.TransformStore/MODLAUNCHER]: Adding transformer net.minecraftforge.coremod.transformer.CoreModClassTransformer@62b93086 to Target : CLASS {Lnet/minecraft/world/level/levelgen/structure/structures/SwampHutPiece;} {} {V}
[25Feb2025 23:51:46.079] [main/DEBUG] [cpw.mods.modlauncher.TransformStore/MODLAUNCHER]: Adding transformer net.minecraftforge.coremod.transformer.CoreModClassTransformer@62b93086 to Target : CLASS {Lnet/minecraft/world/entity/monster/ZombieVillager;} {} {V}
[25Feb2025 23:51:46.079] [main/DEBUG] [cpw.mods.modlauncher.TransformStore/MODLAUNCHER]: Adding transformer net.minecraftforge.coremod.transformer.CoreModClassTransformer@62b93086 to Target : CLASS {Lnet/minecraft/world/entity/animal/frog/Tadpole;} {} {V}
[25Feb2025 23:51:46.079] [main/DEBUG] [cpw.mods.modlauncher.TransformStore/MODLAUNCHER]: Adding transformer net.minecraftforge.coremod.transformer.CoreModClassTransformer@62b93086 to Target : CLASS {Lnet/minecraft/world/level/levelgen/structure/structures/OceanMonumentPieces$OceanMonumentPiece;} {} {V}
[25Feb2025 23:51:46.080] [main/DEBUG] [cpw.mods.modlauncher.TransformStore/MODLAUNCHER]: Adding transformer net.minecraftforge.coremod.transformer.CoreModMethodTransformer@4e642ee1 to Target : METHOD {Lnet/minecraft/client/gui/Gui;} {m_93028_} {(Lcom/mojang/blaze3d/vertex/PoseStack;)V}
[25Feb2025 23:51:46.080] [main/DEBUG] [cpw.mods.modlauncher.TransformationServiceDecorator/MODLAUNCHER]: Initialized transformers for transformation service fml
[25Feb2025 23:51:47.196] [main/DEBUG] [mixin/]: Processing prepare() for PlatformAgent[MixinPlatformAgentDefault:ModLauncher Root Container(ModLauncher:4f56a0a2)]
[25Feb2025 23:51:47.197] [main/DEBUG] [mixin/]: Processing launch tasks for PlatformAgent[MixinPlatformAgentDefault:ModLauncher Root Container(ModLauncher:4f56a0a2)]
[25Feb2025 23:51:47.197] [main/DEBUG] [mixin/]: Adding mixin platform agents for container SecureJarResource(minecraft)
[25Feb2025 23:51:47.197] [main/DEBUG] [mixin/]: Instancing new MixinPlatformAgentMinecraftForge for SecureJarResource(minecraft)
[25Feb2025 23:51:47.197] [main/DEBUG] [mixin/]: MixinPlatformAgentMinecraftForge rejected container SecureJarResource(minecraft)
[25Feb2025 23:51:47.197] [main/DEBUG] [mixin/]: Instancing new MixinPlatformAgentDefault for SecureJarResource(minecraft)
[25Feb2025 23:51:47.197] [main/DEBUG] [mixin/]: MixinPlatformAgentDefault accepted container SecureJarResource(minecraft)
[25Feb2025 23:51:47.199] [main/DEBUG] [mixin/]: Processing prepare() for PlatformAgent[MixinPlatformAgentDefault:SecureJarResource(minecraft)]
[25Feb2025 23:51:47.200] [main/DEBUG] [mixin/]: Adding mixin platform agents for container SecureJarResource(silentlib)
[25Feb2025 23:51:47.200] [main/DEBUG] [mixin/]: Instancing new MixinPlatformAgentMinecraftForge for SecureJarResource(silentlib)
[25Feb2025 23:51:47.200] [main/DEBUG] [mixin/]: MixinPlatformAgentMinecraftForge rejected container SecureJarResource(silentlib)
[25Feb2025 23:51:47.200] [main/DEBUG] [mixin/]: Instancing new MixinPlatformAgentDefault for SecureJarResource(silentlib)
[25Feb2025 23:51:47.200] [main/DEBUG] [mixin/]: MixinPlatformAgentDefault accepted container SecureJarResource(silentlib)
[25Feb2025 23:51:47.200] [main/DEBUG] [mixin/]: Processing prepare() for PlatformAgent[MixinPlatformAgentDefault:SecureJarResource(silentlib)]
[25Feb2025 23:51:47.200] [main/DEBUG] [mixin/]: Adding mixin platform agents for container SecureJarResource(geckolib)
[25Feb2025 23:51:47.200] [main/DEBUG] [mixin/]: Instancing new MixinPlatformAgentMinecraftForge for SecureJarResource(geckolib)
[25Feb2025 23:51:47.201] [main/DEBUG] [mixin/]: MixinPlatformAgentMinecraftForge rejected container SecureJarResource(geckolib)
[25Feb2025 23:51:47.201] [main/DEBUG] [mixin/]: Instancing new MixinPlatformAgentDefault for SecureJarResource(geckolib)
[25Feb2025 23:51:47.201] [main/DEBUG] [mixin/]: MixinPlatformAgentDefault accepted container SecureJarResource(geckolib)
[25Feb2025 23:51:47.201] [main/DEBUG] [mixin/]: Processing prepare() for PlatformAgent[MixinPlatformAgentDefault:SecureJarResource(geckolib)]
[25Feb2025 23:51:47.203] [main/DEBUG] [mixin/]: Registering mixin config: geckolib.mixins.json
[25Feb2025 23:51:47.232] [main/DEBUG] [mixin/]: Compatibility level JAVA_17 specified by geckolib.mixins.json is higher than the maximum level supported by this version of mixin (JAVA_13).
[25Feb2025 23:51:47.241] [main/INFO] [mixin/]: Compatibility level set to JAVA_17
[25Feb2025 23:51:47.242] [main/DEBUG] [mixin/]: Adding mixin platform agents for container SecureJarResource(creativecore)
[25Feb2025 23:51:47.242] [main/DEBUG] [mixin/]: Instancing new MixinPlatformAgentMinecraftForge for SecureJarResource(creativecore)
[25Feb2025 23:51:47.242] [main/DEBUG] [mixin/]: MixinPlatformAgentMinecraftForge rejected container SecureJarResource(creativecore)
[25Feb2025 23:51:47.242] [main/DEBUG] [mixin/]: Instancing new MixinPlatformAgentDefault for SecureJarResource(creativecore)
[25Feb2025 23:51:47.242] [main/DEBUG] [mixin/]: MixinPlatformAgentDefault accepted container SecureJarResource(creativecore)
[25Feb2025 23:51:47.243] [main/DEBUG] [mixin/]: Processing prepare() for PlatformAgent[MixinPlatformAgentDefault:SecureJarResource(creativecore)]
[25Feb2025 23:51:47.243] [main/DEBUG] [mixin/]: Registering mixin config: creativecore.mixins.json
[25Feb2025 23:51:47.248] [main/DEBUG] [mixin/]: Registering mixin config: creativecore.forge.mixins.json
[25Feb2025 23:51:47.252] [main/DEBUG] [mixin/]: Adding mixin platform agents for container SecureJarResource(bunker_down)
[25Feb2025 23:51:47.252] [main/DEBUG] [mixin/]: Instancing new MixinPlatformAgentMinecraftForge for SecureJarResource(bunker_down)
[25Feb2025 23:51:47.252] [main/DEBUG] [mixin/]: MixinPlatformAgentMinecraftForge rejected container SecureJarResource(bunker_down)
[25Feb2025 23:51:47.252] [main/DEBUG] [mixin/]: Instancing new MixinPlatformAgentDefault for SecureJarResource(bunker_down)
[25Feb2025 23:51:47.253] [main/DEBUG] [mixin/]: MixinPlatformAgentDefault accepted container SecureJarResource(bunker_down)
[25Feb2025 23:51:47.253] [main/DEBUG] [mixin/]: Processing prepare() for PlatformAgent[MixinPlatformAgentDefault:SecureJarResource(bunker_down)]
[25Feb2025 23:51:47.253] [main/DEBUG] [mixin/]: Adding mixin platform agents for container SecureJarResource(jei)
[25Feb2025 23:51:47.253] [main/DEBUG] [mixin/]: Instancing new MixinPlatformAgentMinecraftForge for SecureJarResource(jei)
[25Feb2025 23:51:47.253] [main/DEBUG] [mixin/]: MixinPlatformAgentMinecraftForge rejected container SecureJarResource(jei)
[25Feb2025 23:51:47.253] [main/DEBUG] [mixin/]: Instancing new MixinPlatformAgentDefault for SecureJarResource(jei)
[25Feb2025 23:51:47.253] [main/DEBUG] [mixin/]: MixinPlatformAgentDefault accepted container SecureJarResource(jei)
[25Feb2025 23:51:47.254] [main/DEBUG] [mixin/]: Processing prepare() for PlatformAgent[MixinPlatformAgentDefault:SecureJarResource(jei)]
[25Feb2025 23:51:47.254] [main/DEBUG] [mixin/]: Adding mixin platform agents for container SecureJarResource(eeeabsmobs)
[25Feb2025 23:51:47.254] [main/DEBUG] [mixin/]: Instancing new MixinPlatformAgentMinecraftForge for SecureJarResource(eeeabsmobs)
[25Feb2025 23:51:47.254] [main/DEBUG] [mixin/]: MixinPlatformAgentMinecraftForge rejected container SecureJarResource(eeeabsmobs)
[25Feb2025 23:51:47.254] [main/DEBUG] [mixin/]: Instancing new MixinPlatformAgentDefault for SecureJarResource(eeeabsmobs)
[25Feb2025 23:51:47.254] [main/DEBUG] [mixin/]: MixinPlatformAgentDefault accepted container SecureJarResource(eeeabsmobs)
[25Feb2025 23:51:47.254] [main/DEBUG] [mixin/]: Processing prepare() for PlatformAgent[MixinPlatformAgentDefault:SecureJarResource(eeeabsmobs)]
[25Feb2025 23:51:47.254] [main/DEBUG] [mixin/]: Registering mixin config: eeeabsmobs.mixins.json
[25Feb2025 23:51:47.261] [main/DEBUG] [mixin/]: Adding mixin platform agents for container SecureJarResource(apocalypsenow)
[25Feb2025 23:51:47.262] [main/DEBUG] [mixin/]: Instancing new MixinPlatformAgentMinecraftForge for SecureJarResource(apocalypsenow)
[25Feb2025 23:51:47.262] [main/DEBUG] [mixin/]: MixinPlatformAgentMinecraftForge rejected container SecureJarResource(apocalypsenow)
[25Feb2025 23:51:47.262] [main/DEBUG] [mixin/]: Instancing new MixinPlatformAgentDefault for SecureJarResource(apocalypsenow)
[25Feb2025 23:51:47.262] [main/DEBUG] [mixin/]: MixinPlatformAgentDefault accepted container SecureJarResource(apocalypsenow)
[25Feb2025 23:51:47.262] [main/DEBUG] [mixin/]: Processing prepare() for PlatformAgent[MixinPlatformAgentDefault:SecureJarResource(apocalypsenow)]
[25Feb2025 23:51:47.262] [main/DEBUG] [mixin/]: Adding mixin platform agents for container SecureJarResource(graveyard)
[25Feb2025 23:51:47.263] [main/DEBUG] [mixin/]: Instancing new MixinPlatformAgentMinecraftForge for SecureJarResource(graveyard)
[25Feb2025 23:51:47.263] [main/DEBUG] [mixin/]: MixinPlatformAgentMinecraftForge rejected container SecureJarResource(graveyard)
[25Feb2025 23:51:47.263] [main/DEBUG] [mixin/]: Instancing new MixinPlatformAgentDefault for SecureJarResource(graveyard)
[25Feb2025 23:51:47.264] [main/DEBUG] [mixin/]: MixinPlatformAgentDefault accepted container SecureJarResource(graveyard)
[25Feb2025 23:51:47.264] [main/DEBUG] [mixin/]: Processing prepare() for PlatformAgent[MixinPlatformAgentDefault:SecureJarResource(graveyard)]
[25Feb2025 23:51:47.264] [main/DEBUG] [mixin/]: Registering mixin config: graveyard-common.mixins.json
[25Feb2025 23:51:47.268] [main/DEBUG] [mixin/]: Registering mixin config: graveyard-forge.mixins.json
[25Feb2025 23:51:47.272] [main/DEBUG] [mixin/]: Adding mixin platform agents for container SecureJarResource(tacz)
[25Feb2025 23:51:47.272] [main/DEBUG] [mixin/]: Instancing new MixinPlatformAgentMinecraftForge for SecureJarResource(tacz)
[25Feb2025 23:51:47.272] [main/DEBUG] [mixin/]: MixinPlatformAgentMinecraftForge rejected container SecureJarResource(tacz)
[25Feb2025 23:51:47.273] [main/DEBUG] [mixin/]: Instancing new MixinPlatformAgentDefault for SecureJarResource(tacz)
[25Feb2025 23:51:47.273] [main/DEBUG] [mixin/]: MixinPlatformAgentDefault accepted container SecureJarResource(tacz)
[25Feb2025 23:51:47.273] [main/DEBUG] [mixin/]: Processing prepare() for PlatformAgent[MixinPlatformAgentDefault:SecureJarResource(tacz)]
[25Feb2025 23:51:47.273] [main/DEBUG] [mixin/]: Registering mixin config: tacz.mixins.json
[25Feb2025 23:51:47.275] [main/DEBUG] [mixin/]: Adding mixin platform agents for container SecureJarResource(lionfishapi)
[25Feb2025 23:51:47.275] [main/DEBUG] [mixin/]: Instancing new MixinPlatformAgentMinecraftForge for SecureJarResource(lionfishapi)
[25Feb2025 23:51:47.275] [main/DEBUG] [mixin/]: MixinPlatformAgentMinecraftForge rejected container SecureJarResource(lionfishapi)
[25Feb2025 23:51:47.275] [main/DEBUG] [mixin/]: Instancing new MixinPlatformAgentDefault for SecureJarResource(lionfishapi)
[25Feb2025 23:51:47.275] [main/DEBUG] [mixin/]: MixinPlatformAgentDefault accepted container SecureJarResource(lionfishapi)
[25Feb2025 23:51:47.275] [main/DEBUG] [mixin/]: Processing prepare() for PlatformAgent[MixinPlatformAgentDefault:SecureJarResource(lionfishapi)]
[25Feb2025 23:51:47.275] [main/DEBUG] [mixin/]: Registering mixin config: lionfishapi.mixins.json
[25Feb2025 23:51:47.277] [main/DEBUG] [mixin/]: Adding mixin platform agents for container SecureJarResource(satako)
[25Feb2025 23:51:47.277] [main/DEBUG] [mixin/]: Instancing new MixinPlatformAgentMinecraftForge for SecureJarResource(satako)
[25Feb2025 23:51:47.277] [main/DEBUG] [mixin/]: MixinPlatformAgentMinecraftForge rejected container SecureJarResource(satako)
[25Feb2025 23:51:47.277] [main/DEBUG] [mixin/]: Instancing new MixinPlatformAgentDefault for SecureJarResource(satako)
[25Feb2025 23:51:47.277] [main/DEBUG] [mixin/]: MixinPlatformAgentDefault accepted container SecureJarResource(satako)
[25Feb2025 23:51:47.278] [main/DEBUG] [mixin/]: Processing prepare() for PlatformAgent[MixinPlatformAgentDefault:SecureJarResource(satako)]
[25Feb2025 23:51:47.278] [main/DEBUG] [mixin/]: Adding mixin platform agents for container SecureJarResource(insanelib)
[25Feb2025 23:51:47.278] [main/DEBUG] [mixin/]: Instancing new MixinPlatformAgentMinecraftForge for SecureJarResource(insanelib)
[25Feb2025 23:51:47.278] [main/DEBUG] [mixin/]: MixinPlatformAgentMinecraftForge rejected container SecureJarResource(insanelib)
[25Feb2025 23:51:47.278] [main/DEBUG] [mixin/]: Instancing new MixinPlatformAgentDefault for SecureJarResource(insanelib)
[25Feb2025 23:51:47.278] [main/DEBUG] [mixin/]: MixinPlatformAgentDefault accepted container SecureJarResource(insanelib)
[25Feb2025 23:51:47.278] [main/DEBUG] [mixin/]: Processing prepare() for PlatformAgent[MixinPlatformAgentDefault:SecureJarResource(insanelib)]
[25Feb2025 23:51:47.279] [main/DEBUG] [mixin/]: Registering mixin config: insanelib.mixins.json
[25Feb2025 23:51:47.282] [main/DEBUG] [mixin/]: Compatibility level JAVA_8 specified by insanelib.mixins.json is lower than the default level supported by the current mixin service (JAVA_16).
[25Feb2025 23:51:47.282] [main/DEBUG] [mixin/]: Adding mixin platform agents for container SecureJarResource(curios)
[25Feb2025 23:51:47.282] [main/DEBUG] [mixin/]: Instancing new MixinPlatformAgentMinecraftForge for SecureJarResource(curios)
[25Feb2025 23:51:47.283] [main/DEBUG] [mixin/]: MixinPlatformAgentMinecraftForge rejected container SecureJarResource(curios)
[25Feb2025 23:51:47.283] [main/DEBUG] [mixin/]: Instancing new MixinPlatformAgentDefault for SecureJarResource(curios)
[25Feb2025 23:51:47.283] [main/DEBUG] [mixin/]: MixinPlatformAgentDefault accepted container SecureJarResource(curios)
[25Feb2025 23:51:47.283] [main/DEBUG] [mixin/]: Processing prepare() for PlatformAgent[MixinPlatformAgentDefault:SecureJarResource(curios)]
[25Feb2025 23:51:47.283] [main/DEBUG] [mixin/]: Registering mixin config: curios.mixins.json
[25Feb2025 23:51:47.285] [main/DEBUG] [mixin/]: Adding mixin platform agents for container SecureJarResource(journeymap)
[25Feb2025 23:51:47.285] [main/DEBUG] [mixin/]: Instancing new MixinPlatformAgentMinecraftForge for SecureJarResource(journeymap)
[25Feb2025 23:51:47.285] [main/DEBUG] [mixin/]: MixinPlatformAgentMinecraftForge rejected container SecureJarResource(journeymap)
[25Feb2025 23:51:47.285] [main/DEBUG] [mixin/]: Instancing new MixinPlatformAgentDefault for SecureJarResource(journeymap)
[25Feb2025 23:51:47.286] [main/DEBUG] [mixin/]: MixinPlatformAgentDefault accepted container SecureJarResource(journeymap)
[25Feb2025 23:51:47.286] [main/DEBUG] [mixin/]: Processing prepare() for PlatformAgent[MixinPlatformAgentDefault:SecureJarResource(journeymap)]
[25Feb2025 23:51:47.286] [main/DEBUG] [mixin/]: Registering mixin config: journeymap.mixins.json
[25Feb2025 23:51:47.292] [main/DEBUG] [mixin/]: Adding mixin platform agents for container SecureJarResource(enhancedvisuals)
[25Feb2025 23:51:47.292] [main/DEBUG] [mixin/]: Instancing new MixinPlatformAgentMinecraftForge for SecureJarResource(enhancedvisuals)
[25Feb2025 23:51:47.293] [main/DEBUG] [mixin/]: MixinPlatformAgentMinecraftForge rejected container SecureJarResource(enhancedvisuals)
[25Feb2025 23:51:47.293] [main/DEBUG] [mixin/]: Instancing new MixinPlatformAgentDefault for SecureJarResource(enhancedvisuals)
[25Feb2025 23:51:47.293] [main/DEBUG] [mixin/]: MixinPlatformAgentDefault accepted container SecureJarResource(enhancedvisuals)
[25Feb2025 23:51:47.293] [main/DEBUG] [mixin/]: Processing prepare() for PlatformAgent[MixinPlatformAgentDefault:SecureJarResource(enhancedvisuals)]
[25Feb2025 23:51:47.293] [main/DEBUG] [mixin/]: Registering mixin config: enhancedvisuals.mixins.json
[25Feb2025 23:51:47.295] [main/DEBUG] [mixin/]: Adding mixin platform agents for container SecureJarResource(securitycraft)
[25Feb2025 23:51:47.296] [main/DEBUG] [mixin/]: Instancing new MixinPlatformAgentMinecraftForge for SecureJarResource(securitycraft)
[25Feb2025 23:51:47.296] [main/DEBUG] [mixin/]: MixinPlatformAgentMinecraftForge rejected container SecureJarResource(securitycraft)
[25Feb2025 23:51:47.296] [main/DEBUG] [mixin/]: Instancing new MixinPlatformAgentDefault for SecureJarResource(securitycraft)
[25Feb2025 23:51:47.296] [main/DEBUG] [mixin/]: MixinPlatformAgentDefault accepted container SecureJarResource(securitycraft)
[25Feb2025 23:51:47.296] [main/DEBUG] [mixin/]: Processing prepare() for PlatformAgent[MixinPlatformAgentDefault:SecureJarResource(securitycraft)]
[25Feb2025 23:51:47.296] [main/DEBUG] [mixin/]: Registering mixin config: securitycraft.mixins.json
[25Feb2025 23:51:47.298] [main/DEBUG] [mixin/]: Adding mixin platform agents for container SecureJarResource(parcool)
[25Feb2025 23:51:47.298] [main/DEBUG] [mixin/]: Instancing new MixinPlatformAgentMinecraftForge for SecureJarResource(parcool)
[25Feb2025 23:51:47.298] [main/DEBUG] [mixin/]: MixinPlatformAgentMinecraftForge rejected container SecureJarResource(parcool)
[25Feb2025 23:51:47.298] [main/DEBUG] [mixin/]: Instancing new MixinPlatformAgentDefault for SecureJarResource(parcool)
[25Feb2025 23:51:47.298] [main/DEBUG] [mixin/]: MixinPlatformAgentDefault accepted container SecureJarResource(parcool)
[25Feb2025 23:51:47.298] [main/DEBUG] [mixin/]: Processing prepare() for PlatformAgent[MixinPlatformAgentDefault:SecureJarResource(parcool)]
[25Feb2025 23:51:47.298] [main/DEBUG] [mixin/]: Registering mixin config: parcool.mixins.json
[25Feb2025 23:51:47.300] [main/DEBUG] [mixin/]: Compatibility level JAVA_8 specified by parcool.mixins.json is lower than the default level supported by the current mixin service (JAVA_16).
[25Feb2025 23:51:47.300] [main/DEBUG] [mixin/]: Adding mixin platform agents for container SecureJarResource(legendary_monsters)
[25Feb2025 23:51:47.300] [main/DEBUG] [mixin/]: Instancing new MixinPlatformAgentMinecraftForge for SecureJarResource(legendary_monsters)
[25Feb2025 23:51:47.300] [main/DEBUG] [mixin/]: MixinPlatformAgentMinecraftForge rejected container SecureJarResource(legendary_monsters)
[25Feb2025 23:51:47.301] [main/DEBUG] [mixin/]: Instancing new MixinPlatformAgentDefault for SecureJarResource(legendary_monsters)
[25Feb2025 23:51:47.301] [main/DEBUG] [mixin/]: MixinPlatformAgentDefault accepted container SecureJarResource(legendary_monsters)
[25Feb2025 23:51:47.301] [main/DEBUG] [mixin/]: Processing prepare() for PlatformAgent[MixinPlatformAgentDefault:SecureJarResource(legendary_monsters)]
[25Feb2025 23:51:47.301] [main/DEBUG] [mixin/]: Registering mixin config: legendary_monsters.mixins.json
[25Feb2025 23:51:47.302] [main/DEBUG] [mixin/]: Adding mixin platform agents for container SecureJarResource(horror_element_mod)
[25Feb2025 23:51:47.303] [main/DEBUG] [mixin/]: Instancing new MixinPlatformAgentMinecraftForge for SecureJarResource(horror_element_mod)
[25Feb2025 23:51:47.303] [main/DEBUG] [mixin/]: MixinPlatformAgentMinecraftForge rejected container SecureJarResource(horror_element_mod)
[25Feb2025 23:51:47.303] [main/DEBUG] [mixin/]: Instancing new MixinPlatformAgentDefault for SecureJarResource(horror_element_mod)
[25Feb2025 23:51:47.303] [main/DEBUG] [mixin/]: MixinPlatformAgentDefault accepted container SecureJarResource(horror_element_mod)
[25Feb2025 23:51:47.303] [main/DEBUG] [mixin/]: Processing prepare() for PlatformAgent[MixinPlatformAgentDefault:SecureJarResource(horror_element_mod)]
[25Feb2025 23:51:47.303] [main/DEBUG] [mixin/]: Adding mixin platform agents for container SecureJarResource(mixinextras)
[25Feb2025 23:51:47.303] [main/DEBUG] [mixin/]: Instancing new MixinPlatformAgentMinecraftForge for SecureJarResource(mixinextras)
[25Feb2025 23:51:47.303] [main/DEBUG] [mixin/]: MixinPlatformAgentMinecraftForge rejected container SecureJarResource(mixinextras)
[25Feb2025 23:51:47.304] [main/DEBUG] [mixin/]: Instancing new MixinPlatformAgentDefault for SecureJarResource(mixinextras)
[25Feb2025 23:51:47.304] [main/DEBUG] [mixin/]: MixinPlatformAgentDefault accepted container SecureJarResource(mixinextras)
[25Feb2025 23:51:47.304] [main/DEBUG] [mixin/]: Processing prepare() for PlatformAgent[MixinPlatformAgentDefault:SecureJarResource(mixinextras)]
[25Feb2025 23:51:47.311] [main/DEBUG] [mixin/]: Registering mixin config: mixinextras.init.mixins.json
[25Feb2025 23:51:47.313] [main/DEBUG] [mixin/]: Adding mixin platform agents for container SecureJarResource(tombstone)
[25Feb2025 23:51:47.313] [main/DEBUG] [mixin/]: Instancing new MixinPlatformAgentMinecraftForge for SecureJarResource(tombstone)
[25Feb2025 23:51:47.314] [main/DEBUG] [mixin/]: MixinPlatformAgentMinecraftForge rejected container SecureJarResource(tombstone)
[25Feb2025 23:51:47.314] [main/DEBUG] [mixin/]: Instancing new MixinPlatformAgentDefault for SecureJarResource(tombstone)
[25Feb2025 23:51:47.314] [main/DEBUG] [mixin/]: MixinPlatformAgentDefault accepted container SecureJarResource(tombstone)
[25Feb2025 23:51:47.314] [main/DEBUG] [mixin/]: Processing prepare() for PlatformAgent[MixinPlatformAgentDefault:SecureJarResource(tombstone)]
[25Feb2025 23:51:47.314] [main/DEBUG] [mixin/]: Registering mixin config: tombstone.mixins.json
[25Feb2025 23:51:47.316] [main/DEBUG] [mixin/]: Adding mixin platform agents for container SecureJarResource(mr_lukis_grandcapitals)
[25Feb2025 23:51:47.316] [main/DEBUG] [mixin/]: Instancing new MixinPlatformAgentMinecraftForge for SecureJarResource(mr_lukis_grandcapitals)
[25Feb2025 23:51:47.316] [main/DEBUG] [mixin/]: MixinPlatformAgentMinecraftForge rejected container SecureJarResource(mr_lukis_grandcapitals)
[25Feb2025 23:51:47.316] [main/DEBUG] [mixin/]: Instancing new MixinPlatformAgentDefault for SecureJarResource(mr_lukis_grandcapitals)
[25Feb2025 23:51:47.316] [main/DEBUG] [mixin/]: MixinPlatformAgentDefault accepted container SecureJarResource(mr_lukis_grandcapitals)
[25Feb2025 23:51:47.316] [main/DEBUG] [mixin/]: Processing prepare() for PlatformAgent[MixinPlatformAgentDefault:SecureJarResource(mr_lukis_grandcapitals)]
[25Feb2025 23:51:47.316] [main/DEBUG] [mixin/]: Adding mixin platform agents for container SecureJarResource(atlaslib)
[25Feb2025 23:51:47.317] [main/DEBUG] [mixin/]: Instancing new MixinPlatformAgentMinecraftForge for SecureJarResource(atlaslib)
[25Feb2025 23:51:47.317] [main/DEBUG] [mixin/]: MixinPlatformAgentMinecraftForge rejected container SecureJarResource(atlaslib)
[25Feb2025 23:51:47.318] [main/DEBUG] [mixin/]: Instancing new MixinPlatformAgentDefault for SecureJarResource(atlaslib)
[25Feb2025 23:51:47.318] [main/DEBUG] [mixin/]: MixinPlatformAgentDefault accepted container SecureJarResource(atlaslib)
[25Feb2025 23:51:47.318] [main/DEBUG] [mixin/]: Processing prepare() for PlatformAgent[MixinPlatformAgentDefault:SecureJarResource(atlaslib)]
[25Feb2025 23:51:47.318] [main/DEBUG] [mixin/]: Adding mixin platform agents for container SecureJarResource(coroutil)
[25Feb2025 23:51:47.318] [main/DEBUG] [mixin/]: Instancing new MixinPlatformAgentMinecraftForge for SecureJarResource(coroutil)
[25Feb2025 23:51:47.318] [main/DEBUG] [mixin/]: MixinPlatformAgentMinecraftForge rejected container SecureJarResource(coroutil)
[25Feb2025 23:51:47.318] [main/DEBUG] [mixin/]: Instancing new MixinPlatformAgentDefault for SecureJarResource(coroutil)
[25Feb2025 23:51:47.318] [main/DEBUG] [mixin/]: MixinPlatformAgentDefault accepted container SecureJarResource(coroutil)
[25Feb2025 23:51:47.319] [main/DEBUG] [mixin/]: Processing prepare() for PlatformAgent[MixinPlatformAgentDefault:SecureJarResource(coroutil)]
[25Feb2025 23:51:47.319] [main/DEBUG] [mixin/]: Registering mixin config: coroutil.mixins.json
[25Feb2025 23:51:47.320] [main/DEBUG] [mixin/]: Adding mixin platform agents for container SecureJarResource(wegotrunnners)
[25Feb2025 23:51:47.321] [main/DEBUG] [mixin/]: Instancing new MixinPlatformAgentMinecraftForge for SecureJarResource(wegotrunnners)
[25Feb2025 23:51:47.321] [main/DEBUG] [mixin/]: MixinPlatformAgentMinecraftForge rejected container SecureJarResource(wegotrunnners)
[25Feb2025 23:51:47.321] [main/DEBUG] [mixin/]: Instancing new MixinPlatformAgentDefault for SecureJarResource(wegotrunnners)
[25Feb2025 23:51:47.322] [main/DEBUG] [mixin/]: MixinPlatformAgentDefault accepted container SecureJarResource(wegotrunnners)
[25Feb2025 23:51:47.322] [main/DEBUG] [mixin/]: Processing prepare() for PlatformAgent[MixinPlatformAgentDefault:SecureJarResource(wegotrunnners)]
[25Feb2025 23:51:47.322] [main/DEBUG] [mixin/]: Adding mixin platform agents for container SecureJarResource(architectury)
[25Feb2025 23:51:47.322] [main/DEBUG] [mixin/]: Instancing new MixinPlatformAgentMinecraftForge for SecureJarResource(architectury)
[25Feb2025 23:51:47.322] [main/DEBUG] [mixin/]: MixinPlatformAgentMinecraftForge rejected container SecureJarResource(architectury)
[25Feb2025 23:51:47.322] [main/DEBUG] [mixin/]: Instancing new MixinPlatformAgentDefault for SecureJarResource(architectury)
[25Feb2025 23:51:47.322] [main/DEBUG] [mixin/]: MixinPlatformAgentDefault accepted container SecureJarResource(architectury)
[25Feb2025 23:51:47.322] [main/DEBUG] [mixin/]: Processing prepare() for PlatformAgent[MixinPlatformAgentDefault:SecureJarResource(architectury)]
[25Feb2025 23:51:47.323] [main/DEBUG] [mixin/]: Registering mixin config: architectury.mixins.json
[25Feb2025 23:51:47.329] [main/DEBUG] [mixin/]: Compatibility level JAVA_16 specified by architectury.mixins.json is higher than the maximum level supported by this version of mixin (JAVA_13).
[25Feb2025 23:51:47.330] [main/DEBUG] [mixin/]: Registering mixin config: architectury-common.mixins.json
[25Feb2025 23:51:47.335] [main/DEBUG] [mixin/]: Compatibility level JAVA_16 specified by architectury-common.mixins.json is higher than the maximum level supported by this version of mixin (JAVA_13).
[25Feb2025 23:51:47.336] [main/DEBUG] [mixin/]: Adding mixin platform agents for container SecureJarResource(ftblibrary)
[25Feb2025 23:51:47.336] [main/DEBUG] [mixin/]: Instancing new MixinPlatformAgentMinecraftForge for SecureJarResource(ftblibrary)
[25Feb2025 23:51:47.336] [main/DEBUG] [mixin/]: MixinPlatformAgentMinecraftForge rejected container SecureJarResource(ftblibrary)
[25Feb2025 23:51:47.336] [main/DEBUG] [mixin/]: Instancing new MixinPlatformAgentDefault for SecureJarResource(ftblibrary)
[25Feb2025 23:51:47.336] [main/DEBUG] [mixin/]: MixinPlatformAgentDefault accepted container SecureJarResource(ftblibrary)
[25Feb2025 23:51:47.336] [main/DEBUG] [mixin/]: Processing prepare() for PlatformAgent[MixinPlatformAgentDefault:SecureJarResource(ftblibrary)]
[25Feb2025 23:51:47.336] [main/DEBUG] [mixin/]: Registering mixin config: ftblibrary-common.mixins.json
[25Feb2025 23:51:47.344] [main/DEBUG] [mixin/]: Compatibility level JAVA_8 specified by ftblibrary-common.mixins.json is lower than the default level supported by the current mixin service (JAVA_16).
[25Feb2025 23:51:47.344] [main/DEBUG] [mixin/]: Adding mixin platform agents for container SecureJarResource(hordes)
[25Feb2025 23:51:47.345] [main/DEBUG] [mixin/]: Instancing new MixinPlatformAgentMinecraftForge for SecureJarResource(hordes)
[25Feb2025 23:51:47.345] [main/DEBUG] [mixin/]: MixinPlatformAgentMinecraftForge rejected container SecureJarResource(hordes)
[25Feb2025 23:51:47.345] [main/DEBUG] [mixin/]: Instancing new MixinPlatformAgentDefault for SecureJarResource(hordes)
[25Feb2025 23:51:47.345] [main/DEBUG] [mixin/]: MixinPlatformAgentDefault accepted container SecureJarResource(hordes)
[25Feb2025 23:51:47.345] [main/DEBUG] [mixin/]: Processing prepare() for PlatformAgent[MixinPlatformAgentDefault:SecureJarResource(hordes)]
[25Feb2025 23:51:47.345] [main/DEBUG] [mixin/]: Registering mixin config: hordes.mixin.json
[25Feb2025 23:51:47.346] [main/DEBUG] [mixin/]: Adding mixin platform agents for container SecureJarResource(terralith)
[25Feb2025 23:51:47.346] [main/DEBUG] [mixin/]: Instancing new MixinPlatformAgentMinecraftForge for SecureJarResource(terralith)
[25Feb2025 23:51:47.346] [main/DEBUG] [mixin/]: MixinPlatformAgentMinecraftForge rejected container SecureJarResource(terralith)
[25Feb2025 23:51:47.346] [main/DEBUG] [mixin/]: Instancing new MixinPlatformAgentDefault for SecureJarResource(terralith)
[25Feb2025 23:51:47.346] [main/DEBUG] [mixin/]: MixinPlatformAgentDefault accepted container SecureJarResource(terralith)
[25Feb2025 23:51:47.346] [main/DEBUG] [mixin/]: Processing prepare() for PlatformAgent[MixinPlatformAgentDefault:SecureJarResource(terralith)]
[25Feb2025 23:51:47.347] [main/DEBUG] [mixin/]: Adding mixin platform agents for container SecureJarResource(k_turrets)
[25Feb2025 23:51:47.347] [main/DEBUG] [mixin/]: Instancing new MixinPlatformAgentMinecraftForge for SecureJarResource(k_turrets)
[25Feb2025 23:51:47.347] [main/DEBUG] [mixin/]: MixinPlatformAgentMinecraftForge rejected container SecureJarResource(k_turrets)
[25Feb2025 23:51:47.347] [main/DEBUG] [mixin/]: Instancing new MixinPlatformAgentDefault for SecureJarResource(k_turrets)
[25Feb2025 23:51:47.347] [main/DEBUG] [mixin/]: MixinPlatformAgentDefault accepted container SecureJarResource(k_turrets)
[25Feb2025 23:51:47.347] [main/DEBUG] [mixin/]: Processing prepare() for PlatformAgent[MixinPlatformAgentDefault:SecureJarResource(k_turrets)]
[25Feb2025 23:51:47.347] [main/DEBUG] [mixin/]: Adding mixin platform agents for container SecureJarResource(faded_conquest_2)
[25Feb2025 23:51:47.347] [main/DEBUG] [mixin/]: Instancing new MixinPlatformAgentMinecraftForge for SecureJarResource(faded_conquest_2)
[25Feb2025 23:51:47.347] [main/DEBUG] [mixin/]: MixinPlatformAgentMinecraftForge rejected container SecureJarResource(faded_conquest_2)
[25Feb2025 23:51:47.347] [main/DEBUG] [mixin/]: Instancing new MixinPlatformAgentDefault for SecureJarResource(faded_conquest_2)
[25Feb2025 23:51:47.347] [main/DEBUG] [mixin/]: MixinPlatformAgentDefault accepted container SecureJarResource(faded_conquest_2)
[25Feb2025 23:51:47.347] [main/DEBUG] [mixin/]: Processing prepare() for PlatformAgent[MixinPlatformAgentDefault:SecureJarResource(faded_conquest_2)]
[25Feb2025 23:51:47.347] [main/DEBUG] [mixin/]: Adding mixin platform agents for container SecureJarResource(horde_hoard)
[25Feb2025 23:51:47.347] [main/DEBUG] [mixin/]: Instancing new MixinPlatformAgentMinecraftForge for SecureJarResource(horde_hoard)
[25Feb2025 23:51:47.347] [main/DEBUG] [mixin/]: MixinPlatformAgentMinecraftForge rejected container SecureJarResource(horde_hoard)
[25Feb2025 23:51:47.347] [main/DEBUG] [mixin/]: Instancing new MixinPlatformAgentDefault for SecureJarResource(horde_hoard)
[25Feb2025 23:51:47.348] [main/DEBUG] [mixin/]: MixinPlatformAgentDefault accepted container SecureJarResource(horde_hoard)
[25Feb2025 23:51:47.348] [main/DEBUG] [mixin/]: Processing prepare() for PlatformAgent[MixinPlatformAgentDefault:SecureJarResource(horde_hoard)]
[25Feb2025 23:51:47.348] [main/DEBUG] [mixin/]: Adding mixin platform agents for container SecureJarResource(ags_day_counter)
[25Feb2025 23:51:47.348] [main/DEBUG] [mixin/]: Instancing new MixinPlatformAgentMinecraftForge for SecureJarResource(ags_day_counter)
[25Feb2025 23:51:47.348] [main/DEBUG] [mixin/]: MixinPlatformAgentMinecraftForge rejected container SecureJarResource(ags_day_counter)
[25Feb2025 23:51:47.348] [main/DEBUG] [mixin/]: Instancing new MixinPlatformAgentDefault for SecureJarResource(ags_day_counter)
[25Feb2025 23:51:47.348] [main/DEBUG] [mixin/]: MixinPlatformAgentDefault accepted container SecureJarResource(ags_day_counter)
[25Feb2025 23:51:47.348] [main/DEBUG] [mixin/]: Processing prepare() for PlatformAgent[MixinPlatformAgentDefault:SecureJarResource(ags_day_counter)]
[25Feb2025 23:51:47.348] [main/DEBUG] [mixin/]: Adding mixin platform agents for container SecureJarResource(scalinghealth)
[25Feb2025 23:51:47.348] [main/DEBUG] [mixin/]: Instancing new MixinPlatformAgentMinecraftForge for SecureJarResource(scalinghealth)
[25Feb2025 23:51:47.348] [main/DEBUG] [mixin/]: MixinPlatformAgentMinecraftForge rejected container SecureJarResource(scalinghealth)
[25Feb2025 23:51:47.348] [main/DEBUG] [mixin/]: Instancing new MixinPlatformAgentDefault for SecureJarResource(scalinghealth)
[25Feb2025 23:51:47.348] [main/DEBUG] [mixin/]: MixinPlatformAgentDefault accepted container SecureJarResource(scalinghealth)
[25Feb2025 23:51:47.348] [main/DEBUG] [mixin/]: Processing prepare() for PlatformAgent[MixinPlatformAgentDefault:SecureJarResource(scalinghealth)]
[25Feb2025 23:51:47.348] [main/DEBUG] [mixin/]: Adding mixin platform agents for container SecureJarResource(forge)
[25Feb2025 23:51:47.348] [main/DEBUG] [mixin/]: Instancing new MixinPlatformAgentMinecraftForge for SecureJarResource(forge)
[25Feb2025 23:51:47.348] [main/DEBUG] [mixin/]: MixinPlatformAgentMinecraftForge rejected container SecureJarResource(forge)
[25Feb2025 23:51:47.348] [main/DEBUG] [mixin/]: Instancing new MixinPlatformAgentDefault for SecureJarResource(forge)
[25Feb2025 23:51:47.349] [main/DEBUG] [mixin/]: MixinPlatformAgentDefault accepted container SecureJarResource(forge)
[25Feb2025 23:51:47.349] [main/DEBUG] [mixin/]: Processing prepare() for PlatformAgent[MixinPlatformAgentDefault:SecureJarResource(forge)]
[25Feb2025 23:51:47.349] [main/DEBUG] [mixin/]: Adding mixin platform agents for container SecureJarResource(playerrevive)
[25Feb2025 23:51:47.349] [main/DEBUG] [mixin/]: Instancing new MixinPlatformAgentMinecraftForge for SecureJarResource(playerrevive)
[25Feb2025 23:51:47.349] [main/DEBUG] [mixin/]: MixinPlatformAgentMinecraftForge rejected container SecureJarResource(playerrevive)
[25Feb2025 23:51:47.349] [main/DEBUG] [mixin/]: Instancing new MixinPlatformAgentDefault for SecureJarResource(playerrevive)
[25Feb2025 23:51:47.349] [main/DEBUG] [mixin/]: MixinPlatformAgentDefault accepted container SecureJarResource(playerrevive)
[25Feb2025 23:51:47.349] [main/DEBUG] [mixin/]: Processing prepare() for PlatformAgent[MixinPlatformAgentDefault:SecureJarResource(playerrevive)]
[25Feb2025 23:51:47.349] [main/DEBUG] [mixin/]: Registering mixin config: playerrevive.mixins.json
[25Feb2025 23:51:47.350] [main/DEBUG] [mixin/]: Adding mixin platform agents for container SecureJarResource(mclib)
[25Feb2025 23:51:47.351] [main/DEBUG] [mixin/]: Instancing new MixinPlatformAgentMinecraftForge for SecureJarResource(mclib)
[25Feb2025 23:51:47.351] [main/DEBUG] [mixin/]: MixinPlatformAgentMinecraftForge rejected container SecureJarResource(mclib)
[25Feb2025 23:51:47.351] [main/DEBUG] [mixin/]: Instancing new MixinPlatformAgentDefault for SecureJarResource(mclib)
[25Feb2025 23:51:47.351] [main/DEBUG] [mixin/]: MixinPlatformAgentDefault accepted container SecureJarResource(mclib)
[25Feb2025 23:51:47.351] [main/DEBUG] [mixin/]: Processing prepare() for PlatformAgent[MixinPlatformAgentDefault:SecureJarResource(mclib)]
[25Feb2025 23:51:47.351] [main/DEBUG] [mixin/]: Adding mixin platform agents for container SecureJarResource(luaj.jse.figura)
[25Feb2025 23:51:47.351] [main/DEBUG] [mixin/]: Instancing new MixinPlatformAgentMinecraftForge for SecureJarResource(luaj.jse.figura)
[25Feb2025 23:51:47.351] [main/DEBUG] [mixin/]: MixinPlatformAgentMinecraftForge rejected container SecureJarResource(luaj.jse.figura)
[25Feb2025 23:51:47.351] [main/DEBUG] [mixin/]: Instancing new MixinPlatformAgentDefault for SecureJarResource(luaj.jse.figura)
[25Feb2025 23:51:47.351] [main/DEBUG] [mixin/]: MixinPlatformAgentDefault accepted container SecureJarResource(luaj.jse.figura)
[25Feb2025 23:51:47.351] [main/DEBUG] [mixin/]: Processing prepare() for PlatformAgent[MixinPlatformAgentDefault:SecureJarResource(luaj.jse.figura)]
[25Feb2025 23:51:47.351] [main/DEBUG] [mixin/]: Adding mixin platform agents for container SecureJarResource(org.apache.bcel)
[25Feb2025 23:51:47.351] [main/DEBUG] [mixin/]: Instancing new MixinPlatformAgentMinecraftForge for SecureJarResource(org.apache.bcel)
[25Feb2025 23:51:47.351] [main/DEBUG] [mixin/]: MixinPlatformAgentMinecraftForge rejected container SecureJarResource(org.apache.bcel)
[25Feb2025 23:51:47.351] [main/DEBUG] [mixin/]: Instancing new MixinPlatformAgentDefault for SecureJarResource(org.apache.bcel)
[25Feb2025 23:51:47.351] [main/DEBUG] [mixin/]: MixinPlatformAgentDefault accepted container SecureJarResource(org.apache.bcel)
[25Feb2025 23:51:47.351] [main/DEBUG] [mixin/]: Processing prepare() for PlatformAgent[MixinPlatformAgentDefault:SecureJarResource(org.apache.bcel)]
[25Feb2025 23:51:47.351] [main/DEBUG] [mixin/]: Adding mixin platform agents for container SecureJarResource(luaj.core.figura)
[25Feb2025 23:51:47.352] [main/DEBUG] [mixin/]: Instancing new MixinPlatformAgentMinecraftForge for SecureJarResource(luaj.core.figura)
[25Feb2025 23:51:47.352] [main/DEBUG] [mixin/]: MixinPlatformAgentMinecraftForge rejected container SecureJarResource(luaj.core.figura)
[25Feb2025 23:51:47.352] [main/DEBUG] [mixin/]: Instancing new MixinPlatformAgentDefault for SecureJarResource(luaj.core.figura)
[25Feb2025 23:51:47.352] [main/DEBUG] [mixin/]: MixinPlatformAgentDefault accepted container SecureJarResource(luaj.core.figura)
[25Feb2025 23:51:47.352] [main/DEBUG] [mixin/]: Processing prepare() for PlatformAgent[MixinPlatformAgentDefault:SecureJarResource(luaj.core.figura)]
[25Feb2025 23:51:47.352] [main/DEBUG] [mixin/]: Adding mixin platform agents for container SecureJarResource(MixinExtras)
[25Feb2025 23:51:47.352] [main/DEBUG] [mixin/]: Instancing new MixinPlatformAgentMinecraftForge for SecureJarResource(MixinExtras)
[25Feb2025 23:51:47.352] [main/DEBUG] [mixin/]: MixinPlatformAgentMinecraftForge rejected container SecureJarResource(MixinExtras)
[25Feb2025 23:51:47.352] [main/DEBUG] [mixin/]: Instancing new MixinPlatformAgentDefault for SecureJarResource(MixinExtras)
[25Feb2025 23:51:47.352] [main/DEBUG] [mixin/]: MixinPlatformAgentDefault accepted container SecureJarResource(MixinExtras)
[25Feb2025 23:51:47.352] [main/DEBUG] [mixin/]: Processing prepare() for PlatformAgent[MixinPlatformAgentDefault:SecureJarResource(MixinExtras)]
[25Feb2025 23:51:47.352] [main/DEBUG] [mixin/]: Adding mixin platform agents for container SecureJarResource(commons.math3)
[25Feb2025 23:51:47.352] [main/DEBUG] [mixin/]: Instancing new MixinPlatformAgentMinecraftForge for SecureJarResource(commons.math3)
[25Feb2025 23:51:47.352] [main/DEBUG] [mixin/]: MixinPlatformAgentMinecraftForge rejected container SecureJarResource(commons.math3)
[25Feb2025 23:51:47.352] [main/DEBUG] [mixin/]: Instancing new MixinPlatformAgentDefault for SecureJarResource(commons.math3)
[25Feb2025 23:51:47.352] [main/DEBUG] [mixin/]: MixinPlatformAgentDefault accepted container SecureJarResource(commons.math3)
[25Feb2025 23:51:47.352] [main/DEBUG] [mixin/]: Processing prepare() for PlatformAgent[MixinPlatformAgentDefault:SecureJarResource(commons.math3)]
[25Feb2025 23:51:47.352] [main/DEBUG] [mixin/]: inject() running with 44 agents
[25Feb2025 23:51:47.353] [main/DEBUG] [mixin/]: Processing inject() for PlatformAgent[MixinPlatformAgentDefault:ModLauncher Root Container(ModLauncher:4f56a0a2)]
[25Feb2025 23:51:47.353] [main/DEBUG] [mixin/]: Processing inject() for PlatformAgent[MixinPlatformAgentDefault:SecureJarResource(minecraft)]
[25Feb2025 23:51:47.353] [main/DEBUG] [mixin/]: Processing inject() for PlatformAgent[MixinPlatformAgentDefault:SecureJarResource(silentlib)]
[25Feb2025 23:51:47.353] [main/DEBUG] [mixin/]: Processing inject() for PlatformAgent[MixinPlatformAgentDefault:SecureJarResource(geckolib)]
[25Feb2025 23:51:47.353] [main/DEBUG] [mixin/]: Processing inject() for PlatformAgent[MixinPlatformAgentDefault:SecureJarResource(creativecore)]
[25Feb2025 23:51:47.353] [main/DEBUG] [mixin/]: Processing inject() for PlatformAgent[MixinPlatformAgentDefault:SecureJarResource(bunker_down)]
[25Feb2025 23:51:47.353] [main/DEBUG] [mixin/]: Processing inject() for PlatformAgent[MixinPlatformAgentDefault:SecureJarResource(jei)]
[25Feb2025 23:51:47.353] [main/DEBUG] [mixin/]: Processing inject() for PlatformAgent[MixinPlatformAgentDefault:SecureJarResource(eeeabsmobs)]
[25Feb2025 23:51:47.353] [main/DEBUG] [mixin/]: Processing inject() for PlatformAgent[MixinPlatformAgentDefault:SecureJarResource(apocalypsenow)]
[25Feb2025 23:51:47.353] [main/DEBUG] [mixin/]: Processing inject() for PlatformAgent[MixinPlatformAgentDefault:SecureJarResource(graveyard)]
[25Feb2025 23:51:47.353] [main/DEBUG] [mixin/]: Processing inject() for PlatformAgent[MixinPlatformAgentDefault:SecureJarResource(tacz)]
[25Feb2025 23:51:47.353] [main/DEBUG] [mixin/]: Processing inject() for PlatformAgent[MixinPlatformAgentDefault:SecureJarResource(lionfishapi)]
[25Feb2025 23:51:47.353] [main/DEBUG] [mixin/]: Processing inject() for PlatformAgent[MixinPlatformAgentDefault:SecureJarResource(satako)]
[25Feb2025 23:51:47.353] [main/DEBUG] [mixin/]: Processing inject() for PlatformAgent[MixinPlatformAgentDefault:SecureJarResource(insanelib)]
[25Feb2025 23:51:47.353] [main/DEBUG] [mixin/]: Processing inject() for PlatformAgent[MixinPlatformAgentDefault:SecureJarResource(curios)]
[25Feb2025 23:51:47.353] [main/DEBUG] [mixin/]: Processing inject() for PlatformAgent[MixinPlatformAgentDefault:SecureJarResource(journeymap)]
[25Feb2025 23:51:47.353] [main/DEBUG] [mixin/]: Processing inject() for PlatformAgent[MixinPlatformAgentDefault:SecureJarResource(enhancedvisuals)]
[25Feb2025 23:51:47.353] [main/DEBUG] [mixin/]: Processing inject() for PlatformAgent[MixinPlatformAgentDefault:SecureJarResource(securitycraft)]
[25Feb2025 23:51:47.353] [main/DEBUG] [mixin/]: Processing inject() for PlatformAgent[MixinPlatformAgentDefault:SecureJarResource(parcool)]
[25Feb2025 23:51:47.353] [main/DEBUG] [mixin/]: Processing inject() for PlatformAgent[MixinPlatformAgentDefault:SecureJarResource(legendary_monsters)]
[25Feb2025 23:51:47.354] [main/DEBUG] [mixin/]: Processing inject() for PlatformAgent[MixinPlatformAgentDefault:SecureJarResource(horror_element_mod)]
[25Feb2025 23:51:47.354] [main/DEBUG] [mixin/]: Processing inject() for PlatformAgent[MixinPlatformAgentDefault:SecureJarResource(mixinextras)]
[25Feb2025 23:51:47.354] [main/DEBUG] [mixin/]: Processing inject() for PlatformAgent[MixinPlatformAgentDefault:SecureJarResource(tombstone)]
[25Feb2025 23:51:47.354] [main/DEBUG] [mixin/]: Processing inject() for PlatformAgent[MixinPlatformAgentDefault:SecureJarResource(mr_lukis_grandcapitals)]
[25Feb2025 23:51:47.354] [main/DEBUG] [mixin/]: Processing inject() for PlatformAgent[MixinPlatformAgentDefault:SecureJarResource(atlaslib)]
[25Feb2025 23:51:47.354] [main/DEBUG] [mixin/]: Processing inject() for PlatformAgent[MixinPlatformAgentDefault:SecureJarResource(coroutil)]
[25Feb2025 23:51:47.354] [main/DEBUG] [mixin/]: Processing inject() for PlatformAgent[MixinPlatformAgentDefault:SecureJarResource(wegotrunnners)]
[25Feb2025 23:51:47.354] [main/DEBUG] [mixin/]: Processing inject() for PlatformAgent[MixinPlatformAgentDefault:SecureJarResource(architectury)]
[25Feb2025 23:51:47.354] [main/DEBUG] [mixin/]: Processing inject() for PlatformAgent[MixinPlatformAgentDefault:SecureJarResource(ftblibrary)]
[25Feb2025 23:51:47.354] [main/DEBUG] [mixin/]: Processing inject() for PlatformAgent[MixinPlatformAgentDefault:SecureJarResource(hordes)]
[25Feb2025 23:51:47.354] [main/DEBUG] [mixin/]: Processing inject() for PlatformAgent[MixinPlatformAgentDefault:SecureJarResource(terralith)]
[25Feb2025 23:51:47.354] [main/DEBUG] [mixin/]: Processing inject() for PlatformAgent[MixinPlatformAgentDefault:SecureJarResource(k_turrets)]
[25Feb2025 23:51:47.354] [main/DEBUG] [mixin/]: Processing inject() for PlatformAgent[MixinPlatformAgentDefault:SecureJarResource(faded_conquest_2)]
[25Feb2025 23:51:47.354] [main/DEBUG] [mixin/]: Processing inject() for PlatformAgent[MixinPlatformAgentDefault:SecureJarResource(horde_hoard)]
[25Feb2025 23:51:47.354] [main/DEBUG] [mixin/]: Processing inject() for PlatformAgent[MixinPlatformAgentDefault:SecureJarResource(ags_day_counter)]
[25Feb2025 23:51:47.354] [main/DEBUG] [mixin/]: Processing inject() for PlatformAgent[MixinPlatformAgentDefault:SecureJarResource(scalinghealth)]
[25Feb2025 23:51:47.354] [main/DEBUG] [mixin/]: Processing inject() for PlatformAgent[MixinPlatformAgentDefault:SecureJarResource(forge)]
[25Feb2025 23:51:47.354] [main/DEBUG] [mixin/]: Processing inject() for PlatformAgent[MixinPlatformAgentDefault:SecureJarResource(playerrevive)]
[25Feb2025 23:51:47.354] [main/DEBUG] [mixin/]: Processing inject() for PlatformAgent[MixinPlatformAgentDefault:SecureJarResource(mclib)]
[25Feb2025 23:51:47.354] [main/DEBUG] [mixin/]: Processing inject() for PlatformAgent[MixinPlatformAgentDefault:SecureJarResource(luaj.jse.figura)]
[25Feb2025 23:51:47.354] [main/DEBUG] [mixin/]: Processing inject() for PlatformAgent[MixinPlatformAgentDefault:SecureJarResource(org.apache.bcel)]
[25Feb2025 23:51:47.354] [main/DEBUG] [mixin/]: Processing inject() for PlatformAgent[MixinPlatformAgentDefault:SecureJarResource(luaj.core.figura)]
[25Feb2025 23:51:47.354] [main/DEBUG] [mixin/]: Processing inject() for PlatformAgent[MixinPlatformAgentDefault:SecureJarResource(MixinExtras)]
[25Feb2025 23:51:47.354] [main/DEBUG] [mixin/]: Processing inject() for PlatformAgent[MixinPlatformAgentDefault:SecureJarResource(commons.math3)]
[25Feb2025 23:51:47.367] [main/INFO] [cpw.mods.modlauncher.LaunchServiceHandler/MODLAUNCHER]: Launching target 'forgeserver' with arguments [nogui]
[25Feb2025 23:51:47.420] [main/DEBUG] [mixin/]: Error cleaning class output directory: .mixin.out
[25Feb2025 23:51:47.422] [main/DEBUG] [mixin/]: Preparing mixins for MixinEnvironment[DEFAULT]
[25Feb2025 23:51:47.422] [main/DEBUG] [mixin/]: Selecting config geckolib.mixins.json
[25Feb2025 23:51:47.426] [main/DEBUG] [mixin/]: Selecting config creativecore.mixins.json
[25Feb2025 23:51:47.428] [main/DEBUG] [mixin/]: Selecting config creativecore.forge.mixins.json
[25Feb2025 23:51:47.430] [main/DEBUG] [mixin/]: Selecting config eeeabsmobs.mixins.json
[25Feb2025 23:51:47.431] [main/DEBUG] [mixin/]: Selecting config graveyard-common.mixins.json
[25Feb2025 23:51:47.434] [main/DEBUG] [mixin/]: Selecting config graveyard-forge.mixins.json
[25Feb2025 23:51:47.435] [main/WARN] [mixin/]: Reference map 'graveyard-FORGE-forge-refmap.json' for graveyard-forge.mixins.json could not be read. If this is a development environment you can ignore this message
[25Feb2025 23:51:47.436] [main/DEBUG] [mixin/]: Selecting config tacz.mixins.json
[25Feb2025 23:51:47.438] [main/DEBUG] [mixin/]: Selecting config lionfishapi.mixins.json
[25Feb2025 23:51:47.439] [main/DEBUG] [mixin/]: Selecting config insanelib.mixins.json
[25Feb2025 23:51:47.440] [main/DEBUG] [mixin/]: Selecting config curios.mixins.json
[25Feb2025 23:51:47.441] [main/DEBUG] [mixin/]: Selecting config journeymap.mixins.json
[25Feb2025 23:51:47.443] [main/DEBUG] [mixin/]: Selecting config enhancedvisuals.mixins.json
[25Feb2025 23:51:47.445] [main/DEBUG] [mixin/]: Selecting config securitycraft.mixins.json
[25Feb2025 23:51:47.447] [main/DEBUG] [mixin/]: Selecting config parcool.mixins.json
[25Feb2025 23:51:47.460] [main/DEBUG] [mixin/]: Selecting config legendary_monsters.mixins.json
[25Feb2025 23:51:47.462] [main/DEBUG] [mixin/]: Selecting config mixinextras.init.mixins.json
[25Feb2025 23:51:47.501] [main/DEBUG] [MixinExtras|Service/]: com.llamalad7.mixinextras.service.MixinExtrasServiceImpl(version=0.4.1) is taking over from null
[25Feb2025 23:51:47.538] [main/DEBUG] [mixin/]: Registering new injector for @Inject with org.spongepowered.asm.mixin.injection.struct.CallbackInjectionInfo
[25Feb2025 23:51:47.541] [main/DEBUG] [mixin/]: Registering new injector for @ModifyArg with org.spongepowered.asm.mixin.injection.struct.ModifyArgInjectionInfo
[25Feb2025 23:51:47.542] [main/DEBUG] [mixin/]: Registering new injector for @ModifyArgs with org.spongepowered.asm.mixin.injection.struct.ModifyArgsInjectionInfo
[25Feb2025 23:51:47.544] [main/DEBUG] [mixin/]: Registering new injector for @Redirect with org.spongepowered.asm.mixin.injection.struct.RedirectInjectionInfo
[25Feb2025 23:51:47.546] [main/DEBUG] [mixin/]: Registering new injector for @ModifyVariable with org.spongepowered.asm.mixin.injection.struct.ModifyVariableInjectionInfo
[25Feb2025 23:51:47.548] [main/DEBUG] [mixin/]: Registering new injector for @ModifyConstant with org.spongepowered.asm.mixin.injection.struct.ModifyConstantInjectionInfo
[25Feb2025 23:51:47.563] [main/DEBUG] [mixin/]: Selecting config tombstone.mixins.json
[25Feb2025 23:51:47.566] [main/DEBUG] [mixin/]: Selecting config coroutil.mixins.json
[25Feb2025 23:51:47.568] [main/WARN] [mixin/]: Reference map 'coroutil.refmap.json' for coroutil.mixins.json could not be read. If this is a development environment you can ignore this message
[25Feb2025 23:51:47.569] [main/DEBUG] [mixin/]: Selecting config architectury.mixins.json
[25Feb2025 23:51:47.573] [main/DEBUG] [mixin/]: Selecting config architectury-common.mixins.json
[25Feb2025 23:51:47.574] [main/DEBUG] [mixin/]: Selecting config ftblibrary-common.mixins.json
[25Feb2025 23:51:47.577] [main/DEBUG] [mixin/]: Selecting config hordes.mixin.json
[25Feb2025 23:51:47.579] [main/DEBUG] [mixin/]: Selecting config playerrevive.mixins.json
[25Feb2025 23:51:47.580] [main/DEBUG] [mixin/]: Preparing geckolib.mixins.json (1)
[25Feb2025 23:51:47.581] [main/DEBUG] [mixin/]: Preparing creativecore.mixins.json (8)
[25Feb2025 23:51:47.624] [main/DEBUG] [mixin/]: Preparing creativecore.forge.mixins.json (3)
[25Feb2025 23:51:47.627] [main/DEBUG] [mixin/]: Preparing eeeabsmobs.mixins.json (1)
[25Feb2025 23:51:47.657] [main/DEBUG] [mixin/]: Preparing graveyard-common.mixins.json (11)
[25Feb2025 23:51:47.708] [main/DEBUG] [net.minecraftforge.coremod.transformer.CoreModBaseTransformer/COREMOD]: Transforming net/minecraft/world/entity/npc/Villager
[25Feb2025 23:51:48.115] [main/DEBUG] [mixin/]: Preparing graveyard-forge.mixins.json (0)
[25Feb2025 23:51:48.115] [main/DEBUG] [mixin/]: Preparing tacz.mixins.json (14)
[25Feb2025 23:51:48.171] [main/DEBUG] [mixin/]: Preparing lionfishapi.mixins.json (2)
[25Feb2025 23:51:48.203] [main/DEBUG] [mixin/]: Preparing insanelib.mixins.json (7)
[25Feb2025 23:51:48.224] [main/DEBUG] [net.minecraftforge.coremod.transformer.CoreModBaseTransformer/COREMOD]: Transforming net/minecraft/world/item/ItemStack
[25Feb2025 23:51:48.280] [main/DEBUG] [mixin/]: Preparing curios.mixins.json (13)
[25Feb2025 23:51:48.316] [main/DEBUG] [mixin/]: Preparing journeymap.mixins.json (3)
[25Feb2025 23:51:48.316] [main/DEBUG] [mixin/]: Preparing enhancedvisuals.mixins.json (10)
[25Feb2025 23:51:48.325] [main/DEBUG] [mixin/]: Preparing securitycraft.mixins.json (19)
[25Feb2025 23:51:48.377] [main/DEBUG] [mixin/]: Preparing parcool.mixins.json (6)
[25Feb2025 23:51:48.381] [main/DEBUG] [mixin/]: Preparing legendary_monsters.mixins.json (1)
[25Feb2025 23:51:48.382] [main/DEBUG] [mixin/]: Preparing mixinextras.init.mixins.json (0)
[25Feb2025 23:51:48.382] [main/DEBUG] [mixin/]: Preparing tombstone.mixins.json (26)
[25Feb2025 23:51:48.437] [main/DEBUG] [mixin/]: Preparing coroutil.mixins.json (0)
[25Feb2025 23:51:48.437] [main/DEBUG] [mixin/]: Preparing architectury.mixins.json (9)
[25Feb2025 23:51:48.454] [main/DEBUG] [mixin/]: Preparing architectury-common.mixins.json (10)
[25Feb2025 23:51:48.466] [main/DEBUG] [net.minecraftforge.coremod.transformer.CoreModBaseTransformer/COREMOD]: Transforming net/minecraft/world/item/BucketItem
[25Feb2025 23:51:48.480] [main/DEBUG] [net.minecraftforge.coremod.transformer.CoreModBaseTransformer/COREMOD]: Transforming net/minecraft/world/entity/EntityType
[25Feb2025 23:51:48.609] [main/DEBUG] [net.minecraftforge.coremod.transformer.CoreModBaseTransformer/COREMOD]: Transforming net/minecraft/world/level/block/LiquidBlock
[25Feb2025 23:51:48.616] [main/DEBUG] [mixin/]: Preparing ftblibrary-common.mixins.json (5)
[25Feb2025 23:51:48.639] [main/DEBUG] [mixin/]: Preparing hordes.mixin.json (28)
[25Feb2025 23:51:48.678] [main/DEBUG] [net.minecraftforge.coremod.transformer.CoreModBaseTransformer/COREMOD]: Transforming net/minecraft/world/effect/MobEffectInstance
[25Feb2025 23:51:48.719] [main/DEBUG] [net.minecraftforge.coremod.transformer.CoreModBaseTransformer/COREMOD]: Transforming net/minecraft/world/entity/monster/Zombie
[25Feb2025 23:51:48.927] [main/DEBUG] [net.minecraftforge.coremod.transformer.CoreModBaseTransformer/COREMOD]: Transforming net/minecraft/world/entity/monster/ZombieVillager
[25Feb2025 23:51:49.057] [main/DEBUG] [mixin/]: Preparing playerrevive.mixins.json (5)
[25Feb2025 23:51:49.201] [main/DEBUG] [mixin/]: Prepared 129 mixins in 1.778 sec (13.8ms avg) (0ms load, 0ms transform, 0ms plugin)
[25Feb2025 23:51:49.224] [main/INFO] [MixinExtras|Service/]: Initializing MixinExtras via com.llamalad7.mixinextras.service.MixinExtrasServiceImpl(version=0.4.1).
[25Feb2025 23:51:49.226] [main/DEBUG] [mixin/]: Registering new injector for @SugarWrapper with com.llamalad7.mixinextras.sugar.impl.SugarWrapperInjectionInfo
[25Feb2025 23:51:49.226] [main/DEBUG] [mixin/]: Registering new injector for @FactoryRedirectWrapper with com.llamalad7.mixinextras.wrapper.factory.FactoryRedirectWrapperInjectionInfo
[25Feb2025 23:51:49.232] [main/DEBUG] [mixin/]: Mixing DedicatedServerMixin from tombstone.mixins.json into net.minecraft.server.dedicated.DedicatedServer
[25Feb2025 23:51:49.352] [main/DEBUG] [io.netty.util.internal.logging.InternalLoggerFactory/]: Using SLF4J as the default logging framework
[25Feb2025 23:51:49.355] [main/DEBUG] [io.netty.util.ResourceLeakDetector/]: -Dio.netty.leakDetection.level: simple
[25Feb2025 23:51:49.355] [main/DEBUG] [io.netty.util.ResourceLeakDetector/]: -Dio.netty.leakDetection.targetRecords: 4
[25Feb2025 23:51:49.518] [main/DEBUG] [mixin/]: Mixing ResourceLocationMixin from ftblibrary-common.mixins.json into net.minecraft.resources.ResourceLocation
[25Feb2025 23:51:49.519] [main/DEBUG] [mixin/]: ftblibrary-common.mixins.json:ResourceLocationMixin: Class version 61 required is higher than the class version supported by the current version of Mixin (JAVA_8 supports class version 52)
[25Feb2025 23:51:49.619] [main/DEBUG] [oshi.util.FileUtil/]: No oshi.properties file found from ClassLoader cpw.mods.modlauncher.TransformingClassLoader@6587305a
[25Feb2025 23:51:49.619] [main/DEBUG] [oshi.util.FileUtil/]: No oshi.properties file found from ClassLoader jdk.internal.loader.ClassLoaders$AppClassLoader@76ed5528
[25Feb2025 23:51:49.692] [main/DEBUG] [oshi.util.FileUtil/]: Reading file /proc/self/auxv
[25Feb2025 23:51:49.693] [main/DEBUG] [oshi.util.FileUtil/]: Reading file /proc/self/auxv
[25Feb2025 23:51:49.700] [main/DEBUG] [oshi.util.FileUtil/]: Reading file /proc/stat
[25Feb2025 23:51:49.708] [main/DEBUG] [oshi.util.FileUtil/]: Reading file /sys/devices/system/cpu/cpu0/topology/core_id
[25Feb2025 23:51:49.709] [main/DEBUG] [oshi.util.FileUtil/]: Reading file /sys/devices/system/cpu/cpu0/topology/core_id
[25Feb2025 23:51:49.709] [main/DEBUG] [oshi.util.FileUtil/]: Reading file /sys/devices/system/cpu/cpu0/topology/physical_package_id
[25Feb2025 23:51:49.709] [main/DEBUG] [oshi.util.FileUtil/]: Reading file /sys/devices/system/cpu/cpu0/topology/physical_package_id
[25Feb2025 23:51:49.710] [main/DEBUG] [oshi.util.FileUtil/]: Reading file /sys/devices/system/cpu/cpu0/cpu_capacity
[25Feb2025 23:51:49.713] [main/DEBUG] [oshi.util.FileUtil/]: Reading file /sys/devices/system/cpu/cpu1/topology/core_id
[25Feb2025 23:51:49.716] [main/DEBUG] [oshi.util.FileUtil/]: Reading file /sys/devices/system/cpu/cpu1/topology/core_id
[25Feb2025 23:51:49.718] [main/DEBUG] [oshi.util.FileUtil/]: Reading file /sys/devices/system/cpu/cpu1/topology/physical_package_id
[25Feb2025 23:51:49.718] [main/DEBUG] [oshi.util.FileUtil/]: Reading file /sys/devices/system/cpu/cpu1/topology/physical_package_id
[25Feb2025 23:51:49.718] [main/DEBUG] [oshi.util.FileUtil/]: Reading file /sys/devices/system/cpu/cpu1/cpu_capacity
[25Feb2025 23:51:49.719] [main/DEBUG] [oshi.util.FileUtil/]: Reading file /sys/devices/system/cpu/cpu2/topology/core_id
[25Feb2025 23:51:49.719] [main/DEBUG] [oshi.util.FileUtil/]: Reading file /sys/devices/system/cpu/cpu2/topology/core_id
[25Feb2025 23:51:49.719] [main/DEBUG] [oshi.util.FileUtil/]: Reading file /sys/devices/system/cpu/cpu2/topology/physical_package_id
[25Feb2025 23:51:49.719] [main/DEBUG] [oshi.util.FileUtil/]: Reading file /sys/devices/system/cpu/cpu2/topology/physical_package_id
[25Feb2025 23:51:49.720] [main/DEBUG] [oshi.util.FileUtil/]: Reading file /sys/devices/system/cpu/cpu2/cpu_capacity
[25Feb2025 23:51:49.721] [main/DEBUG] [oshi.util.FileUtil/]: Reading file /sys/devices/system/cpu/cpu3/topology/core_id
[25Feb2025 23:51:49.721] [main/DEBUG] [oshi.util.FileUtil/]: Reading file /sys/devices/system/cpu/cpu3/topology/core_id
[25Feb2025 23:51:49.721] [main/DEBUG] [oshi.util.FileUtil/]: Reading file /sys/devices/system/cpu/cpu3/topology/physical_package_id
[25Feb2025 23:51:49.721] [main/DEBUG] [oshi.util.FileUtil/]: Reading file /sys/devices/system/cpu/cpu3/topology/physical_package_id
[25Feb2025 23:51:49.722] [main/DEBUG] [oshi.util.FileUtil/]: Reading file /sys/devices/system/cpu/cpu3/cpu_capacity
[25Feb2025 23:51:49.730] [main/DEBUG] [oshi.util.FileUtil/]: Reading file /proc/cpuinfo
[25Feb2025 23:51:49.759] [main/DEBUG] [oshi.util.FileUtil/]: Reading file /proc/self/auxv
[25Feb2025 23:51:49.761] [main/DEBUG] [oshi.util.FileUtil/]: No oshi.architecture.properties file found from ClassLoader cpw.mods.modlauncher.TransformingClassLoader@6587305a
[25Feb2025 23:51:49.762] [main/DEBUG] [oshi.util.FileUtil/]: No oshi.architecture.properties file found from ClassLoader jdk.internal.loader.ClassLoaders$AppClassLoader@76ed5528
[25Feb2025 23:51:49.813] [main/DEBUG] [oshi.util.FileUtil/]: Reading file /proc/meminfo
[25Feb2025 23:51:49.815] [main/DEBUG] [oshi.util.FileUtil/]: Reading file /proc/meminfo
[25Feb2025 23:51:49.976] [main/DEBUG] [mixin/]: Mixing inject.MixinGameEvent from architectury-common.mixins.json into net.minecraft.world.level.gameevent.GameEvent
[25Feb2025 23:51:50.029] [main/DEBUG] [mixin/]: Mixing inject.MixinBlock from architectury-common.mixins.json into net.minecraft.world.level.block.Block
[25Feb2025 23:51:50.061] [main/DEBUG] [mixin/]: Mixing EntityMixin from lionfishapi.mixins.json into net.minecraft.world.entity.Entity
[25Feb2025 23:51:50.093] [main/DEBUG] [mixin/]: Mixing AccessorEntity from curios.mixins.json into net.minecraft.world.entity.Entity
[25Feb2025 23:51:50.097] [main/DEBUG] [mixin/]: Mixing EntityAccessor from enhancedvisuals.mixins.json into net.minecraft.world.entity.Entity
[25Feb2025 23:51:50.098] [main/DEBUG] [mixin/]: Mixing EntityMixin from tombstone.mixins.json into net.minecraft.world.entity.Entity
[25Feb2025 23:51:50.108] [main/DEBUG] [mixin/]: Mixing MixinEntity from hordes.mixin.json into net.minecraft.world.entity.Entity
[25Feb2025 23:51:50.226] [main/DEBUG] [mixin/]: Mixing common.LivingEntityMixin from tacz.mixins.json into net.minecraft.world.entity.LivingEntity
[25Feb2025 23:51:50.243] [main/DEBUG] [mixin/]: Renaming synthetic method lambda$initialData$0()Lnet/minecraft/world/item/ItemStack; to md506fb6$lambda$initialData$0$0 in tacz.mixins.json:common.LivingEntityMixin
[25Feb2025 23:51:50.290] [main/DEBUG] [mixin/]: Mixing LivingEntityMixin from insanelib.mixins.json into net.minecraft.world.entity.LivingEntity
[25Feb2025 23:51:50.291] [main/DEBUG] [mixin/]: insanelib.mixins.json:LivingEntityMixin: Class version 61 required is higher than the class version supported by the current version of Mixin (JAVA_8 supports class version 52)
[25Feb2025 23:51:50.292] [main/DEBUG] [mixin/]: Mixing MixinLivingEntity from curios.mixins.json into net.minecraft.world.entity.LivingEntity
[25Feb2025 23:51:50.294] [main/DEBUG] [mixin/]: Mixing common.LivingEntityMixin from parcool.mixins.json into net.minecraft.world.entity.LivingEntity
[25Feb2025 23:51:50.296] [main/DEBUG] [mixin/]: parcool.mixins.json:common.LivingEntityMixin: Class version 61 required is higher than the class version supported by the current version of Mixin (JAVA_8 supports class version 52)
[25Feb2025 23:51:50.341] [main/DEBUG] [mixin/]: Mixing LivingEntityMixin from legendary_monsters.mixins.json into net.minecraft.world.entity.LivingEntity
[25Feb2025 23:51:50.353] [main/DEBUG] [mixin/]: Mixing LivingEntityMixin from tombstone.mixins.json into net.minecraft.world.entity.LivingEntity
[25Feb2025 23:51:50.358] [main/DEBUG] [mixin/]: Mixing MixinLivingEntity from hordes.mixin.json into net.minecraft.world.entity.LivingEntity
[25Feb2025 23:51:50.630] [main/DEBUG] [mixin/]: Mixing MixinServerLevel from hordes.mixin.json into net.minecraft.server.level.ServerLevel
[25Feb2025 23:51:50.997] [main/DEBUG] [mixin/]: Mixing PlayerMixin from insanelib.mixins.json into net.minecraft.world.entity.player.Player
[25Feb2025 23:51:50.998] [main/DEBUG] [mixin/]: insanelib.mixins.json:PlayerMixin: Class version 61 required is higher than the class version supported by the current version of Mixin (JAVA_8 supports class version 52)
[25Feb2025 23:51:51.008] [main/DEBUG] [mixin/]: Mixing MixinPlayer from enhancedvisuals.mixins.json into net.minecraft.world.entity.player.Player
[25Feb2025 23:51:51.012] [main/DEBUG] [mixin/]: Mixing common.PlayerMixin from parcool.mixins.json into net.minecraft.world.entity.player.Player
[25Feb2025 23:51:51.014] [main/DEBUG] [mixin/]: parcool.mixins.json:common.PlayerMixin: Class version 61 required is higher than the class version supported by the current version of Mixin (JAVA_8 supports class version 52)
[25Feb2025 23:51:51.029] [main/DEBUG] [mixin/]: Mixing PlayerMixin from playerrevive.mixins.json into net.minecraft.world.entity.player.Player
[25Feb2025 23:51:51.148] [main/DEBUG] [mixin/]: Mixing inject.MixinFluid from architectury-common.mixins.json into net.minecraft.world.level.material.Fluid
[25Feb2025 23:51:51.155] [main/DEBUG] [mixin/]: Mixing ItemMixin from tombstone.mixins.json into net.minecraft.world.item.Item
[25Feb2025 23:51:51.156] [main/DEBUG] [mixin/]: Renaming synthetic method lambda$methodIsFoil$1(Lnet/minecraft/world/item/ItemStack;Lovh/corail/tombstone/api/capability/ISoulConsumer;)Ljava/lang/Boolean; to md506fb6$lambda$methodIsFoil$1$0 in tombstone.mixins.json:ItemMixin
[25Feb2025 23:51:51.156] [main/DEBUG] [mixin/]: Renaming synthetic method lambda$methodGetName$0(Lnet/minecraft/world/item/ItemStack;Lovh/corail/tombstone/api/capability/ISoulConsumer;)Ljava/lang/Boolean; to md506fb6$lambda$methodGetName$0$1 in tombstone.mixins.json:ItemMixin
[25Feb2025 23:51:51.192] [main/DEBUG] [mixin/]: Mixing inject.MixinItem from architectury-common.mixins.json into net.minecraft.world.item.Item
[25Feb2025 23:51:51.196] [main/DEBUG] [mixin/]: Mixing ItemMixin from ftblibrary-common.mixins.json into net.minecraft.world.item.Item
[25Feb2025 23:51:51.196] [main/DEBUG] [mixin/]: ftblibrary-common.mixins.json:ItemMixin: Class version 61 required is higher than the class version supported by the current version of Mixin (JAVA_8 supports class version 52)
[25Feb2025 23:51:51.232] [main/DEBUG] [net.minecraftforge.coremod.transformer.CoreModBaseTransformer/COREMOD]: Transforming net/minecraft/world/entity/EntityType
[25Feb2025 23:51:51.323] [main/DEBUG] [mixin/]: Mixing inject.MixinEntityType from architectury-common.mixins.json into net.minecraft.world.entity.EntityType
[25Feb2025 23:51:51.398] [main/DEBUG] [mixin/]: Mixing TrunkPlacerTypeInvoker from graveyard-common.mixins.json into net.minecraft.world.level.levelgen.feature.trunkplacers.TrunkPlacerType
[25Feb2025 23:51:51.399] [main/DEBUG] [mixin/]: Renaming @Invoker method callRegister(Ljava/lang/String;Lcom/mojang/serialization/Codec;)Lnet/minecraft/world/level/levelgen/feature/trunkplacers/TrunkPlacerType; to callRegister_$md$506fb6$0 in graveyard-common.mixins.json:TrunkPlacerTypeInvoker
[25Feb2025 23:51:51.437] [main/DEBUG] [mixin/]: Mixing FireBlockMixin from insanelib.mixins.json into net.minecraft.world.level.block.FireBlock
[25Feb2025 23:51:51.439] [main/DEBUG] [mixin/]: insanelib.mixins.json:FireBlockMixin: Class version 61 required is higher than the class version supported by the current version of Mixin (JAVA_8 supports class version 52)
[25Feb2025 23:51:51.480] [main/DEBUG] [mixin/]: Mixing ShapesMixin from creativecore.mixins.json into net.minecraft.world.phys.shapes.Shapes
[25Feb2025 23:51:51.927] [main/DEBUG] [mixin/]: Mixing VoxelShapeAccessor from creativecore.mixins.json into net.minecraft.world.phys.shapes.VoxelShape
[25Feb2025 23:51:52.322] [main/DEBUG] [mixin/]: Mixing PlantBlockMixin from graveyard-common.mixins.json into net.minecraft.world.level.block.BushBlock
[25Feb2025 23:51:52.341] [main/DEBUG] [net.minecraftforge.coremod.transformer.CoreModBaseTransformer/COREMOD]: Transforming net/minecraft/world/level/block/LiquidBlock
[25Feb2025 23:51:52.342] [main/DEBUG] [mixin/]: Mixing inject.MixinLiquidBlock from architectury-common.mixins.json into net.minecraft.world.level.block.LiquidBlock
[25Feb2025 23:51:52.391] [main/DEBUG] [net.minecraftforge.coremod.transformer.CoreModBaseTransformer/COREMOD]: Transforming net/minecraft/world/level/block/StairBlock
[25Feb2025 23:51:52.400] [main/DEBUG] [mixin/]: Mixing ChestBlockMixin from tombstone.mixins.json into net.minecraft.world.level.block.ChestBlock
[25Feb2025 23:51:52.471] [main/DEBUG] [mixin/]: Mixing CakeBlockMixin from insanelib.mixins.json into net.minecraft.world.level.block.CakeBlock
[25Feb2025 23:51:52.472] [main/DEBUG] [mixin/]: insanelib.mixins.json:CakeBlockMixin: Class version 61 required is higher than the class version supported by the current version of Mixin (JAVA_8 supports class version 52)
[25Feb2025 23:51:52.507] [main/DEBUG] [net.minecraftforge.coremod.transformer.CoreModBaseTransformer/COREMOD]: Transforming net/minecraft/world/level/block/FlowerPotBlock
[25Feb2025 23:51:52.571] [main/DEBUG] [mixin/]: Mixing reinforced.BubbleColumnBlockMixin from securitycraft.mixins.json into net.minecraft.world.level.block.BubbleColumnBlock
[25Feb2025 23:51:52.666] [main/DEBUG] [mixin/]: Mixing MixinPowderSnowBlock from curios.mixins.json into net.minecraft.world.level.block.PowderSnowBlock
[25Feb2025 23:51:52.863] [main/DEBUG] [mixin/]: Mixing BrushableBlockEntityMixin from tombstone.mixins.json into net.minecraft.world.level.block.entity.BrushableBlockEntity
[25Feb2025 23:51:52.885] [main/DEBUG] [mixin/]: Mixing FallingBlockEntityMixin from insanelib.mixins.json into net.minecraft.world.entity.item.FallingBlockEntity
[25Feb2025 23:51:52.885] [main/DEBUG] [mixin/]: insanelib.mixins.json:FallingBlockEntityMixin: Class version 61 required is higher than the class version supported by the current version of Mixin (JAVA_8 supports class version 52)
[25Feb2025 23:51:52.885] [main/DEBUG] [mixin/]: Mixing MixinFallingBlockEntity from architectury.mixins.json into net.minecraft.world.entity.item.FallingBlockEntity
[25Feb2025 23:51:53.591] [main/DEBUG] [mixin/]: Mixing ProjectileMixin from enhancedvisuals.mixins.json into net.minecraft.world.entity.projectile.Projectile
[25Feb2025 23:51:53.621] [main/DEBUG] [mixin/]: Mixing MobMixin from eeeabsmobs.mixins.json into net.minecraft.world.entity.Mob
[25Feb2025 23:51:53.623] [main/DEBUG] [mixin/]: Mixing MobMixin from tombstone.mixins.json into net.minecraft.world.entity.Mob
[25Feb2025 23:51:53.624] [main/DEBUG] [mixin/]: Renaming synthetic method lambda$methodSetTarget$2(Lnet/minecraft/world/entity/LivingEntity;Ljava/util/UUID;)Ljava/lang/Boolean; to md506fb6$lambda$methodSetTarget$2$0 in tombstone.mixins.json:MobMixin
[25Feb2025 23:51:53.624] [main/DEBUG] [mixin/]: Renaming synthetic method lambda$methodCanBeLeashed$1(Lnet/minecraft/world/entity/player/Player;Ljava/util/UUID;)Ljava/lang/Boolean; to md506fb6$lambda$methodCanBeLeashed$1$1 in tombstone.mixins.json:MobMixin
[25Feb2025 23:51:53.625] [main/DEBUG] [mixin/]: Renaming synthetic method lambda$methodTick$0(Lnet/minecraft/world/entity/Mob;Lovh/corail/tombstone/api/capability/ISpellCaster;)V to md506fb6$lambda$methodTick$0$2 in tombstone.mixins.json:MobMixin
[25Feb2025 23:51:53.633] [main/DEBUG] [mixin/]: Mixing MixinMob from hordes.mixin.json into net.minecraft.world.entity.Mob
[25Feb2025 23:51:53.640] [main/DEBUG] [mixin/]: Renaming synthetic method lambda$checkAndHandleImportantInteractions$0(Lnet/minecraft/world/entity/player/Player;)Lnet/minecraft/world/level/chunk/LevelChunk; to md506fb6$lambda$checkAndHandleImportantInteractions$0$3 in hordes.mixin.json:MixinMob
[25Feb2025 23:51:53.741] [main/DEBUG] [mixin/]: Mixing MonsterMixin from tombstone.mixins.json into net.minecraft.world.entity.monster.Monster
[25Feb2025 23:51:53.811] [main/DEBUG] [net.minecraftforge.coremod.transformer.CoreModBaseTransformer/COREMOD]: Transforming net/minecraft/world/item/ItemStack
[25Feb2025 23:51:53.812] [main/DEBUG] [mixin/]: Mixing ItemStackMixin from insanelib.mixins.json into net.minecraft.world.item.ItemStack
[25Feb2025 23:51:53.813] [main/DEBUG] [mixin/]: insanelib.mixins.json:ItemStackMixin: Class version 61 required is higher than the class version supported by the current version of Mixin (JAVA_8 supports class version 52)
[25Feb2025 23:51:53.813] [main/DEBUG] [mixin/]: Mixing ItemStackMixin from tombstone.mixins.json into net.minecraft.world.item.ItemStack
[25Feb2025 23:51:54.771] [main/DEBUG] [mixin/]: Mixing MixinLightningBolt from architectury-common.mixins.json into net.minecraft.world.entity.LightningBolt
[25Feb2025 23:51:54.933] [main/DEBUG] [net.minecraftforge.coremod.transformer.CoreModBaseTransformer/COREMOD]: Transforming net/minecraft/world/entity/animal/frog/Tadpole
[25Feb2025 23:51:54.977] [main/DEBUG] [mixin/]: Mixing boat.BoatItemMixin from securitycraft.mixins.json into net.minecraft.world.item.BoatItem
[25Feb2025 23:51:55.000] [main/DEBUG] [net.minecraftforge.coremod.transformer.CoreModBaseTransformer/COREMOD]: Transforming net/minecraft/world/item/BucketItem
[25Feb2025 23:51:55.001] [main/DEBUG] [mixin/]: Mixing inject.MixinBucketItem from architectury-common.mixins.json into net.minecraft.world.item.BucketItem
[25Feb2025 23:51:55.009] [main/DEBUG] [mixin/]: Mixing BundleItemMixin from tombstone.mixins.json into net.minecraft.world.item.BundleItem
[25Feb2025 23:51:55.009] [main/DEBUG] [mixin/]: Renaming synthetic method lambda$getEnchantmentLevel$0(Lnet/minecraft/world/item/ItemStack;Lovh/corail/tombstone/api/capability/ISoulConsumer;)Ljava/lang/Boolean; to md506fb6$lambda$getEnchantmentLevel$0$0 in tombstone.mixins.json:BundleItemMixin
[25Feb2025 23:51:55.023] [main/DEBUG] [mixin/]: Mixing MixinShearsItem from curios.mixins.json into net.minecraft.world.item.ShearsItem
[25Feb2025 23:51:55.027] [main/DEBUG] [mixin/]: Mixing PotionItemMixin from tombstone.mixins.json into net.minecraft.world.item.PotionItem
[25Feb2025 23:51:55.028] [main/DEBUG] [mixin/]: Renaming synthetic method lambda$methodFinishUsingItemReturn$1(Lnet/minecraft/world/entity/LivingEntity;Lovh/corail/tombstone/api/capability/ITBCapability;)V to md506fb6$lambda$methodFinishUsingItemReturn$1$0 in tombstone.mixins.json:PotionItemMixin
[25Feb2025 23:51:55.029] [main/DEBUG] [mixin/]: Renaming synthetic method lambda$effectList$0(Lnet/minecraft/world/effect/MobEffectInstance;)Ljava/lang/Integer; to md506fb6$lambda$effectList$0$1 in tombstone.mixins.json:PotionItemMixin
[25Feb2025 23:51:55.044] [main/DEBUG] [mixin/]: Mixing reinforced.WritableAndWrittenBookItemMixin from securitycraft.mixins.json into net.minecraft.world.item.WritableBookItem
[25Feb2025 23:51:55.053] [main/DEBUG] [mixin/]: Mixing reinforced.WritableAndWrittenBookItemMixin from securitycraft.mixins.json into net.minecraft.world.item.WrittenBookItem
[25Feb2025 23:51:55.076] [main/DEBUG] [mixin/]: Mixing suspiciousmines.BrushItemMixin from securitycraft.mixins.json into net.minecraft.world.item.BrushItem
[25Feb2025 23:51:55.076] [main/DEBUG] [mixin/]: Renaming synthetic method lambda$securitycraft$checkForSuspiciousMine$1(Lnet/minecraft/world/entity/player/Player;)V to md506fb6$lambda$securitycraft$checkForSuspiciousMine$1$0 in securitycraft.mixins.json:suspiciousmines.BrushItemMixin
[25Feb2025 23:51:55.076] [main/DEBUG] [mixin/]: Renaming synthetic method lambda$securitycraft$makeSuspiciousMinesBrushablePartTwo$0(Lnet/minecraft/world/entity/Entity;)Z to md506fb6$lambda$securitycraft$makeSuspiciousMinesBrushablePartTwo$0$1 in securitycraft.mixins.json:suspiciousmines.BrushItemMixin
[25Feb2025 23:51:55.092] [main/DEBUG] [mixin/]: Mixing inject.MixinItemProperties from architectury-common.mixins.json into net.minecraft.world.item.Item$Properties
[25Feb2025 23:51:55.150] [main/DEBUG] [mixin/]: Mixing HurtByTargetGoalMixin from tombstone.mixins.json into net.minecraft.world.entity.ai.goal.target.HurtByTargetGoal
[25Feb2025 23:51:55.154] [main/DEBUG] [mixin/]: Mixing accessor.TargetGoalAccessor from tombstone.mixins.json into net.minecraft.world.entity.ai.goal.target.TargetGoal
[25Feb2025 23:51:56.133] [main/DEBUG] [mixin/]: Mixing boat.BoatMixin from securitycraft.mixins.json into net.minecraft.world.entity.vehicle.Boat
[25Feb2025 23:51:56.148] [main/DEBUG] [mixin/]: Mixing MixinAbstractHorse from hordes.mixin.json into net.minecraft.world.entity.animal.horse.AbstractHorse
[25Feb2025 23:51:56.188] [main/DEBUG] [net.minecraftforge.coremod.transformer.CoreModBaseTransformer/COREMOD]: Transforming net/minecraft/world/entity/monster/Spider
[25Feb2025 23:51:56.234] [main/DEBUG] [mixin/]: Mixing CreeperEntityMixin from graveyard-common.mixins.json into net.minecraft.world.entity.monster.Creeper
[25Feb2025 23:51:56.261] [main/DEBUG] [net.minecraftforge.coremod.transformer.CoreModBaseTransformer/COREMOD]: Transforming net/minecraft/world/entity/monster/Zombie
[25Feb2025 23:51:56.336] [main/DEBUG] [mixin/]: Mixing MixinZombie from hordes.mixin.json into net.minecraft.world.entity.monster.Zombie
[25Feb2025 23:51:56.343] [main/DEBUG] [net.minecraftforge.coremod.transformer.CoreModBaseTransformer/COREMOD]: Transforming net/minecraft/world/entity/monster/ZombieVillager
[25Feb2025 23:51:56.398] [main/DEBUG] [mixin/]: Mixing MixinZombieVillager from hordes.mixin.json into net.minecraft.world.entity.monster.ZombieVillager
[25Feb2025 23:51:56.441] [main/DEBUG] [mixin/]: Mixing MixinEvoker from hordes.mixin.json into net.minecraft.world.entity.monster.Evoker
[25Feb2025 23:51:56.457] [main/DEBUG] [net.minecraftforge.coremod.transformer.CoreModBaseTransformer/COREMOD]: Transforming net/minecraft/world/entity/monster/Evoker$EvokerSummonSpellGoal
[25Feb2025 23:51:56.513] [main/DEBUG] [mixin/]: Mixing MixinHoglin from hordes.mixin.json into net.minecraft.world.entity.monster.hoglin.Hoglin
[25Feb2025 23:51:56.517] [main/DEBUG] [mixin/]: Mixing MixinZoglin from hordes.mixin.json into net.minecraft.world.entity.monster.Zoglin
[25Feb2025 23:51:56.569] [main/DEBUG] [mixin/]: Mixing MixinZombifiedPiglin from hordes.mixin.json into net.minecraft.world.entity.monster.ZombifiedPiglin
[25Feb2025 23:51:56.569] [main/DEBUG] [mixin/]: Renaming synthetic method lambda$addBehaviourGoals$0()Z to md506fb6$lambda$addBehaviourGoals$0$0 in hordes.mixin.json:MixinZombifiedPiglin
[25Feb2025 23:51:56.576] [main/DEBUG] [mixin/]: Mixing MixinPiglin from hordes.mixin.json into net.minecraft.world.entity.monster.piglin.Piglin
[25Feb2025 23:51:56.584] [main/DEBUG] [mixin/]: Mixing MixinAbstractPiglin from hordes.mixin.json into net.minecraft.world.entity.monster.piglin.AbstractPiglin
[25Feb2025 23:51:56.589] [main/DEBUG] [mixin/]: Mixing MixinPiglinBrute from hordes.mixin.json into net.minecraft.world.entity.monster.piglin.PiglinBrute
[25Feb2025 23:51:56.593] [main/DEBUG] [mixin/]: Mixing MixinPillager from hordes.mixin.json into net.minecraft.world.entity.monster.Pillager
[25Feb2025 23:51:56.612] [main/DEBUG] [mixin/]: Mixing MixinRavager from hordes.mixin.json into net.minecraft.world.entity.monster.Ravager
[25Feb2025 23:51:56.631] [main/DEBUG] [net.minecraftforge.coremod.transformer.CoreModBaseTransformer/COREMOD]: Transforming net/minecraft/world/entity/animal/horse/SkeletonTrapGoal
[25Feb2025 23:51:56.656] [main/DEBUG] [net.minecraftforge.coremod.transformer.CoreModBaseTransformer/COREMOD]: Transforming net/minecraft/world/entity/monster/Strider
[25Feb2025 23:51:56.714] [main/DEBUG] [mixin/]: Mixing common.PoseMixin from parcool.mixins.json into net.minecraft.world.entity.Pose
[25Feb2025 23:51:56.714] [main/DEBUG] [mixin/]: parcool.mixins.json:common.PoseMixin: Class version 61 required is higher than the class version supported by the current version of Mixin (JAVA_8 supports class version 52)
[25Feb2025 23:51:56.715] [main/DEBUG] [mixin/]: Renaming @Invoker method newPose(Ljava/lang/String;I)Lnet/minecraft/world/entity/Pose; to newPose_$md$506fb6$0 in parcool.mixins.json:common.PoseMixin
[25Feb2025 23:51:56.734] [main/DEBUG] [mixin/]: Mixing common.ServerPlayerMixin from tacz.mixins.json into net.minecraft.server.level.ServerPlayer
[25Feb2025 23:51:56.734] [main/DEBUG] [mixin/]: Mixing MixinServerPlayer from hordes.mixin.json into net.minecraft.server.level.ServerPlayer
[25Feb2025 23:51:56.737] [main/DEBUG] [mixin/]: Mixing ServerPlayerMixin from playerrevive.mixins.json into net.minecraft.server.level.ServerPlayer
[25Feb2025 23:51:56.737] [main/DEBUG] [mixin/]: Mixing ServerPlayerMixin from tombstone.mixins.json into net.minecraft.server.level.ServerPlayer
[25Feb2025 23:51:56.737] [main/DEBUG] [mixin/]: Mixing camera.ServerPlayerMixin from securitycraft.mixins.json into net.minecraft.server.level.ServerPlayer
[25Feb2025 23:51:56.802] [main/DEBUG] [mixin/]: Mixing MixinVex from hordes.mixin.json into net.minecraft.world.entity.monster.Vex
[25Feb2025 23:51:56.811] [main/DEBUG] [net.minecraftforge.coremod.transformer.CoreModBaseTransformer/COREMOD]: Transforming net/minecraft/world/entity/npc/Villager
[25Feb2025 23:51:56.915] [main/DEBUG] [mixin/]: Mixing VillagerEntityMixin from graveyard-common.mixins.json into net.minecraft.world.entity.npc.Villager
[25Feb2025 23:51:56.916] [main/DEBUG] [mixin/]: Mixing accessor.VillagerAccessor from tombstone.mixins.json into net.minecraft.world.entity.npc.Villager
[25Feb2025 23:51:56.935] [main/DEBUG] [mixin/]: Mixing MixinWitch from hordes.mixin.json into net.minecraft.world.entity.monster.Witch
[25Feb2025 23:51:56.969] [main/DEBUG] [mixin/]: Mixing MixinVindicator from hordes.mixin.json into net.minecraft.world.entity.monster.Vindicator
[25Feb2025 23:51:56.976] [main/DEBUG] [mixin/]: Mixing WanderingTraderEntityMixin from graveyard-common.mixins.json into net.minecraft.world.entity.npc.WanderingTrader
[25Feb2025 23:51:56.994] [main/DEBUG] [mixin/]: Mixing MixinZombieHorse from hordes.mixin.json into net.minecraft.world.entity.animal.horse.ZombieHorse
[25Feb2025 23:51:56.994] [main/DEBUG] [mixin/]: Renaming synthetic method lambda$addBehaviourGoals$2(Lnet/minecraft/world/entity/ai/goal/WrappedGoal;)Z to md506fb6$lambda$addBehaviourGoals$2$0 in hordes.mixin.json:MixinZombieHorse
[25Feb2025 23:51:56.994] [main/DEBUG] [mixin/]: Renaming synthetic method lambda$addBehaviourGoals$1(Lnet/minecraft/world/entity/ai/goal/WrappedGoal;)Z to md506fb6$lambda$addBehaviourGoals$1$1 in hordes.mixin.json:MixinZombieHorse
[25Feb2025 23:51:56.995] [main/DEBUG] [mixin/]: Renaming synthetic method lambda$addBehaviourGoals$0()Z to md506fb6$lambda$addBehaviourGoals$0$2 in hordes.mixin.json:MixinZombieHorse
[25Feb2025 23:51:57.029] [main/DEBUG] [mixin/]: Mixing inject.MixinFoodPropertiesBuilder from architectury-common.mixins.json into net.minecraft.world.food.FoodProperties$Builder
[25Feb2025 23:51:57.032] [main/DEBUG] [net.minecraftforge.coremod.transformer.CoreModBaseTransformer/COREMOD]: Transforming net/minecraft/world/effect/MobEffectInstance
[25Feb2025 23:51:57.032] [main/DEBUG] [mixin/]: Mixing MixinMobEffectInstance from hordes.mixin.json into net.minecraft.world.effect.MobEffectInstance
[25Feb2025 23:51:57.073] [main/DEBUG] [mixin/]: Mixing ServerPlayNetworkHandlerMixin from graveyard-common.mixins.json into net.minecraft.server.network.ServerGamePacketListenerImpl
[25Feb2025 23:51:57.075] [main/DEBUG] [mixin/]: Mixing common.ServerGamePacketListenerImplMixin from tacz.mixins.json into net.minecraft.server.network.ServerGamePacketListenerImpl
[25Feb2025 23:51:57.076] [main/DEBUG] [mixin/]: Mixing common.ServerPlayNetHandlerMixin from tacz.mixins.json into net.minecraft.server.network.ServerGamePacketListenerImpl
[25Feb2025 23:51:57.186] [main/DEBUG] [mixin/]: Mixing potion.BrewingStandMenuMixin from securitycraft.mixins.json into net.minecraft.world.inventory.BrewingStandMenu
[25Feb2025 23:51:57.248] [main/DEBUG] [mixin/]: Mixing MixinInventory from curios.mixins.json into net.minecraft.world.entity.player.Inventory
[25Feb2025 23:51:57.285] [main/DEBUG] [mixin/]: Mixing accessor.ShapedRecipeAccessor from tombstone.mixins.json into net.minecraft.world.item.crafting.ShapedRecipe
[25Feb2025 23:51:57.393] [main/DEBUG] [mixin/]: Mixing MixinApplyBonusCount from curios.mixins.json into net.minecraft.world.level.storage.loot.functions.ApplyBonusCount
[25Feb2025 23:51:57.521] [main/DEBUG] [mixin/]: Mixing TreeFeatureMixin from graveyard-common.mixins.json into net.minecraft.world.level.levelgen.feature.TreeFeature
[25Feb2025 23:51:57.544] [main/DEBUG] [mixin/]: Mixing LakeFeatureMixin from graveyard-common.mixins.json into net.minecraft.world.level.levelgen.feature.LakeFeature
[25Feb2025 23:51:57.549] [main/DEBUG] [net.minecraftforge.coremod.transformer.CoreModBaseTransformer/COREMOD]: Transforming net/minecraft/world/level/levelgen/structure/Structure
[25Feb2025 23:51:57.802] [main/DEBUG] [net.minecraftforge.coremod.transformer.CoreModBaseTransformer/COREMOD]: Transforming net/minecraft/world/level/levelgen/structure/Structure
[25Feb2025 23:51:57.841] [main/DEBUG] [net.minecraftforge.coremod.transformer.CoreModBaseTransformer/COREMOD]: Transforming net/minecraft/world/level/levelgen/structure/structures/OceanRuinPieces$OceanRuinPiece
[25Feb2025 23:51:57.867] [main/DEBUG] [net.minecraftforge.coremod.transformer.CoreModBaseTransformer/COREMOD]: Transforming net/minecraft/world/level/levelgen/structure/structures/SwampHutPiece
[25Feb2025 23:51:57.891] [main/DEBUG] [net.minecraftforge.coremod.transformer.CoreModBaseTransformer/COREMOD]: Transforming net/minecraft/world/level/levelgen/structure/structures/OceanMonumentPieces$OceanMonumentPiece
[25Feb2025 23:51:57.923] [main/DEBUG] [net.minecraftforge.coremod.transformer.CoreModBaseTransformer/COREMOD]: Transforming net/minecraft/world/level/levelgen/structure/structures/WoodlandMansionPieces$WoodlandMansionPiece
[25Feb2025 23:51:58.041] [main/DEBUG] [net.minecraftforge.coremod.transformer.CoreModBaseTransformer/COREMOD]: Transforming net/minecraft/world/level/biome/Biome
[25Feb2025 23:51:58.337] [main/DEBUG] [net.minecraftforge.common.ForgeI18n/CORE]: Loading I18N data entries: 6430
[25Feb2025 23:51:58.358] [main/DEBUG] [net.minecraftforge.fml.ModWorkManager/LOADING]: Using 4 threads for parallel mod-loading
[25Feb2025 23:51:58.364] [main/DEBUG] [net.minecraftforge.fml.javafmlmod.FMLJavaModLanguageProvider/LOADING]: Loading FMLModContainer from classloader cpw.mods.modlauncher.TransformingClassLoader@6587305a - got cpw.mods.cl.ModuleClassLoader@3f36b447
[25Feb2025 23:51:58.364] [main/DEBUG] [net.minecraftforge.fml.javafmlmod.FMLModContainer/LOADING]: Creating FMLModContainer instance for net.silentchaos512.lib.SilentLib
[25Feb2025 23:51:58.369] [main/DEBUG] [net.minecraftforge.fml.javafmlmod.FMLJavaModLanguageProvider/LOADING]: Loading FMLModContainer from classloader cpw.mods.modlauncher.TransformingClassLoader@6587305a - got cpw.mods.cl.ModuleClassLoader@3f36b447
[25Feb2025 23:51:58.369] [main/DEBUG] [net.minecraftforge.fml.javafmlmod.FMLModContainer/LOADING]: Creating FMLModContainer instance for software.bernie.example.GeckoLibMod
[25Feb2025 23:51:58.369] [main/DEBUG] [net.minecraftforge.fml.javafmlmod.FMLJavaModLanguageProvider/LOADING]: Loading FMLModContainer from classloader cpw.mods.modlauncher.TransformingClassLoader@6587305a - got cpw.mods.cl.ModuleClassLoader@3f36b447
[25Feb2025 23:51:58.369] [main/DEBUG] [net.minecraftforge.fml.javafmlmod.FMLModContainer/LOADING]: Creating FMLModContainer instance for team.creative.creativecore.CreativeCore
[25Feb2025 23:51:58.370] [main/DEBUG] [net.minecraftforge.fml.javafmlmod.FMLJavaModLanguageProvider/LOADING]: Loading FMLModContainer from classloader cpw.mods.modlauncher.TransformingClassLoader@6587305a - got cpw.mods.cl.ModuleClassLoader@3f36b447
[25Feb2025 23:51:58.370] [main/DEBUG] [net.minecraftforge.fml.javafmlmod.FMLModContainer/LOADING]: Creating FMLModContainer instance for net.mcreator.bunkerdown.BunkerDownMod
[25Feb2025 23:51:58.370] [main/DEBUG] [net.minecraftforge.fml.javafmlmod.FMLJavaModLanguageProvider/LOADING]: Loading FMLModContainer from classloader cpw.mods.modlauncher.TransformingClassLoader@6587305a - got cpw.mods.cl.ModuleClassLoader@3f36b447
[25Feb2025 23:51:58.370] [main/DEBUG] [net.minecraftforge.fml.javafmlmod.FMLModContainer/LOADING]: Creating FMLModContainer instance for mezz.jei.forge.JustEnoughItems
[25Feb2025 23:51:58.371] [main/DEBUG] [net.minecraftforge.fml.javafmlmod.FMLJavaModLanguageProvider/LOADING]: Loading FMLModContainer from classloader cpw.mods.modlauncher.TransformingClassLoader@6587305a - got cpw.mods.cl.ModuleClassLoader@3f36b447
[25Feb2025 23:51:58.371] [main/DEBUG] [net.minecraftforge.fml.javafmlmod.FMLModContainer/LOADING]: Creating FMLModContainer instance for com.eeeab.eeeabsmobs.EEEABMobs
[25Feb2025 23:51:58.372] [main/DEBUG] [net.minecraftforge.fml.javafmlmod.FMLJavaModLanguageProvider/LOADING]: Loading FMLModContainer from classloader cpw.mods.modlauncher.TransformingClassLoader@6587305a - got cpw.mods.cl.ModuleClassLoader@3f36b447
[25Feb2025 23:51:58.372] [main/DEBUG] [net.minecraftforge.fml.javafmlmod.FMLModContainer/LOADING]: Creating FMLModContainer instance for net.mcreator.apocalypsenow.ApocalypsenowMod
[25Feb2025 23:51:58.372] [main/DEBUG] [net.minecraftforge.fml.javafmlmod.FMLJavaModLanguageProvider/LOADING]: Loading FMLModContainer from classloader cpw.mods.modlauncher.TransformingClassLoader@6587305a - got cpw.mods.cl.ModuleClassLoader@3f36b447
[25Feb2025 23:51:58.372] [main/DEBUG] [net.minecraftforge.fml.javafmlmod.FMLModContainer/LOADING]: Creating FMLModContainer instance for com.lion.graveyard.forge.GraveyardForge
[25Feb2025 23:51:58.373] [main/DEBUG] [net.minecraftforge.fml.javafmlmod.FMLJavaModLanguageProvider/LOADING]: Loading FMLModContainer from classloader cpw.mods.modlauncher.TransformingClassLoader@6587305a - got cpw.mods.cl.ModuleClassLoader@3f36b447
[25Feb2025 23:51:58.373] [main/DEBUG] [net.minecraftforge.fml.javafmlmod.FMLModContainer/LOADING]: Creating FMLModContainer instance for com.tacz.guns.GunMod
[25Feb2025 23:51:58.373] [main/DEBUG] [net.minecraftforge.fml.javafmlmod.FMLJavaModLanguageProvider/LOADING]: Loading FMLModContainer from classloader cpw.mods.modlauncher.TransformingClassLoader@6587305a - got cpw.mods.cl.ModuleClassLoader@3f36b447
[25Feb2025 23:51:58.373] [main/DEBUG] [net.minecraftforge.fml.javafmlmod.FMLModContainer/LOADING]: Creating FMLModContainer instance for com.github.L_Ender.lionfishapi.LionfishAPI
[25Feb2025 23:51:58.374] [main/DEBUG] [net.minecraftforge.fml.javafmlmod.FMLJavaModLanguageProvider/LOADING]: Loading FMLModContainer from classloader cpw.mods.modlauncher.TransformingClassLoader@6587305a - got cpw.mods.cl.ModuleClassLoader@3f36b447
[25Feb2025 23:51:58.374] [main/DEBUG] [net.minecraftforge.fml.javafmlmod.FMLModContainer/LOADING]: Creating FMLModContainer instance for dev.buildtool.satako.Satako
[25Feb2025 23:51:58.375] [main/DEBUG] [net.minecraftforge.fml.javafmlmod.FMLJavaModLanguageProvider/LOADING]: Loading FMLModContainer from classloader cpw.mods.modlauncher.TransformingClassLoader@6587305a - got cpw.mods.cl.ModuleClassLoader@3f36b447
[25Feb2025 23:51:58.375] [main/DEBUG] [net.minecraftforge.fml.javafmlmod.FMLModContainer/LOADING]: Creating FMLModContainer instance for insane96mcp.insanelib.InsaneLib
[25Feb2025 23:51:58.375] [main/DEBUG] [net.minecraftforge.fml.javafmlmod.FMLJavaModLanguageProvider/LOADING]: Loading FMLModContainer from classloader cpw.mods.modlauncher.TransformingClassLoader@6587305a - got cpw.mods.cl.ModuleClassLoader@3f36b447
[25Feb2025 23:51:58.375] [main/DEBUG] [net.minecraftforge.fml.javafmlmod.FMLModContainer/LOADING]: Creating FMLModContainer instance for top.theillusivec4.curios.Curios
[25Feb2025 23:51:58.376] [main/DEBUG] [net.minecraftforge.fml.javafmlmod.FMLJavaModLanguageProvider/LOADING]: Loading FMLModContainer from classloader cpw.mods.modlauncher.TransformingClassLoader@6587305a - got cpw.mods.cl.ModuleClassLoader@3f36b447
[25Feb2025 23:51:58.376] [main/DEBUG] [net.minecraftforge.fml.javafmlmod.FMLModContainer/LOADING]: Creating FMLModContainer instance for journeymap.common.Journeymap
[25Feb2025 23:51:58.376] [main/DEBUG] [net.minecraftforge.fml.javafmlmod.FMLJavaModLanguageProvider/LOADING]: Loading FMLModContainer from classloader cpw.mods.modlauncher.TransformingClassLoader@6587305a - got cpw.mods.cl.ModuleClassLoader@3f36b447
[25Feb2025 23:51:58.377] [main/DEBUG] [net.minecraftforge.fml.javafmlmod.FMLModContainer/LOADING]: Creating FMLModContainer instance for team.creative.enhancedvisuals.EnhancedVisuals
[25Feb2025 23:51:58.378] [main/DEBUG] [net.minecraftforge.fml.javafmlmod.FMLJavaModLanguageProvider/LOADING]: Loading FMLModContainer from classloader cpw.mods.modlauncher.TransformingClassLoader@6587305a - got cpw.mods.cl.ModuleClassLoader@3f36b447
[25Feb2025 23:51:58.378] [main/DEBUG] [net.minecraftforge.fml.javafmlmod.FMLModContainer/LOADING]: Creating FMLModContainer instance for net.geforcemods.securitycraft.SecurityCraft
[25Feb2025 23:51:58.379] [main/DEBUG] [net.minecraftforge.fml.javafmlmod.FMLJavaModLanguageProvider/LOADING]: Loading FMLModContainer from classloader cpw.mods.modlauncher.TransformingClassLoader@6587305a - got cpw.mods.cl.ModuleClassLoader@3f36b447
[25Feb2025 23:51:58.379] [main/DEBUG] [net.minecraftforge.fml.javafmlmod.FMLModContainer/LOADING]: Creating FMLModContainer instance for com.alrex.parcool.ParCool
[25Feb2025 23:51:58.380] [main/DEBUG] [net.minecraftforge.fml.javafmlmod.FMLJavaModLanguageProvider/LOADING]: Loading FMLModContainer from classloader cpw.mods.modlauncher.TransformingClassLoader@6587305a - got cpw.mods.cl.ModuleClassLoader@3f36b447
[25Feb2025 23:51:58.380] [main/DEBUG] [net.minecraftforge.fml.javafmlmod.FMLModContainer/LOADING]: Creating FMLModContainer instance for net.miauczel.legendary_monsters.LegendaryMonsters
[25Feb2025 23:51:58.381] [main/DEBUG] [net.minecraftforge.fml.javafmlmod.FMLJavaModLanguageProvider/LOADING]: Loading FMLModContainer from classloader cpw.mods.modlauncher.TransformingClassLoader@6587305a - got cpw.mods.cl.ModuleClassLoader@3f36b447
[25Feb2025 23:51:58.381] [main/DEBUG] [net.minecraftforge.fml.javafmlmod.FMLModContainer/LOADING]: Creating FMLModContainer instance for en.predator.horrorelementmod.HorrorElementModMod
[25Feb2025 23:51:58.381] [main/DEBUG] [net.minecraftforge.fml.javafmlmod.FMLJavaModLanguageProvider/LOADING]: Loading FMLModContainer from classloader cpw.mods.modlauncher.TransformingClassLoader@6587305a - got cpw.mods.cl.ModuleClassLoader@3f36b447
[25Feb2025 23:51:58.382] [main/DEBUG] [net.minecraftforge.fml.javafmlmod.FMLModContainer/LOADING]: Creating FMLModContainer instance for com.llamalad7.mixinextras.platform.forge.MixinExtrasMod
[25Feb2025 23:51:58.382] [main/DEBUG] [net.minecraftforge.fml.javafmlmod.FMLJavaModLanguageProvider/LOADING]: Loading FMLModContainer from classloader cpw.mods.modlauncher.TransformingClassLoader@6587305a - got cpw.mods.cl.ModuleClassLoader@3f36b447
[25Feb2025 23:51:58.383] [main/DEBUG] [net.minecraftforge.fml.javafmlmod.FMLModContainer/LOADING]: Creating FMLModContainer instance for ovh.corail.tombstone.ModTombstone
[25Feb2025 23:51:58.384] [main/DEBUG] [net.minecraftforge.fml.lowcodemod.LowCodeModLanguageProvider.LowCodeModTarget/LOADING]: Loading LowCodeModContainer from classloader cpw.mods.modlauncher.TransformingClassLoader@6587305a - got cpw.mods.cl.ModuleClassLoader@3f36b447
[25Feb2025 23:51:58.384] [main/DEBUG] [net.minecraftforge.fml.lowcodemod.LowCodeModContainer/LOADING]: Creating LowCodeModContainer for mr_lukis_grandcapitals
[25Feb2025 23:51:58.384] [main/DEBUG] [net.minecraftforge.fml.javafmlmod.FMLJavaModLanguageProvider/LOADING]: Loading FMLModContainer from classloader cpw.mods.modlauncher.TransformingClassLoader@6587305a - got cpw.mods.cl.ModuleClassLoader@3f36b447
[25Feb2025 23:51:58.384] [main/DEBUG] [net.minecraftforge.fml.javafmlmod.FMLModContainer/LOADING]: Creating FMLModContainer instance for net.smileycorp.atlas.common.AtlasLib
[25Feb2025 23:51:58.385] [main/DEBUG] [net.minecraftforge.fml.javafmlmod.FMLJavaModLanguageProvider/LOADING]: Loading FMLModContainer from classloader cpw.mods.modlauncher.TransformingClassLoader@6587305a - got cpw.mods.cl.ModuleClassLoader@3f36b447
[25Feb2025 23:51:58.385] [main/DEBUG] [net.minecraftforge.fml.javafmlmod.FMLModContainer/LOADING]: Creating FMLModContainer instance for com.corosus.coroutil.loader.forge.ConfigModForge
[25Feb2025 23:51:58.385] [main/DEBUG] [net.minecraftforge.fml.javafmlmod.FMLJavaModLanguageProvider/LOADING]: Loading FMLModContainer from classloader cpw.mods.modlauncher.TransformingClassLoader@6587305a - got cpw.mods.cl.ModuleClassLoader@3f36b447
[25Feb2025 23:51:58.385] [main/DEBUG] [net.minecraftforge.fml.javafmlmod.FMLModContainer/LOADING]: Creating FMLModContainer instance for net.mcreator.wegotrunnners.WegotrunnnersMod
[25Feb2025 23:51:58.386] [main/DEBUG] [net.minecraftforge.fml.javafmlmod.FMLJavaModLanguageProvider/LOADING]: Loading FMLModContainer from classloader cpw.mods.modlauncher.TransformingClassLoader@6587305a - got cpw.mods.cl.ModuleClassLoader@3f36b447
[25Feb2025 23:51:58.386] [main/DEBUG] [net.minecraftforge.fml.javafmlmod.FMLModContainer/LOADING]: Creating FMLModContainer instance for dev.architectury.forge.ArchitecturyForge
[25Feb2025 23:51:58.386] [main/DEBUG] [net.minecraftforge.fml.javafmlmod.FMLJavaModLanguageProvider/LOADING]: Loading FMLModContainer from classloader cpw.mods.modlauncher.TransformingClassLoader@6587305a - got cpw.mods.cl.ModuleClassLoader@3f36b447
[25Feb2025 23:51:58.386] [main/DEBUG] [net.minecraftforge.fml.javafmlmod.FMLModContainer/LOADING]: Creating FMLModContainer instance for dev.ftb.mods.ftblibrary.forge.FTBLibraryForge
[25Feb2025 23:51:58.387] [main/DEBUG] [net.minecraftforge.fml.javafmlmod.FMLJavaModLanguageProvider/LOADING]: Loading FMLModContainer from classloader cpw.mods.modlauncher.TransformingClassLoader@6587305a - got cpw.mods.cl.ModuleClassLoader@3f36b447
[25Feb2025 23:51:58.387] [main/DEBUG] [net.minecraftforge.fml.javafmlmod.FMLModContainer/LOADING]: Creating FMLModContainer instance for net.smileycorp.hordes.common.Hordes
[25Feb2025 23:51:58.387] [main/DEBUG] [net.minecraftforge.fml.lowcodemod.LowCodeModLanguageProvider.LowCodeModTarget/LOADING]: Loading LowCodeModContainer from classloader cpw.mods.modlauncher.TransformingClassLoader@6587305a - got cpw.mods.cl.ModuleClassLoader@3f36b447
[25Feb2025 23:51:58.387] [main/DEBUG] [net.minecraftforge.fml.lowcodemod.LowCodeModContainer/LOADING]: Creating LowCodeModContainer for terralith
[25Feb2025 23:51:58.388] [main/DEBUG] [net.minecraftforge.fml.javafmlmod.FMLJavaModLanguageProvider/LOADING]: Loading FMLModContainer from classloader cpw.mods.modlauncher.TransformingClassLoader@6587305a - got cpw.mods.cl.ModuleClassLoader@3f36b447
[25Feb2025 23:51:58.388] [main/DEBUG] [net.minecraftforge.fml.javafmlmod.FMLModContainer/LOADING]: Creating FMLModContainer instance for dev.buildtool.kturrets.KTurrets
[25Feb2025 23:51:58.391] [main/DEBUG] [net.minecraftforge.fml.javafmlmod.FMLJavaModLanguageProvider/LOADING]: Loading FMLModContainer from classloader cpw.mods.modlauncher.TransformingClassLoader@6587305a - got cpw.mods.cl.ModuleClassLoader@3f36b447
[25Feb2025 23:51:58.391] [main/DEBUG] [net.minecraftforge.fml.javafmlmod.FMLModContainer/LOADING]: Creating FMLModContainer instance for net.fadedconquest2.FadedConquest2Mod
[25Feb2025 23:51:58.391] [main/DEBUG] [net.minecraftforge.fml.javafmlmod.FMLJavaModLanguageProvider/LOADING]: Loading FMLModContainer from classloader cpw.mods.modlauncher.TransformingClassLoader@6587305a - got cpw.mods.cl.ModuleClassLoader@3f36b447
[25Feb2025 23:51:58.391] [main/DEBUG] [net.minecraftforge.fml.javafmlmod.FMLModContainer/LOADING]: Creating FMLModContainer instance for net.mcreator.horde_hoard.HordeHoardMod
[25Feb2025 23:51:58.392] [main/DEBUG] [net.minecraftforge.fml.javafmlmod.FMLJavaModLanguageProvider/LOADING]: Loading FMLModContainer from classloader cpw.mods.modlauncher.TransformingClassLoader@6587305a - got cpw.mods.cl.ModuleClassLoader@3f36b447
[25Feb2025 23:51:58.392] [main/DEBUG] [net.minecraftforge.fml.javafmlmod.FMLModContainer/LOADING]: Creating FMLModContainer instance for net.antrolgaming.ags_daycounter.AgsDayCounterMod
[25Feb2025 23:51:58.392] [main/DEBUG] [net.minecraftforge.fml.javafmlmod.FMLJavaModLanguageProvider/LOADING]: Loading FMLModContainer from classloader cpw.mods.modlauncher.TransformingClassLoader@6587305a - got cpw.mods.cl.ModuleClassLoader@3f36b447
[25Feb2025 23:51:58.392] [main/DEBUG] [net.minecraftforge.fml.javafmlmod.FMLModContainer/LOADING]: Creating FMLModContainer instance for net.silentchaos512.scalinghealth.ScalingHealth
[25Feb2025 23:51:58.393] [main/DEBUG] [net.minecraftforge.fml.javafmlmod.FMLJavaModLanguageProvider/LOADING]: Loading FMLModContainer from classloader cpw.mods.modlauncher.TransformingClassLoader@6587305a - got cpw.mods.cl.ModuleClassLoader@3f36b447
[25Feb2025 23:51:58.393] [main/DEBUG] [net.minecraftforge.fml.javafmlmod.FMLModContainer/LOADING]: Creating FMLModContainer instance for net.minecraftforge.common.ForgeMod
[25Feb2025 23:51:58.395] [main/DEBUG] [net.minecraftforge.fml.javafmlmod.FMLJavaModLanguageProvider/LOADING]: Loading FMLModContainer from classloader cpw.mods.modlauncher.TransformingClassLoader@6587305a - got cpw.mods.cl.ModuleClassLoader@3f36b447
[25Feb2025 23:51:58.395] [main/DEBUG] [net.minecraftforge.fml.javafmlmod.FMLModContainer/LOADING]: Creating FMLModContainer instance for team.creative.playerrevive.PlayerRevive
[25Feb2025 23:51:58.473] [modloading-worker-0/DEBUG] [net.minecraftforge.fml.javafmlmod.AutomaticEventSubscriber/LOADING]: Attempting to inject @EventBusSubscriber classes into the eventbus for geckolib
[25Feb2025 23:51:58.480] [modloading-worker-0/DEBUG] [net.minecraftforge.fml.javafmlmod.AutomaticEventSubscriber/LOADING]: Auto-subscribing software.bernie.example.GeckoLibMod to FORGE
[25Feb2025 23:51:58.483] [modloading-worker-0/DEBUG] [net.minecraftforge.fml.javafmlmod.AutomaticEventSubscriber/LOADING]: Auto-subscribing software.bernie.example.CommonListener to MOD
[25Feb2025 23:51:58.531] [modloading-worker-0/DEBUG] [net.minecraftforge.fml.config.ConfigTracker/CONFIG]: Config file jei-server.toml for jei tracking
[25Feb2025 23:51:58.537] [modloading-worker-0/DEBUG] [net.minecraftforge.fml.javafmlmod.AutomaticEventSubscriber/LOADING]: Attempting to inject @EventBusSubscriber classes into the eventbus for bunker_down
[25Feb2025 23:51:58.537] [modloading-worker-0/DEBUG] [net.minecraftforge.fml.javafmlmod.AutomaticEventSubscriber/LOADING]: Auto-subscribing net.mcreator.bunkerdown.procedures.StartWorldProcedure to FORGE
[25Feb2025 23:51:58.542] [modloading-worker-0/DEBUG] [mixin/]: Mixing MixinLevelEvent from architectury.mixins.json into net.minecraftforge.event.level.LevelEvent
[25Feb2025 23:51:58.553] [modloading-worker-0/DEBUG] [net.minecraftforge.fml.javafmlmod.AutomaticEventSubscriber/LOADING]: Attempting to inject @EventBusSubscriber classes into the eventbus for jei
[25Feb2025 23:51:58.555] [modloading-worker-0/DEBUG] [net.minecraftforge.fml.javafmlmod.AutomaticEventSubscriber/LOADING]: Auto-subscribing net.mcreator.bunkerdown.procedures.SpawnPointCancelBedProcedure to FORGE
[25Feb2025 23:51:58.559] [modloading-worker-0/DEBUG] [net.minecraftforge.fml.javafmlmod.AutomaticEventSubscriber/LOADING]: Auto-subscribing net.mcreator.bunkerdown.procedures.SetPlayerBunkerSpawnProcedure to FORGE
[25Feb2025 23:51:58.567] [modloading-worker-0/DEBUG] [net.minecraftforge.fml.javafmlmod.AutomaticEventSubscriber/LOADING]: Auto-subscribing net.mcreator.bunkerdown.network.BunkerDownModVariables to MOD
[25Feb2025 23:51:58.592] [modloading-worker-0/DEBUG] [net.minecraftforge.fml.javafmlmod.AutomaticEventSubscriber/LOADING]: Auto-subscribing net.mcreator.bunkerdown.network.BunkerDownModVariables$PlayerVariablesProvider to FORGE
[25Feb2025 23:51:58.596] [modloading-worker-0/DEBUG] [net.minecraftforge.fml.javafmlmod.AutomaticEventSubscriber/LOADING]: Auto-subscribing net.mcreator.bunkerdown.network.BunkerDownModVariables$EventBusVariableHandlers to FORGE
[25Feb2025 23:51:58.610] [modloading-worker-0/DEBUG] [net.minecraftforge.fml.javafmlmod.AutomaticEventSubscriber/LOADING]: Auto-subscribing net.mcreator.bunkerdown.init.BunkerDownModTabs to MOD
[25Feb2025 23:51:58.614] [modloading-worker-0/DEBUG] [net.minecraftforge.fml.javafmlmod.AutomaticEventSubscriber/LOADING]: Auto-subscribing net.mcreator.bunkerdown.init.BunkerDownModGameRules to MOD
[25Feb2025 23:51:58.615] [modloading-worker-0/DEBUG] [creativecore/]: Created network creativecore:main
[25Feb2025 23:51:58.626] [modloading-worker-0/DEBUG] [net.minecraftforge.fml.javafmlmod.AutomaticEventSubscriber/LOADING]: Attempting to inject @EventBusSubscriber classes into the eventbus for creativecore
[25Feb2025 23:51:58.629] [modloading-worker-0/DEBUG] [net.minecraftforge.fml.javafmlmod.AutomaticEventSubscriber/LOADING]: Auto-subscribing net.mcreator.bunkerdown.init.BunkerDownModFuels to FORGE
[25Feb2025 23:51:58.641] [modloading-worker-0/DEBUG] [net.minecraftforge.fml.javafmlmod.AutomaticEventSubscriber/LOADING]: Auto-subscribing net.mcreator.bunkerdown.init.BunkerDownModFeatures to FORGE
[25Feb2025 23:51:58.644] [modloading-worker-0/DEBUG] [net.minecraftforge.fml.javafmlmod.AutomaticEventSubscriber/LOADING]: Attempting to inject @EventBusSubscriber classes into the eventbus for silentlib
[25Feb2025 23:51:58.644] [modloading-worker-0/DEBUG] [net.minecraftforge.fml.javafmlmod.AutomaticEventSubscriber/LOADING]: Auto-subscribing net.silentchaos512.lib.world.placement.LibPlacements to MOD
[25Feb2025 23:51:58.645] [modloading-worker-0/DEBUG] [net.minecraftforge.fml.javafmlmod.AutomaticEventSubscriber/LOADING]: Auto-subscribing net.silentchaos512.lib.util.EntityHelper to FORGE
[25Feb2025 23:51:58.661] [modloading-worker-0/DEBUG] [net.minecraftforge.fml.config.ConfigTracker/CONFIG]: Config file tacz-common.toml for tacz tracking
[25Feb2025 23:51:58.667] [modloading-worker-0/DEBUG] [net.minecraftforge.fml.config.ConfigTracker/CONFIG]: Config file tacz-server.toml for tacz tracking
[25Feb2025 23:51:58.673] [modloading-worker-0/DEBUG] [net.minecraftforge.fml.config.ConfigTracker/CONFIG]: Config file tacz-client.toml for tacz tracking
[25Feb2025 23:51:58.728] [modloading-worker-0/DEBUG] [net.minecraftforge.fml.config.ConfigTracker/CONFIG]: Config file eeeabsmobs-common.toml for eeeabsmobs tracking
[25Feb2025 23:51:58.742] [modloading-worker-0/DEBUG] [net.minecraftforge.fml.javafmlmod.AutomaticEventSubscriber/LOADING]: Attempting to inject @EventBusSubscriber classes into the eventbus for eeeabsmobs
[25Feb2025 23:51:58.742] [modloading-worker-0/DEBUG] [net.minecraftforge.fml.javafmlmod.AutomaticEventSubscriber/LOADING]: Auto-subscribing com.eeeab.eeeabsmobs.sever.world.datagen.DataGenerators to MOD
[25Feb2025 23:51:58.744] [modloading-worker-0/DEBUG] [net.minecraftforge.fml.javafmlmod.AutomaticEventSubscriber/LOADING]: Auto-subscribing com.eeeab.eeeabsmobs.sever.init.EntityInit to MOD
[25Feb2025 23:51:58.746] [modloading-worker-0/DEBUG] [net.minecraftforge.fml.javafmlmod.AutomaticEventSubscriber/LOADING]: Auto-subscribing com.eeeab.eeeabsmobs.sever.config.EMConfigHandler to MOD
[25Feb2025 23:51:58.748] [modloading-worker-0/DEBUG] [net.minecraftforge.fml.javafmlmod.AutomaticEventSubscriber/LOADING]: Auto-subscribing com.eeeab.eeeabsmobs.EEEABMobs to FORGE
[25Feb2025 23:51:58.761] [modloading-worker-0/DEBUG] [net.minecraftforge.fml.javafmlmod.AutomaticEventSubscriber/LOADING]: Attempting to inject @EventBusSubscriber classes into the eventbus for lionfishapi
[25Feb2025 23:51:58.761] [modloading-worker-0/DEBUG] [net.minecraftforge.fml.javafmlmod.AutomaticEventSubscriber/LOADING]: Auto-subscribing com.github.L_Ender.lionfishapi.LionfishAPI to FORGE
[25Feb2025 23:51:58.762] [modloading-worker-0/DEBUG] [net.minecraftforge.fml.javafmlmod.AutomaticEventSubscriber/LOADING]: Auto-subscribing com.github.L_Ender.lionfishapi.CommonProxy to MOD
[25Feb2025 23:51:58.766] [modloading-worker-0/DEBUG] [net.minecraftforge.fml.config.ConfigTracker/CONFIG]: Config file satako-client.toml for satako tracking
[25Feb2025 23:51:58.766] [modloading-worker-0/INFO] [satako/]: Satako loaded
[25Feb2025 23:51:58.766] [modloading-worker-0/DEBUG] [net.minecraftforge.fml.javafmlmod.AutomaticEventSubscriber/LOADING]: Attempting to inject @EventBusSubscriber classes into the eventbus for satako
[25Feb2025 23:51:58.766] [modloading-worker-0/DEBUG] [net.minecraftforge.fml.javafmlmod.AutomaticEventSubscriber/LOADING]: Auto-subscribing dev.buildtool.satako.Commands to FORGE
[25Feb2025 23:51:58.784] [modloading-worker-0/INFO] [insane96mcp.insanelib.InsaneLib/]: Found (COMMON) InsaneLib Feature class insane96mcp.insanelib.module.base.TagsFeature
[25Feb2025 23:51:58.812] [modloading-worker-0/DEBUG] [mixin/]: Mixing ExplosionAccessor from enhancedvisuals.mixins.json into net.minecraft.world.level.Explosion
[25Feb2025 23:51:58.813] [modloading-worker-0/DEBUG] [mixin/]: Mixing MixinExplosion from enhancedvisuals.mixins.json into net.minecraft.world.level.Explosion
[25Feb2025 23:51:58.819] [modloading-worker-0/INFO] [insane96mcp.insanelib.InsaneLib/]: Found (COMMON) InsaneLib Feature class insane96mcp.insanelib.module.base.FixFeature
[25Feb2025 23:51:58.828] [modloading-worker-0/INFO] [insane96mcp.insanelib.InsaneLib/]: Found (COMMON) InsaneLib Feature class insane96mcp.insanelib.module.base.BaseFeature
[25Feb2025 23:51:58.830] [modloading-worker-0/INFO] [insane96mcp.insanelib.InsaneLib/]: Found (COMMON) InsaneLib Feature class insane96mcp.insanelib.module.base.AEC3DFeature
[25Feb2025 23:51:58.858] [modloading-worker-0/DEBUG] [net.minecraftforge.fml.config.ConfigTracker/CONFIG]: Config file insanelib-common.toml for insanelib tracking
[25Feb2025 23:51:58.881] [modloading-worker-0/DEBUG] [net.minecraftforge.fml.javafmlmod.AutomaticEventSubscriber/LOADING]: Attempting to inject @EventBusSubscriber classes into the eventbus for insanelib
[25Feb2025 23:51:58.881] [modloading-worker-0/DEBUG] [net.minecraftforge.fml.javafmlmod.AutomaticEventSubscriber/LOADING]: Auto-subscribing insane96mcp.insanelib.world.scheduled.ScheduledTasks to FORGE
[25Feb2025 23:51:58.893] [modloading-worker-0/DEBUG] [net.minecraftforge.fml.javafmlmod.AutomaticEventSubscriber/LOADING]: Auto-subscribing insane96mcp.insanelib.setup.Config to MOD
[25Feb2025 23:51:58.909] [modloading-worker-0/DEBUG] [net.minecraftforge.fml.config.ConfigTracker/CONFIG]: Config file curios-client.toml for curios tracking
[25Feb2025 23:51:58.925] [modloading-worker-0/DEBUG] [net.minecraftforge.fml.config.ConfigTracker/CONFIG]: Config file curios-common.toml for curios tracking
[25Feb2025 23:51:58.925] [modloading-worker-0/DEBUG] [net.minecraftforge.fml.config.ConfigTracker/CONFIG]: Config file curios-server.toml for curios tracking
[25Feb2025 23:51:58.925] [modloading-worker-0/DEBUG] [net.minecraftforge.fml.javafmlmod.AutomaticEventSubscriber/LOADING]: Attempting to inject @EventBusSubscriber classes into the eventbus for curios
[25Feb2025 23:51:58.935] [modloading-worker-0/DEBUG] [net.minecraftforge.fml.config.ConfigTracker/CONFIG]: Config file journeymap-server.toml for journeymap tracking
[25Feb2025 23:51:58.936] [modloading-worker-0/DEBUG] [net.minecraftforge.fml.javafmlmod.AutomaticEventSubscriber/LOADING]: Attempting to inject @EventBusSubscriber classes into the eventbus for journeymap
[25Feb2025 23:51:58.938] [modloading-worker-0/DEBUG] [net.minecraftforge.fml.javafmlmod.AutomaticEventSubscriber/LOADING]: Auto-subscribing journeymap.common.config.forge.ForgeConfig to MOD
[25Feb2025 23:51:58.938] [modloading-worker-0/DEBUG] [net.minecraftforge.fml.javafmlmod.AutomaticEventSubscriber/LOADING]: Auto-subscribing journeymap.common.Journeymap to FORGE
[25Feb2025 23:51:58.954] [modloading-worker-0/DEBUG] [enhancedvisuals/]: Created network enhancedvisuals:main
[25Feb2025 23:51:58.956] [modloading-worker-0/DEBUG] [net.minecraftforge.fml.javafmlmod.AutomaticEventSubscriber/LOADING]: Attempting to inject @EventBusSubscriber classes into the eventbus for enhancedvisuals
[25Feb2025 23:51:58.971] [modloading-worker-0/INFO] [graveyard/]: Registered JSON trade offer adapter.
[25Feb2025 23:51:58.979] [modloading-worker-0/DEBUG] [net.minecraftforge.fml.config.ConfigTracker/CONFIG]: Config file securitycraft-client.toml for securitycraft tracking
[25Feb2025 23:51:58.979] [modloading-worker-0/DEBUG] [net.minecraftforge.fml.config.ConfigTracker/CONFIG]: Config file securitycraft-server.toml for securitycraft tracking
[25Feb2025 23:51:59.001] [modloading-worker-0/DEBUG] [net.minecraftforge.fml.javafmlmod.AutomaticEventSubscriber/LOADING]: Attempting to inject @EventBusSubscriber classes into the eventbus for graveyard
[25Feb2025 23:51:59.003] [modloading-worker-0/DEBUG] [net.minecraftforge.fml.javafmlmod.AutomaticEventSubscriber/LOADING]: Auto-subscribing com.lion.graveyard.platform.forge.HordeSpawner to FORGE
[25Feb2025 23:51:59.076] [modloading-worker-0/DEBUG] [net.minecraftforge.fml.javafmlmod.AutomaticEventSubscriber/LOADING]: Attempting to inject @EventBusSubscriber classes into the eventbus for tacz
[25Feb2025 23:51:59.076] [modloading-worker-0/DEBUG] [net.minecraftforge.fml.javafmlmod.AutomaticEventSubscriber/LOADING]: Auto-subscribing com.tacz.guns.resource.CommonAssetsManager to FORGE
[25Feb2025 23:51:59.204] [modloading-worker-0/DEBUG] [mixin/]: Mixing camera.PlayerListMixin from securitycraft.mixins.json into net.minecraft.server.players.PlayerList
[25Feb2025 23:51:59.238] [modloading-worker-0/DEBUG] [net.minecraftforge.fml.javafmlmod.AutomaticEventSubscriber/LOADING]: Auto-subscribing com.tacz.guns.init.ModRecipe to MOD
[25Feb2025 23:51:59.238] [modloading-worker-0/DEBUG] [net.minecraftforge.fml.javafmlmod.AutomaticEventSubscriber/LOADING]: Auto-subscribing com.tacz.guns.init.ModItems to MOD
[25Feb2025 23:51:59.239] [modloading-worker-0/DEBUG] [net.minecraftforge.fml.javafmlmod.AutomaticEventSubscriber/LOADING]: Auto-subscribing com.tacz.guns.init.CompatRegistry to MOD
[25Feb2025 23:51:59.255] [modloading-worker-0/DEBUG] [net.minecraftforge.fml.javafmlmod.AutomaticEventSubscriber/LOADING]: Auto-subscribing com.tacz.guns.init.CommonRegistry to MOD
[25Feb2025 23:51:59.261] [modloading-worker-0/DEBUG] [net.minecraftforge.fml.javafmlmod.AutomaticEventSubscriber/LOADING]: Auto-subscribing com.tacz.guns.init.CommandRegistry to FORGE
[25Feb2025 23:51:59.262] [modloading-worker-0/DEBUG] [net.minecraftforge.fml.javafmlmod.AutomaticEventSubscriber/LOADING]: Auto-subscribing com.tacz.guns.init.CapabilityRegistry to MOD
[25Feb2025 23:51:59.266] [modloading-worker-0/DEBUG] [net.minecraftforge.fml.javafmlmod.AutomaticEventSubscriber/LOADING]: Auto-subscribing com.tacz.guns.event.TravelToDimensionEvent to FORGE
[25Feb2025 23:51:59.273] [modloading-worker-0/DEBUG] [net.minecraftforge.fml.javafmlmod.AutomaticEventSubscriber/LOADING]: Auto-subscribing com.tacz.guns.event.SyncedEntityDataEvent to FORGE
[25Feb2025 23:51:59.282] [modloading-worker-0/DEBUG] [net.minecraftforge.fml.config.ConfigTracker/CONFIG]: Config file parcool-server.toml for parcool tracking
[25Feb2025 23:51:59.298] [modloading-worker-0/DEBUG] [net.minecraftforge.fml.javafmlmod.AutomaticEventSubscriber/LOADING]: Auto-subscribing com.tacz.guns.event.SyncBaseTimestamp to FORGE
[25Feb2025 23:51:59.300] [modloading-worker-0/DEBUG] [net.minecraftforge.fml.javafmlmod.AutomaticEventSubscriber/LOADING]: Auto-subscribing com.tacz.guns.event.ServerTickEvent to FORGE
[25Feb2025 23:51:59.301] [modloading-worker-0/DEBUG] [net.minecraftforge.fml.javafmlmod.AutomaticEventSubscriber/LOADING]: Auto-subscribing com.tacz.guns.event.PreventGunClick to FORGE
[25Feb2025 23:51:59.301] [modloading-worker-0/DEBUG] [net.minecraftforge.fml.javafmlmod.AutomaticEventSubscriber/LOADING]: Auto-subscribing com.tacz.guns.event.PlayerRespawnEvent to FORGE
[25Feb2025 23:51:59.302] [modloading-worker-0/DEBUG] [net.minecraftforge.fml.javafmlmod.AutomaticEventSubscriber/LOADING]: Auto-subscribing com.tacz.guns.event.LoadingConfigEvent to MOD
[25Feb2025 23:51:59.304] [modloading-worker-0/DEBUG] [net.minecraftforge.fml.javafmlmod.AutomaticEventSubscriber/LOADING]: Auto-subscribing com.tacz.guns.event.KnockbackChange to FORGE
[25Feb2025 23:51:59.306] [modloading-worker-0/DEBUG] [net.minecraftforge.fml.javafmlmod.AutomaticEventSubscriber/LOADING]: Auto-subscribing com.tacz.guns.event.HitboxHelperEvent to FORGE
[25Feb2025 23:51:59.310] [modloading-worker-0/DEBUG] [net.minecraftforge.fml.javafmlmod.AutomaticEventSubscriber/LOADING]: Auto-subscribing com.tacz.guns.event.EntityDamageEvent to FORGE
[25Feb2025 23:51:59.318] [modloading-worker-0/DEBUG] [mixin/]: Mixing MixinDamageSource from hordes.mixin.json into net.minecraft.world.damagesource.DamageSource
[25Feb2025 23:51:59.335] [modloading-worker-0/DEBUG] [net.minecraftforge.fml.javafmlmod.AutomaticEventSubscriber/LOADING]: Auto-subscribing com.tacz.guns.event.CommonLoadPack to MOD
[25Feb2025 23:51:59.348] [modloading-worker-0/DEBUG] [net.minecraftforge.fml.config.ConfigTracker/CONFIG]: Config file parcool-client.toml for parcool tracking
[25Feb2025 23:51:59.348] [modloading-worker-0/DEBUG] [net.minecraftforge.fml.javafmlmod.AutomaticEventSubscriber/LOADING]: Attempting to inject @EventBusSubscriber classes into the eventbus for parcool
[25Feb2025 23:51:59.367] [modloading-worker-0/DEBUG] [net.minecraftforge.fml.javafmlmod.AutomaticEventSubscriber/LOADING]: Auto-subscribing com.tacz.guns.event.ChangeGunPropertyEvent to FORGE
[25Feb2025 23:51:59.369] [modloading-worker-0/DEBUG] [net.minecraftforge.fml.javafmlmod.AutomaticEventSubscriber/LOADING]: Auto-subscribing com.tacz.guns.event.ammo.DestroyGlassBlock to FORGE
[25Feb2025 23:51:59.373] [modloading-worker-0/DEBUG] [net.minecraftforge.fml.javafmlmod.AutomaticEventSubscriber/LOADING]: Auto-subscribing com.tacz.guns.event.ammo.BellRing to FORGE
[25Feb2025 23:51:59.375] [modloading-worker-0/DEBUG] [net.minecraftforge.fml.javafmlmod.AutomaticEventSubscriber/LOADING]: Auto-subscribing com.tacz.guns.client.event.TooltipEvent to FORGE
[25Feb2025 23:51:59.574] [modloading-worker-0/DEBUG] [net.minecraftforge.fml.config.ConfigTracker/CONFIG]: Config file legendary_monsters-common.toml for legendary_monsters tracking
[25Feb2025 23:51:59.574] [modloading-worker-0/DEBUG] [net.minecraftforge.fml.javafmlmod.AutomaticEventSubscriber/LOADING]: Attempting to inject @EventBusSubscriber classes into the eventbus for legendary_monsters
[25Feb2025 23:51:59.574] [modloading-worker-0/DEBUG] [net.minecraftforge.fml.javafmlmod.AutomaticEventSubscriber/LOADING]: Auto-subscribing net.miauczel.legendary_monsters.item.custom.WitheredRibcageItem to FORGE
[25Feb2025 23:51:59.587] [modloading-worker-0/DEBUG] [net.minecraftforge.fml.javafmlmod.AutomaticEventSubscriber/LOADING]: Auto-subscribing net.miauczel.legendary_monsters.item.custom.ShulkerShieldHurtEvent to FORGE
[25Feb2025 23:51:59.589] [modloading-worker-0/DEBUG] [net.minecraftforge.fml.javafmlmod.AutomaticEventSubscriber/LOADING]: Auto-subscribing net.miauczel.legendary_monsters.item.custom.ShulkerHelmetItem to FORGE
[25Feb2025 23:51:59.590] [modloading-worker-0/DEBUG] [net.minecraftforge.fml.javafmlmod.AutomaticEventSubscriber/LOADING]: Auto-subscribing net.miauczel.legendary_monsters.item.custom.MossyChestplateItem to FORGE
[25Feb2025 23:51:59.604] [modloading-worker-0/DEBUG] [net.minecraftforge.fml.javafmlmod.AutomaticEventSubscriber/LOADING]: Auto-subscribing net.miauczel.legendary_monsters.item.custom.FrostbittenShieldHurtEvent to FORGE
[25Feb2025 23:51:59.606] [modloading-worker-0/DEBUG] [net.minecraftforge.fml.javafmlmod.AutomaticEventSubscriber/LOADING]: Auto-subscribing net.miauczel.legendary_monsters.item.custom.FieryJawEventHandler to FORGE
[25Feb2025 23:51:59.611] [modloading-worker-0/DEBUG] [net.minecraftforge.fml.javafmlmod.AutomaticEventSubscriber/LOADING]: Auto-subscribing net.miauczel.legendary_monsters.item.custom.FieryBootsItem to FORGE
[25Feb2025 23:51:59.620] [modloading-worker-0/DEBUG] [net.minecraftforge.fml.javafmlmod.AutomaticEventSubscriber/LOADING]: Auto-subscribing net.miauczel.legendary_monsters.item.custom.DinosaurBoneHelmet to FORGE
[25Feb2025 23:51:59.621] [modloading-worker-0/DEBUG] [net.minecraftforge.fml.javafmlmod.AutomaticEventSubscriber/LOADING]: Auto-subscribing net.miauczel.legendary_monsters.item.custom.CustomItemEvents.WitheredScytheDropGoldEventHandler to FORGE
[25Feb2025 23:51:59.623] [modloading-worker-0/DEBUG] [net.minecraftforge.fml.javafmlmod.AutomaticEventSubscriber/LOADING]: Auto-subscribing net.miauczel.legendary_monsters.item.custom.CustomItemEvents.WitheredScytheAttackedEvent to FORGE
[25Feb2025 23:51:59.631] [modloading-worker-0/DEBUG] [net.minecraftforge.fml.javafmlmod.AutomaticEventSubscriber/LOADING]: Auto-subscribing net.miauczel.legendary_monsters.item.custom.CustomItemEvents.WitheredRibcageHurt to FORGE
[25Feb2025 23:51:59.634] [modloading-worker-0/DEBUG] [net.minecraftforge.fml.javafmlmod.AutomaticEventSubscriber/LOADING]: Auto-subscribing net.miauczel.legendary_monsters.item.custom.CustomItemEvents.WandOfCloudsRightClickEvent to FORGE
[25Feb2025 23:51:59.639] [modloading-worker-0/DEBUG] [net.minecraftforge.fml.javafmlmod.AutomaticEventSubscriber/LOADING]: Auto-subscribing net.miauczel.legendary_monsters.item.custom.CustomItemEvents.WandOfCloudsRightClickEffect to FORGE
[25Feb2025 23:51:59.646] [modloading-worker-0/DEBUG] [net.minecraftforge.fml.javafmlmod.AutomaticEventSubscriber/LOADING]: Auto-subscribing net.miauczel.legendary_monsters.item.custom.CustomItemEvents.SpikyShieldEvent to FORGE
[25Feb2025 23:51:59.647] [modloading-worker-0/DEBUG] [net.minecraftforge.fml.javafmlmod.AutomaticEventSubscriber/LOADING]: Auto-subscribing net.miauczel.legendary_monsters.item.custom.CustomItemEvents.SoulGreatSwordEventHandler to FORGE
[25Feb2025 23:51:59.649] [modloading-worker-0/DEBUG] [net.minecraftforge.fml.javafmlmod.AutomaticEventSubscriber/LOADING]: Auto-subscribing net.miauczel.legendary_monsters.item.custom.CustomItemEvents.SharpSaiAttackedEvent to FORGE
[25Feb2025 23:51:59.650] [modloading-worker-0/DEBUG] [net.minecraftforge.fml.javafmlmod.AutomaticEventSubscriber/LOADING]: Auto-subscribing net.miauczel.legendary_monsters.item.custom.CustomItemEvents.SharpAxeAttackedEvent to FORGE
[25Feb2025 23:51:59.651] [modloading-worker-0/DEBUG] [net.minecraftforge.fml.javafmlmod.AutomaticEventSubscriber/LOADING]: Auto-subscribing net.miauczel.legendary_monsters.item.custom.CustomItemEvents.GoldenHalbertAttackEventHandler to FORGE
[25Feb2025 23:51:59.651] [modloading-worker-0/DEBUG] [net.minecraftforge.fml.javafmlmod.AutomaticEventSubscriber/LOADING]: Auto-subscribing net.miauczel.legendary_monsters.item.custom.CustomItemEvents.AxeOfLightningEventHandler to FORGE
[25Feb2025 23:51:59.653] [modloading-worker-0/DEBUG] [net.minecraftforge.fml.javafmlmod.AutomaticEventSubscriber/LOADING]: Auto-subscribing net.miauczel.legendary_monsters.item.custom.ChorusHelmetItem to FORGE
[25Feb2025 23:51:59.656] [modloading-worker-0/DEBUG] [net.minecraftforge.fml.javafmlmod.AutomaticEventSubscriber/LOADING]: Auto-subscribing net.miauczel.legendary_monsters.item.custom.BlastProofHelmet to FORGE
[25Feb2025 23:51:59.656] [modloading-worker-0/DEBUG] [net.minecraftforge.fml.javafmlmod.AutomaticEventSubscriber/LOADING]: Auto-subscribing net.miauczel.legendary_monsters.item.custom.AtmosphericBootsItem to FORGE
[25Feb2025 23:51:59.656] [modloading-worker-0/DEBUG] [net.minecraftforge.fml.javafmlmod.AutomaticEventSubscriber/LOADING]: Auto-subscribing net.miauczel.legendary_monsters.item.ShieldEventHandler to FORGE
[25Feb2025 23:51:59.657] [modloading-worker-0/DEBUG] [net.minecraftforge.fml.javafmlmod.AutomaticEventSubscriber/LOADING]: Auto-subscribing net.miauczel.legendary_monsters.event.WitheredAbominationAttackedEvent to FORGE
[25Feb2025 23:51:59.663] [modloading-worker-0/DEBUG] [net.minecraftforge.fml.javafmlmod.AutomaticEventSubscriber/LOADING]: Auto-subscribing net.miauczel.legendary_monsters.event.ModEventBusEvents to MOD
[25Feb2025 23:51:59.671] [modloading-worker-0/DEBUG] [net.minecraftforge.fml.javafmlmod.AutomaticEventSubscriber/LOADING]: Attempting to inject @EventBusSubscriber classes into the eventbus for horror_element_mod
[25Feb2025 23:51:59.671] [modloading-worker-0/DEBUG] [net.minecraftforge.fml.javafmlmod.AutomaticEventSubscriber/LOADING]: Auto-subscribing en.predator.horrorelementmod.network.HorrorElementModModVariables to MOD
[25Feb2025 23:51:59.673] [modloading-worker-0/DEBUG] [net.minecraftforge.fml.javafmlmod.AutomaticEventSubscriber/LOADING]: Attempting to inject @EventBusSubscriber classes into the eventbus for securitycraft
[25Feb2025 23:51:59.674] [modloading-worker-0/DEBUG] [net.minecraftforge.fml.javafmlmod.AutomaticEventSubscriber/LOADING]: Auto-subscribing net.geforcemods.securitycraft.api.SecurityCraftAPI to MOD
[25Feb2025 23:51:59.674] [modloading-worker-0/DEBUG] [net.minecraftforge.fml.javafmlmod.AutomaticEventSubscriber/LOADING]: Auto-subscribing net.geforcemods.securitycraft.SecurityCraft to MOD
[25Feb2025 23:51:59.676] [modloading-worker-0/DEBUG] [net.minecraftforge.fml.javafmlmod.AutomaticEventSubscriber/LOADING]: Auto-subscribing en.predator.horrorelementmod.network.HorrorElementModModVariables$EventBusVariableHandlers to FORGE
[25Feb2025 23:51:59.678] [modloading-worker-0/DEBUG] [net.minecraftforge.fml.javafmlmod.AutomaticEventSubscriber/LOADING]: Auto-subscribing net.geforcemods.securitycraft.SCEventHandler to FORGE
[25Feb2025 23:51:59.680] [modloading-worker-0/DEBUG] [net.minecraftforge.fml.javafmlmod.AutomaticEventSubscriber/LOADING]: Auto-subscribing net.miauczel.legendary_monsters.event.ModEventBusClientEvents to MOD
[25Feb2025 23:51:59.680] [modloading-worker-0/DEBUG] [net.minecraftforge.fml.javafmlmod.AutomaticEventSubscriber/LOADING]: Auto-subscribing en.predator.horrorelementmod.command.DodayReset2Command to FORGE
[25Feb2025 23:51:59.681] [modloading-worker-0/DEBUG] [net.minecraftforge.fml.javafmlmod.AutomaticEventSubscriber/LOADING]: Auto-subscribing en.predator.horrorelementmod.command.DoDayResetCommand to FORGE
[25Feb2025 23:51:59.691] [modloading-worker-0/DEBUG] [net.minecraftforge.fml.javafmlmod.AutomaticEventSubscriber/LOADING]: Attempting to inject @EventBusSubscriber classes into the eventbus for mixinextras
[25Feb2025 23:51:59.698] [modloading-worker-0/DEBUG] [net.minecraftforge.fml.javafmlmod.AutomaticEventSubscriber/LOADING]: Auto-subscribing net.miauczel.legendary_monsters.event.AmbusherDiesEvent to FORGE
[25Feb2025 23:51:59.702] [modloading-worker-0/DEBUG] [net.minecraftforge.fml.javafmlmod.AutomaticEventSubscriber/LOADING]: Auto-subscribing net.miauczel.legendary_monsters.entity.custom.event.DuneSentinelDrops to FORGE
[25Feb2025 23:51:59.703] [modloading-worker-0/DEBUG] [net.minecraftforge.fml.javafmlmod.AutomaticEventSubscriber/LOADING]: Auto-subscribing net.miauczel.legendary_monsters.entity.custom.event.CloudGolemDrops to FORGE
[25Feb2025 23:51:59.704] [modloading-worker-0/DEBUG] [net.minecraftforge.fml.javafmlmod.AutomaticEventSubscriber/LOADING]: Auto-subscribing net.miauczel.legendary_monsters.entity.custom.ModArmorItem to FORGE
[25Feb2025 23:51:59.705] [modloading-worker-0/DEBUG] [net.minecraftforge.fml.javafmlmod.AutomaticEventSubscriber/LOADING]: Auto-subscribing net.miauczel.legendary_monsters.entity.custom.EntityTypes.MathHelper to MOD
[25Feb2025 23:51:59.705] [modloading-worker-0/DEBUG] [net.minecraftforge.fml.javafmlmod.AutomaticEventSubscriber/LOADING]: Auto-subscribing net.miauczel.legendary_monsters.entity.custom.EntityTypes.LockAngle to MOD
[25Feb2025 23:51:59.706] [modloading-worker-0/DEBUG] [net.minecraftforge.fml.javafmlmod.AutomaticEventSubscriber/LOADING]: Auto-subscribing net.miauczel.legendary_monsters.entity.ai.PosessedPaladinAttackGoal to FORGE
[25Feb2025 23:51:59.707] [modloading-worker-0/DEBUG] [net.minecraftforge.fml.javafmlmod.AutomaticEventSubscriber/LOADING]: Auto-subscribing net.miauczel.legendary_monsters.entity.ai.MossyGolemAttackGoal to FORGE
[25Feb2025 23:51:59.708] [modloading-worker-0/DEBUG] [net.minecraftforge.fml.javafmlmod.AutomaticEventSubscriber/LOADING]: Auto-subscribing net.miauczel.legendary_monsters.entity.ai.LivingArmorAttackGoal to FORGE
[25Feb2025 23:51:59.708] [modloading-worker-0/DEBUG] [net.minecraftforge.fml.javafmlmod.AutomaticEventSubscriber/LOADING]: Auto-subscribing net.miauczel.legendary_monsters.entity.ai.HauntedGuardAttackGoal to FORGE
[25Feb2025 23:51:59.709] [modloading-worker-0/DEBUG] [net.minecraftforge.fml.javafmlmod.AutomaticEventSubscriber/LOADING]: Auto-subscribing net.miauczel.legendary_monsters.entity.ai.FLivingArmorAttackGoal to FORGE
[25Feb2025 23:51:59.711] [modloading-worker-0/DEBUG] [net.minecraftforge.fml.javafmlmod.AutomaticEventSubscriber/LOADING]: Auto-subscribing net.miauczel.legendary_monsters.entity.ai.FHauntedKnightAttackGoal to FORGE
[25Feb2025 23:51:59.712] [modloading-worker-0/DEBUG] [net.minecraftforge.fml.javafmlmod.AutomaticEventSubscriber/LOADING]: Auto-subscribing net.miauczel.legendary_monsters.entity.ai.AncientGuardianHurtEvent to FORGE
[25Feb2025 23:51:59.712] [modloading-worker-0/DEBUG] [net.minecraftforge.fml.javafmlmod.AutomaticEventSubscriber/LOADING]: Auto-subscribing net.miauczel.legendary_monsters.entity.ai.AmbusherHurtEvent to FORGE
[25Feb2025 23:51:59.718] [modloading-worker-0/DEBUG] [net.minecraftforge.fml.javafmlmod.AutomaticEventSubscriber/LOADING]: Auto-subscribing net.geforcemods.securitycraft.RegistrationHandler to MOD
[25Feb2025 23:51:59.721] [modloading-worker-0/DEBUG] [net.minecraftforge.fml.javafmlmod.AutomaticEventSubscriber/LOADING]: Auto-subscribing net.geforcemods.securitycraft.ConfigHandler to MOD
[25Feb2025 23:51:59.722] [modloading-worker-0/DEBUG] [net.minecraftforge.fml.javafmlmod.AutomaticEventSubscriber/LOADING]: Attempting to inject @EventBusSubscriber classes into the eventbus for atlaslib
[25Feb2025 23:51:59.722] [modloading-worker-0/DEBUG] [net.minecraftforge.fml.javafmlmod.AutomaticEventSubscriber/LOADING]: Auto-subscribing net.smileycorp.atlas.common.AtlasLib to MOD
[25Feb2025 23:51:59.727] [modloading-worker-0/DEBUG] [net.minecraftforge.fml.javafmlmod.AutomaticEventSubscriber/LOADING]: Auto-subscribing net.miauczel.legendary_monsters.entity.ai.AmbusherAttackGoal to FORGE
[25Feb2025 23:51:59.728] [modloading-worker-0/DEBUG] [net.minecraftforge.fml.javafmlmod.AutomaticEventSubscriber/LOADING]: Auto-subscribing net.miauczel.legendary_monsters.effect.StunJumpRemover to FORGE
[25Feb2025 23:51:59.726] [modloading-worker-0/INFO] [coroutil/]: forge loader environment detected
[25Feb2025 23:51:59.737] [modloading-worker-0/DEBUG] [net.minecraftforge.fml.javafmlmod.AutomaticEventSubscriber/LOADING]: Auto-subscribing net.miauczel.legendary_monsters.datagen.DataGenerators to MOD
[25Feb2025 23:51:59.739] [modloading-worker-0/DEBUG] [net.minecraftforge.fml.config.ConfigTracker/CONFIG]: Config file CoroUtil/General.toml for coroutil tracking
[25Feb2025 23:51:59.741] [modloading-worker-0/DEBUG] [net.minecraftforge.fml.javafmlmod.AutomaticEventSubscriber/LOADING]: Attempting to inject @EventBusSubscriber classes into the eventbus for coroutil
[25Feb2025 23:51:59.741] [modloading-worker-0/DEBUG] [net.minecraftforge.fml.javafmlmod.AutomaticEventSubscriber/LOADING]: Auto-subscribing net.miauczel.legendary_monsters.CommonProxy to MOD
[25Feb2025 23:51:59.761] [modloading-worker-0/DEBUG] [net.minecraftforge.fml.config.ConfigTracker/CONFIG]: Config file tombstone-client.toml for tombstone tracking
[25Feb2025 23:51:59.761] [modloading-worker-0/DEBUG] [net.minecraftforge.fml.config.ConfigTracker/CONFIG]: Config file tombstone-common.toml for tombstone tracking
[25Feb2025 23:51:59.761] [modloading-worker-0/DEBUG] [net.minecraftforge.fml.javafmlmod.AutomaticEventSubscriber/LOADING]: Attempting to inject @EventBusSubscriber classes into the eventbus for wegotrunnners
[25Feb2025 23:51:59.762] [modloading-worker-0/DEBUG] [net.minecraftforge.fml.javafmlmod.AutomaticEventSubscriber/LOADING]: Auto-subscribing net.mcreator.wegotrunnners.procedures.RunnerssProcedure to FORGE
[25Feb2025 23:51:59.763] [modloading-worker-0/DEBUG] [net.minecraftforge.fml.javafmlmod.AutomaticEventSubscriber/LOADING]: Auto-subscribing net.mcreator.wegotrunnners.procedures.IrontoughProcedure to FORGE
[25Feb2025 23:51:59.768] [modloading-worker-0/DEBUG] [net.minecraftforge.fml.javafmlmod.AutomaticEventSubscriber/LOADING]: Auto-subscribing net.mcreator.wegotrunnners.procedures.IronmightProcedure to FORGE
[25Feb2025 23:51:59.774] [modloading-worker-0/DEBUG] [net.minecraftforge.fml.javafmlmod.AutomaticEventSubscriber/LOADING]: Auto-subscribing net.mcreator.wegotrunnners.procedures.HurtProcedure to FORGE
[25Feb2025 23:51:59.775] [modloading-worker-0/DEBUG] [net.minecraftforge.fml.javafmlmod.AutomaticEventSubscriber/LOADING]: Auto-subscribing net.mcreator.wegotrunnners.procedures.GroundtackeProcedure to FORGE
[25Feb2025 23:51:59.785] [modloading-worker-0/DEBUG] [net.minecraftforge.fml.config.ConfigTracker/CONFIG]: Config file tombstone-server.toml for tombstone tracking
[25Feb2025 23:51:59.787] [modloading-worker-0/DEBUG] [net.minecraftforge.fml.javafmlmod.AutomaticEventSubscriber/LOADING]: Attempting to inject @EventBusSubscriber classes into the eventbus for tombstone
[25Feb2025 23:51:59.787] [modloading-worker-0/DEBUG] [net.minecraftforge.fml.javafmlmod.AutomaticEventSubscriber/LOADING]: Auto-subscribing ovh.corail.tombstone.registry.Registration to MOD
[25Feb2025 23:51:59.789] [modloading-worker-0/DEBUG] [net.minecraftforge.fml.javafmlmod.AutomaticEventSubscriber/LOADING]: Auto-subscribing net.mcreator.wegotrunnners.init.WegotrunnnersModConfigs to MOD
[25Feb2025 23:51:59.798] [modloading-worker-0/DEBUG] [net.minecraftforge.fml.javafmlmod.AutomaticEventSubscriber/LOADING]: Auto-subscribing ovh.corail.tombstone.perk.PerkRegistry to MOD
[25Feb2025 23:51:59.799] [modloading-worker-0/DEBUG] [net.minecraftforge.fml.javafmlmod.AutomaticEventSubscriber/LOADING]: Auto-subscribing ovh.corail.tombstone.helper.LootHelper to FORGE
[25Feb2025 23:51:59.840] [modloading-worker-0/INFO] [dev.architectury.networking.forge.NetworkManagerImpl/]: Registering C2S receiver with id architectury:sync_ids
[25Feb2025 23:51:59.842] [modloading-worker-0/INFO] [dev.architectury.networking.forge.NetworkManagerImpl/]: Registering C2S receiver with id ftblibrary:edit_nbt_response
[25Feb2025 23:51:59.860] [modloading-worker-0/DEBUG] [net.minecraftforge.fml.javafmlmod.AutomaticEventSubscriber/LOADING]: Attempting to inject @EventBusSubscriber classes into the eventbus for architectury
[25Feb2025 23:51:59.860] [modloading-worker-0/DEBUG] [net.minecraftforge.fml.javafmlmod.AutomaticEventSubscriber/LOADING]: Auto-subscribing dev.architectury.registry.level.entity.trade.forge.TradeRegistryImpl to FORGE
[25Feb2025 23:51:59.866] [modloading-worker-0/DEBUG] [net.minecraftforge.fml.javafmlmod.AutomaticEventSubscriber/LOADING]: Attempting to inject @EventBusSubscriber classes into the eventbus for ftblibrary
[25Feb2025 23:51:59.869] [modloading-worker-0/DEBUG] [net.minecraftforge.fml.javafmlmod.AutomaticEventSubscriber/LOADING]: Auto-subscribing ovh.corail.tombstone.event.EventHandler to FORGE
[25Feb2025 23:51:59.872] [modloading-worker-0/DEBUG] [net.minecraftforge.fml.javafmlmod.AutomaticEventSubscriber/LOADING]: Auto-subscribing dev.architectury.registry.forge.ReloadListenerRegistryImpl to FORGE
[25Feb2025 23:51:59.873] [modloading-worker-0/DEBUG] [net.minecraftforge.fml.javafmlmod.AutomaticEventSubscriber/LOADING]: Auto-subscribing dev.architectury.networking.forge.NetworkManagerImpl to FORGE
[25Feb2025 23:51:59.873] [modloading-worker-0/INFO] [hordes/]: Trying to load common config
[25Feb2025 23:51:59.884] [modloading-worker-0/DEBUG] [net.minecraftforge.fml.config.ConfigTracker/CONFIG]: Config file hordes-common.toml for hordes tracking
[25Feb2025 23:51:59.888] [modloading-worker-0/INFO] [hordes/]: Trying to load client config
[25Feb2025 23:51:59.901] [modloading-worker-0/DEBUG] [net.minecraftforge.fml.config.ConfigTracker/CONFIG]: Config file hordes-client.toml for hordes tracking
[25Feb2025 23:51:59.915] [modloading-worker-0/INFO] [hordes/]: Config files are up to date, skipping data/asset generation
[25Feb2025 23:51:59.915] [modloading-worker-0/DEBUG] [net.minecraftforge.fml.javafmlmod.AutomaticEventSubscriber/LOADING]: Attempting to inject @EventBusSubscriber classes into the eventbus for hordes
[25Feb2025 23:51:59.915] [modloading-worker-0/DEBUG] [net.minecraftforge.fml.javafmlmod.AutomaticEventSubscriber/LOADING]: Auto-subscribing net.smileycorp.hordes.common.command.HordeCommands to FORGE
[25Feb2025 23:51:59.919] [modloading-worker-0/DEBUG] [net.minecraftforge.fml.javafmlmod.AutomaticEventSubscriber/LOADING]: Auto-subscribing net.smileycorp.hordes.common.MiscEventHandler to MOD
[25Feb2025 23:51:59.922] [modloading-worker-0/DEBUG] [net.minecraftforge.fml.javafmlmod.AutomaticEventSubscriber/LOADING]: Auto-subscribing net.smileycorp.hordes.common.Hordes to MOD
[25Feb2025 23:51:59.949] [modloading-worker-0/DEBUG] [net.minecraftforge.fml.javafmlmod.AutomaticEventSubscriber/LOADING]: Auto-subscribing ovh.corail.tombstone.config.ConfigTombstone$ConfigEvent to MOD
[25Feb2025 23:51:59.972] [modloading-worker-0/DEBUG] [net.minecraftforge.fml.javafmlmod.AutomaticEventSubscriber/LOADING]: Attempting to inject @EventBusSubscriber classes into the eventbus for horde_hoard
[25Feb2025 23:51:59.972] [modloading-worker-0/DEBUG] [net.minecraftforge.fml.javafmlmod.AutomaticEventSubscriber/LOADING]: Auto-subscribing net.mcreator.horde_hoard.procedures.TeamMakerProcedure to FORGE
[25Feb2025 23:51:59.973] [modloading-worker-0/DEBUG] [net.minecraftforge.fml.javafmlmod.AutomaticEventSubscriber/LOADING]: Auto-subscribing net.mcreator.horde_hoard.procedures.LeapTickProcedure to FORGE
[25Feb2025 23:51:59.974] [modloading-worker-0/DEBUG] [net.minecraftforge.fml.javafmlmod.AutomaticEventSubscriber/LOADING]: Auto-subscribing net.mcreator.horde_hoard.procedures.IronGolemTickProcedure to FORGE
[25Feb2025 23:51:59.975] [modloading-worker-0/DEBUG] [net.minecraftforge.fml.javafmlmod.AutomaticEventSubscriber/LOADING]: Auto-subscribing net.mcreator.horde_hoard.procedures.IronGolemSwooshProcedure to FORGE
[25Feb2025 23:51:59.976] [modloading-worker-0/DEBUG] [net.minecraftforge.fml.javafmlmod.AutomaticEventSubscriber/LOADING]: Auto-subscribing net.mcreator.horde_hoard.procedures.IronGolemHealCooldownProcedure to FORGE
[25Feb2025 23:51:59.976] [modloading-worker-0/DEBUG] [net.minecraftforge.fml.javafmlmod.AutomaticEventSubscriber/LOADING]: Auto-subscribing net.mcreator.horde_hoard.procedures.IronGolemAttackedProcedure to FORGE
[25Feb2025 23:51:59.979] [modloading-worker-0/DEBUG] [net.minecraftforge.fml.javafmlmod.AutomaticEventSubscriber/LOADING]: Auto-subscribing net.mcreator.horde_hoard.procedures.IntelligentTickProcedure to FORGE
[25Feb2025 23:51:59.981] [modloading-worker-0/DEBUG] [net.minecraftforge.fml.javafmlmod.AutomaticEventSubscriber/LOADING]: Auto-subscribing net.mcreator.horde_hoard.procedures.IntelligentSpawnsProcedure to FORGE
[25Feb2025 23:51:59.982] [modloading-worker-0/DEBUG] [net.minecraftforge.fml.javafmlmod.AutomaticEventSubscriber/LOADING]: Auto-subscribing net.mcreator.horde_hoard.procedures.IntelligentDashAwayProcedure to FORGE
[25Feb2025 23:51:59.984] [modloading-worker-0/DEBUG] [net.minecraftforge.fml.javafmlmod.AutomaticEventSubscriber/LOADING]: Auto-subscribing net.mcreator.horde_hoard.procedures.HordeTickProcedure to FORGE
[25Feb2025 23:51:59.985] [modloading-worker-0/DEBUG] [net.minecraftforge.fml.javafmlmod.AutomaticEventSubscriber/LOADING]: Auto-subscribing net.mcreator.horde_hoard.procedures.HordeStopMultiplyingProcedure to FORGE
[25Feb2025 23:51:59.991] [modloading-worker-0/DEBUG] [net.minecraftforge.fml.javafmlmod.AutomaticEventSubscriber/LOADING]: Auto-subscribing net.mcreator.horde_hoard.init.HordeHoardModGameRules to MOD
[25Feb2025 23:52:00.017] [modloading-worker-0/DEBUG] [net.minecraftforge.fml.javafmlmod.AutomaticEventSubscriber/LOADING]: Attempting to inject @EventBusSubscriber classes into the eventbus for ags_day_counter
[25Feb2025 23:52:00.017] [modloading-worker-0/DEBUG] [net.minecraftforge.fml.javafmlmod.AutomaticEventSubscriber/LOADING]: Auto-subscribing net.antrolgaming.ags_daycounter.procedures.ServerDayTriggerProcedure to FORGE
[25Feb2025 23:52:00.019] [modloading-worker-0/DEBUG] [net.minecraftforge.fml.config.ConfigTracker/CONFIG]: Config file k_turrets-common.toml for k_turrets tracking
[25Feb2025 23:52:00.020] [modloading-worker-0/DEBUG] [net.minecraftforge.fml.javafmlmod.AutomaticEventSubscriber/LOADING]: Auto-subscribing net.antrolgaming.ags_daycounter.procedures.RightClickOnBlockProcedure to FORGE
[25Feb2025 23:52:00.024] [modloading-worker-0/DEBUG] [net.minecraftforge.fml.javafmlmod.AutomaticEventSubscriber/LOADING]: Auto-subscribing net.antrolgaming.ags_daycounter.procedures.RenderingToolTipsProcedure to FORGE
[25Feb2025 23:52:00.024] [modloading-worker-0/DEBUG] [net.minecraftforge.fml.javafmlmod.AutomaticEventSubscriber/LOADING]: Auto-subscribing net.antrolgaming.ags_daycounter.procedures.PlayerJoinsWorldProcedure to FORGE
[25Feb2025 23:52:00.025] [modloading-worker-0/DEBUG] [net.minecraftforge.fml.javafmlmod.AutomaticEventSubscriber/LOADING]: Auto-subscribing net.antrolgaming.ags_daycounter.procedures.DayTriggerProcedure to FORGE
[25Feb2025 23:52:00.026] [modloading-worker-0/DEBUG] [net.minecraftforge.fml.javafmlmod.AutomaticEventSubscriber/LOADING]: Auto-subscribing net.antrolgaming.ags_daycounter.procedures.ConfigFileCreateProcedure to MOD
[25Feb2025 23:52:00.031] [modloading-worker-0/DEBUG] [net.minecraftforge.fml.javafmlmod.AutomaticEventSubscriber/LOADING]: Auto-subscribing net.antrolgaming.ags_daycounter.network.AgsDayCounterModVariables to MOD
[25Feb2025 23:52:00.032] [modloading-worker-0/DEBUG] [net.minecraftforge.fml.javafmlmod.AutomaticEventSubscriber/LOADING]: Auto-subscribing net.antrolgaming.ags_daycounter.network.AgsDayCounterModVariables$PlayerVariablesProvider to FORGE
[25Feb2025 23:52:00.033] [modloading-worker-0/DEBUG] [net.minecraftforge.fml.javafmlmod.AutomaticEventSubscriber/LOADING]: Auto-subscribing net.antrolgaming.ags_daycounter.network.AgsDayCounterModVariables$EventBusVariableHandlers to FORGE
[25Feb2025 23:52:00.042] [modloading-worker-0/DEBUG] [net.minecraftforge.fml.javafmlmod.AutomaticEventSubscriber/LOADING]: Auto-subscribing net.antrolgaming.ags_daycounter.command.DaycounterCommand to FORGE
[25Feb2025 23:52:00.071] [modloading-worker-0/DEBUG] [net.minecraftforge.fml.config.ConfigTracker/CONFIG]: Config file k_turrets-client.toml for k_turrets tracking
[25Feb2025 23:52:00.071] [modloading-worker-0/DEBUG] [net.minecraftforge.fml.config.ConfigTracker/CONFIG]: Config file k_turrets-server.toml for k_turrets tracking
[25Feb2025 23:52:00.081] [modloading-worker-0/DEBUG] [net.minecraftforge.fml.javafmlmod.AutomaticEventSubscriber/LOADING]: Attempting to inject @EventBusSubscriber classes into the eventbus for k_turrets
[25Feb2025 23:52:00.081] [modloading-worker-0/DEBUG] [net.minecraftforge.fml.javafmlmod.AutomaticEventSubscriber/LOADING]: Auto-subscribing dev.buildtool.kturrets.registers.RegisterCapability to FORGE
[25Feb2025 23:52:00.086] [modloading-worker-0/DEBUG] [net.minecraftforge.fml.javafmlmod.AutomaticEventSubscriber/LOADING]: Auto-subscribing dev.buildtool.kturrets.registers.EntityAttributes to MOD
[25Feb2025 23:52:00.087] [modloading-worker-0/DEBUG] [net.minecraftforge.fml.javafmlmod.AutomaticEventSubscriber/LOADING]: Auto-subscribing dev.buildtool.kturrets.EventHandler to FORGE
[25Feb2025 23:52:00.112] [modloading-worker-0/DEBUG] [net.minecraftforge.fml.config.ConfigTracker/CONFIG]: Config file scalinghealth-client.toml for scalinghealth tracking
[25Feb2025 23:52:00.112] [modloading-worker-0/DEBUG] [net.minecraftforge.fml.config.ConfigTracker/CONFIG]: Config file scalinghealth-server.toml for scalinghealth tracking
[25Feb2025 23:52:00.118] [modloading-worker-0/DEBUG] [net.minecraftforge.versions.forge.ForgeVersion/CORE]: Forge Version package package net.minecraftforge.versions.forge, Forge, version 47.3 from cpw.mods.modlauncher.TransformingClassLoader@6587305a
[25Feb2025 23:52:00.118] [modloading-worker-0/DEBUG] [net.minecraftforge.versions.forge.ForgeVersion/CORE]: Found Forge version 47.3.7
[25Feb2025 23:52:00.119] [modloading-worker-0/DEBUG] [net.minecraftforge.versions.forge.ForgeVersion/CORE]: Found Forge spec 47.3
[25Feb2025 23:52:00.119] [modloading-worker-0/DEBUG] [net.minecraftforge.versions.forge.ForgeVersion/CORE]: Found Forge group net.minecraftforge
[25Feb2025 23:52:00.119] [modloading-worker-0/DEBUG] [net.minecraftforge.versions.mcp.MCPVersion/CORE]: MCP Version package package net.minecraftforge.versions.mcp, Minecraft, version 1.20.1 from cpw.mods.modlauncher.TransformingClassLoader@6587305a
[25Feb2025 23:52:00.127] [modloading-worker-0/DEBUG] [net.minecraftforge.versions.mcp.MCPVersion/CORE]: Found MC version information 1.20.1
[25Feb2025 23:52:00.130] [modloading-worker-0/DEBUG] [net.minecraftforge.versions.mcp.MCPVersion/CORE]: Found MCP version information 20230612.114412
[25Feb2025 23:52:00.126] [modloading-worker-0/DEBUG] [net.minecraftforge.fml.javafmlmod.AutomaticEventSubscriber/LOADING]: Attempting to inject @EventBusSubscriber classes into the eventbus for scalinghealth
[25Feb2025 23:52:00.131] [modloading-worker-0/DEBUG] [net.minecraftforge.fml.javafmlmod.AutomaticEventSubscriber/LOADING]: Auto-subscribing net.silentchaos512.scalinghealth.resources.mechanics.SHMechanics to FORGE
[25Feb2025 23:52:00.131] [modloading-worker-0/INFO] [net.minecraftforge.common.ForgeMod/FORGEMOD]: Forge mod loading, version 47.3.7, for MC 1.20.1 with MCP 20230612.114412
[25Feb2025 23:52:00.135] [modloading-worker-0/INFO] [net.minecraftforge.common.MinecraftForge/FORGE]: MinecraftForge v47.3.7 Initialized
[25Feb2025 23:52:00.217] [modloading-worker-0/DEBUG] [io.netty.util.internal.PlatformDependent0/]: -Dio.netty.noUnsafe: false
[25Feb2025 23:52:00.217] [modloading-worker-0/DEBUG] [io.netty.util.internal.PlatformDependent0/]: Java version: 17
[25Feb2025 23:52:00.218] [modloading-worker-0/DEBUG] [io.netty.util.internal.PlatformDependent0/]: sun.misc.Unsafe.theUnsafe: available
[25Feb2025 23:52:00.218] [modloading-worker-0/DEBUG] [io.netty.util.internal.PlatformDependent0/]: sun.misc.Unsafe.copyMemory: available
[25Feb2025 23:52:00.219] [modloading-worker-0/DEBUG] [io.netty.util.internal.PlatformDependent0/]: sun.misc.Unsafe.storeFence: available
[25Feb2025 23:52:00.220] [modloading-worker-0/DEBUG] [io.netty.util.internal.PlatformDependent0/]: java.nio.Buffer.address: available
[25Feb2025 23:52:00.220] [modloading-worker-0/DEBUG] [io.netty.util.internal.PlatformDependent0/]: direct buffer constructor: unavailable
java.lang.UnsupportedOperationException: Reflective setAccessible(true) disabled
	at io.netty.util.internal.ReflectionUtil.trySetAccessible(ReflectionUtil.java:31) ~[netty-common-4.1.82.Final.jar%2382!/:4.1.82.Final]
	at io.netty.util.internal.PlatformDependent0$5.run(PlatformDependent0.java:288) ~[netty-common-4.1.82.Final.jar%2382!/:4.1.82.Final]
	at java.security.AccessController.doPrivileged(AccessController.java:318) ~[?:?]
	at io.netty.util.internal.PlatformDependent0.<clinit>(PlatformDependent0.java:282) ~[netty-common-4.1.82.Final.jar%2382!/:4.1.82.Final]
	at io.netty.util.internal.PlatformDependent.isAndroid(PlatformDependent.java:333) ~[netty-common-4.1.82.Final.jar%2382!/:4.1.82.Final]
	at io.netty.util.internal.PlatformDependent.<clinit>(PlatformDependent.java:88) ~[netty-common-4.1.82.Final.jar%2382!/:4.1.82.Final]
	at io.netty.util.ConstantPool.<init>(ConstantPool.java:34) ~[netty-common-4.1.82.Final.jar%2382!/:4.1.82.Final]
	at io.netty.util.AttributeKey$1.<init>(AttributeKey.java:27) ~[netty-common-4.1.82.Final.jar%2382!/:4.1.82.Final]
	at io.netty.util.AttributeKey.<clinit>(AttributeKey.java:27) ~[netty-common-4.1.82.Final.jar%2382!/:4.1.82.Final]
	at net.minecraftforge.network.NetworkConstants.<clinit>(NetworkConstants.java:34) ~[forge-1.20.1-47.3.7-universal.jar%23174!/:?]
	at net.minecraftforge.common.ForgeMod.<init>(ForgeMod.java:429) ~[forge-1.20.1-47.3.7-universal.jar%23174!/:?]
	at jdk.internal.reflect.NativeConstructorAccessorImpl.newInstance0(Native Method) ~[?:?]
	at jdk.internal.reflect.NativeConstructorAccessorImpl.newInstance(NativeConstructorAccessorImpl.java:77) ~[?:?]
	at jdk.internal.reflect.DelegatingConstructorAccessorImpl.newInstance(DelegatingConstructorAccessorImpl.java:45) ~[?:?]
	at java.lang.reflect.Constructor.newInstanceWithCaller(Constructor.java:500) ~[?:?]
	at java.lang.reflect.Constructor.newInstance(Constructor.java:481) ~[?:?]
	at net.minecraftforge.fml.javafmlmod.FMLModContainer.constructMod(FMLModContainer.java:70) ~[javafmllanguage-1.20.1-47.3.7.jar%23171!/:?]
	at net.minecraftforge.fml.ModContainer.lambda$buildTransitionHandler$4(ModContainer.java:124) ~[fmlcore-1.20.1-47.3.7.jar%23170!/:?]
	at java.util.concurrent.CompletableFuture$AsyncRun.run(CompletableFuture.java:1804) ~[?:?]
	at java.util.concurrent.CompletableFuture$AsyncRun.exec(CompletableFuture.java:1796) ~[?:?]
	at java.util.concurrent.ForkJoinTask.doExec(ForkJoinTask.java:373) ~[?:?]
	at java.util.concurrent.ForkJoinPool$WorkQueue.topLevelExec(ForkJoinPool.java:1182) ~[?:?]
	at java.util.concurrent.ForkJoinPool.scan(ForkJoinPool.java:1655) ~[?:?]
	at java.util.concurrent.ForkJoinPool.runWorker(ForkJoinPool.java:1622) ~[?:?]
	at java.util.concurrent.ForkJoinWorkerThread.run(ForkJoinWorkerThread.java:165) ~[?:?]
[25Feb2025 23:52:00.222] [modloading-worker-0/DEBUG] [io.netty.util.internal.PlatformDependent0/]: java.nio.Bits.unaligned: available, true
[25Feb2025 23:52:00.223] [modloading-worker-0/DEBUG] [io.netty.util.internal.PlatformDependent0/]: jdk.internal.misc.Unsafe.allocateUninitializedArray(int): unavailable
java.lang.IllegalAccessException: class io.netty.util.internal.PlatformDependent0$7 (in module io.netty.common) cannot access class jdk.internal.misc.Unsafe (in module java.base) because module java.base does not export jdk.internal.misc to module io.netty.common
	at jdk.internal.reflect.Reflection.newIllegalAccessException(Reflection.java:392) ~[?:?]
	at java.lang.reflect.AccessibleObject.checkAccess(AccessibleObject.java:674) ~[?:?]
	at java.lang.reflect.Method.invoke(Method.java:561) ~[?:?]
	at io.netty.util.internal.PlatformDependent0$7.run(PlatformDependent0.java:410) ~[netty-common-4.1.82.Final.jar%2382!/:4.1.82.Final]
	at java.security.AccessController.doPrivileged(AccessController.java:318) ~[?:?]
	at io.netty.util.internal.PlatformDependent0.<clinit>(PlatformDependent0.java:401) ~[netty-common-4.1.82.Final.jar%2382!/:4.1.82.Final]
	at io.netty.util.internal.PlatformDependent.isAndroid(PlatformDependent.java:333) ~[netty-common-4.1.82.Final.jar%2382!/:4.1.82.Final]
	at io.netty.util.internal.PlatformDependent.<clinit>(PlatformDependent.java:88) ~[netty-common-4.1.82.Final.jar%2382!/:4.1.82.Final]
	at io.netty.util.ConstantPool.<init>(ConstantPool.java:34) ~[netty-common-4.1.82.Final.jar%2382!/:4.1.82.Final]
	at io.netty.util.AttributeKey$1.<init>(AttributeKey.java:27) ~[netty-common-4.1.82.Final.jar%2382!/:4.1.82.Final]
	at io.netty.util.AttributeKey.<clinit>(AttributeKey.java:27) ~[netty-common-4.1.82.Final.jar%2382!/:4.1.82.Final]
	at net.minecraftforge.network.NetworkConstants.<clinit>(NetworkConstants.java:34) ~[forge-1.20.1-47.3.7-universal.jar%23174!/:?]
	at net.minecraftforge.common.ForgeMod.<init>(ForgeMod.java:429) ~[forge-1.20.1-47.3.7-universal.jar%23174!/:?]
	at jdk.internal.reflect.NativeConstructorAccessorImpl.newInstance0(Native Method) ~[?:?]
	at jdk.internal.reflect.NativeConstructorAccessorImpl.newInstance(NativeConstructorAccessorImpl.java:77) ~[?:?]
	at jdk.internal.reflect.DelegatingConstructorAccessorImpl.newInstance(DelegatingConstructorAccessorImpl.java:45) ~[?:?]
	at java.lang.reflect.Constructor.newInstanceWithCaller(Constructor.java:500) ~[?:?]
	at java.lang.reflect.Constructor.newInstance(Constructor.java:481) ~[?:?]
	at net.minecraftforge.fml.javafmlmod.FMLModContainer.constructMod(FMLModContainer.java:70) ~[javafmllanguage-1.20.1-47.3.7.jar%23171!/:?]
	at net.minecraftforge.fml.ModContainer.lambda$buildTransitionHandler$4(ModContainer.java:124) ~[fmlcore-1.20.1-47.3.7.jar%23170!/:?]
	at java.util.concurrent.CompletableFuture$AsyncRun.run(CompletableFuture.java:1804) ~[?:?]
	at java.util.concurrent.CompletableFuture$AsyncRun.exec(CompletableFuture.java:1796) ~[?:?]
	at java.util.concurrent.ForkJoinTask.doExec(ForkJoinTask.java:373) ~[?:?]
	at java.util.concurrent.ForkJoinPool$WorkQueue.topLevelExec(ForkJoinPool.java:1182) ~[?:?]
	at java.util.concurrent.ForkJoinPool.scan(ForkJoinPool.java:1655) ~[?:?]
	at java.util.concurrent.ForkJoinPool.runWorker(ForkJoinPool.java:1622) ~[?:?]
	at java.util.concurrent.ForkJoinWorkerThread.run(ForkJoinWorkerThread.java:165) ~[?:?]
[25Feb2025 23:52:00.225] [modloading-worker-0/DEBUG] [io.netty.util.internal.PlatformDependent0/]: java.nio.DirectByteBuffer.<init>(long, int): unavailable
[25Feb2025 23:52:00.228] [modloading-worker-0/DEBUG] [io.netty.util.internal.PlatformDependent/]: sun.misc.Unsafe: available
[25Feb2025 23:52:00.228] [modloading-worker-0/DEBUG] [io.netty.util.internal.PlatformDependent/]: maxDirectMemory: 16106127360 bytes (maybe)
[25Feb2025 23:52:00.229] [modloading-worker-0/DEBUG] [io.netty.util.internal.PlatformDependent/]: -Dio.netty.tmpdir: /tmp (java.io.tmpdir)
[25Feb2025 23:52:00.229] [modloading-worker-0/DEBUG] [io.netty.util.internal.PlatformDependent/]: -Dio.netty.bitMode: 64 (sun.arch.data.model)
[25Feb2025 23:52:00.229] [modloading-worker-0/DEBUG] [io.netty.util.internal.PlatformDependent/]: -Dio.netty.maxDirectMemory: -1 bytes
[25Feb2025 23:52:00.229] [modloading-worker-0/DEBUG] [io.netty.util.internal.PlatformDependent/]: -Dio.netty.uninitializedArrayAllocationThreshold: -1
[25Feb2025 23:52:00.235] [modloading-worker-0/DEBUG] [io.netty.util.internal.CleanerJava9/]: java.nio.ByteBuffer.cleaner(): available
[25Feb2025 23:52:00.235] [modloading-worker-0/DEBUG] [io.netty.util.internal.PlatformDependent/]: -Dio.netty.noPreferDirect: false
[25Feb2025 23:52:00.245] [modloading-worker-0/DEBUG] [net.minecraftforge.fml.javafmlmod.AutomaticEventSubscriber/LOADING]: Auto-subscribing net.silentchaos512.scalinghealth.resources.mechanics.SHMechanicListener to FORGE
[25Feb2025 23:52:00.255] [modloading-worker-0/DEBUG] [net.minecraftforge.fml.javafmlmod.AutomaticEventSubscriber/LOADING]: Auto-subscribing net.silentchaos512.scalinghealth.event.PlayerBonusRegenHandler to FORGE
[25Feb2025 23:52:00.260] [modloading-worker-0/DEBUG] [net.minecraftforge.fml.javafmlmod.AutomaticEventSubscriber/LOADING]: Auto-subscribing net.silentchaos512.scalinghealth.event.PetEventHandler to FORGE
[25Feb2025 23:52:00.263] [modloading-worker-0/DEBUG] [net.minecraftforge.fml.javafmlmod.AutomaticEventSubscriber/LOADING]: Auto-subscribing net.silentchaos512.scalinghealth.event.DifficultyEvents to FORGE
[25Feb2025 23:52:00.270] [modloading-worker-0/DEBUG] [net.minecraftforge.fml.javafmlmod.AutomaticEventSubscriber/LOADING]: Auto-subscribing net.silentchaos512.scalinghealth.event.DamageScaling to FORGE
[25Feb2025 23:52:00.274] [modloading-worker-0/DEBUG] [net.minecraftforge.fml.javafmlmod.AutomaticEventSubscriber/LOADING]: Auto-subscribing net.silentchaos512.scalinghealth.event.CommonEvents to FORGE
[25Feb2025 23:52:00.286] [modloading-worker-0/DEBUG] [net.minecraftforge.fml.javafmlmod.AutomaticEventSubscriber/LOADING]: Auto-subscribing net.silentchaos512.scalinghealth.event.BlightHandler to FORGE
[25Feb2025 23:52:00.292] [modloading-worker-0/DEBUG] [net.minecraftforge.fml.javafmlmod.AutomaticEventSubscriber/LOADING]: Auto-subscribing net.silentchaos512.scalinghealth.datagen.GenEvent to MOD
[25Feb2025 23:52:00.294] [modloading-worker-0/DEBUG] [playerrevive/]: Created network playerrevive:main
[25Feb2025 23:52:00.297] [modloading-worker-0/DEBUG] [net.minecraftforge.fml.javafmlmod.AutomaticEventSubscriber/LOADING]: Attempting to inject @EventBusSubscriber classes into the eventbus for playerrevive
[25Feb2025 23:52:00.298] [modloading-worker-0/DEBUG] [net.minecraftforge.common.ForgeMod/FORGEMOD]: Loading Network data for FML net version: FML3
[25Feb2025 23:52:00.320] [modloading-worker-0/DEBUG] [net.minecraftforge.fml.config.ConfigTracker/CONFIG]: Config file forge-client.toml for forge tracking
[25Feb2025 23:52:00.320] [modloading-worker-0/DEBUG] [net.minecraftforge.fml.config.ConfigTracker/CONFIG]: Config file forge-server.toml for forge tracking
[25Feb2025 23:52:00.320] [modloading-worker-0/DEBUG] [net.minecraftforge.fml.ModLoadingContext/]: Attempted to register an empty config for type COMMON on mod forge
[25Feb2025 23:52:00.325] [modloading-worker-0/DEBUG] [net.minecraftforge.fml.javafmlmod.AutomaticEventSubscriber/LOADING]: Attempting to inject @EventBusSubscriber classes into the eventbus for faded_conquest_2
[25Feb2025 23:52:00.325] [modloading-worker-0/DEBUG] [net.minecraftforge.fml.javafmlmod.AutomaticEventSubscriber/LOADING]: Auto-subscribing net.fadedconquest2.world.dimension.TheMirrorRealmDimension to FORGE
[25Feb2025 23:52:00.325] [modloading-worker-0/DEBUG] [net.minecraftforge.fml.javafmlmod.AutomaticEventSubscriber/LOADING]: Auto-subscribing net.fadedconquest2.world.dimension.TheMirrorRealmDimension$TheMirrorRealmSpecialEffectsHandler to MOD
[25Feb2025 23:52:00.326] [modloading-worker-0/DEBUG] [net.minecraftforge.fml.javafmlmod.AutomaticEventSubscriber/LOADING]: Auto-subscribing net.fadedconquest2.world.dimension.TheAbyssDimension to FORGE
[25Feb2025 23:52:00.331] [modloading-worker-0/DEBUG] [net.minecraftforge.fml.javafmlmod.AutomaticEventSubscriber/LOADING]: Auto-subscribing net.fadedconquest2.world.dimension.TheAbyssDimension$TheAbyssSpecialEffectsHandler to MOD
[25Feb2025 23:52:00.332] [modloading-worker-0/DEBUG] [net.minecraftforge.fml.javafmlmod.AutomaticEventSubscriber/LOADING]: Auto-subscribing net.fadedconquest2.procedures.WhirlwindattackProcedure to FORGE
[25Feb2025 23:52:00.332] [modloading-worker-0/DEBUG] [net.minecraftforge.fml.javafmlmod.AutomaticEventSubscriber/LOADING]: Attempting to inject @EventBusSubscriber classes into the eventbus for forge
[25Feb2025 23:52:00.333] [modloading-worker-0/DEBUG] [net.minecraftforge.fml.javafmlmod.AutomaticEventSubscriber/LOADING]: Auto-subscribing net.minecraftforge.common.ForgeSpawnEggItem$CommonHandler to MOD
[25Feb2025 23:52:00.333] [modloading-worker-0/DEBUG] [net.minecraftforge.fml.javafmlmod.AutomaticEventSubscriber/LOADING]: Auto-subscribing net.fadedconquest2.procedures.VFXMaiasmaPlayerCollidesWithThisEntityProcedure to FORGE
[25Feb2025 23:52:00.334] [modloading-worker-0/DEBUG] [net.minecraftforge.fml.javafmlmod.AutomaticEventSubscriber/LOADING]: Auto-subscribing net.fadedconquest2.procedures.TerribletenattackProcedure to FORGE
[25Feb2025 23:52:00.337] [modloading-worker-0/DEBUG] [net.minecraftforge.fml.javafmlmod.AutomaticEventSubscriber/LOADING]: Auto-subscribing net.fadedconquest2.procedures.SpikedmgProcedure to FORGE
[25Feb2025 23:52:00.338] [modloading-worker-0/DEBUG] [net.minecraftforge.fml.javafmlmod.AutomaticEventSubscriber/LOADING]: Auto-subscribing net.fadedconquest2.procedures.RgattackProcedure to FORGE
[25Feb2025 23:52:00.339] [modloading-worker-0/DEBUG] [net.minecraftforge.fml.javafmlmod.AutomaticEventSubscriber/LOADING]: Auto-subscribing net.fadedconquest2.procedures.PbattackProcedure to FORGE
[25Feb2025 23:52:00.340] [modloading-worker-0/DEBUG] [net.minecraftforge.fml.javafmlmod.AutomaticEventSubscriber/LOADING]: Auto-subscribing net.fadedconquest2.procedures.Pb2attackProcedure to FORGE
[25Feb2025 23:52:00.342] [modloading-worker-0/DEBUG] [net.minecraftforge.fml.javafmlmod.AutomaticEventSubscriber/LOADING]: Auto-subscribing net.fadedconquest2.procedures.MirrorealmfallProcedure to FORGE
[25Feb2025 23:52:00.343] [modloading-worker-0/DEBUG] [net.minecraftforge.fml.javafmlmod.AutomaticEventSubscriber/LOADING]: Auto-subscribing net.fadedconquest2.procedures.Lichattk2Procedure to FORGE
[25Feb2025 23:52:00.344] [modloading-worker-0/DEBUG] [net.minecraftforge.fml.javafmlmod.AutomaticEventSubscriber/LOADING]: Auto-subscribing net.fadedconquest2.procedures.LichattackProcedure to FORGE
[25Feb2025 23:52:00.351] [modloading-worker-0/DEBUG] [net.minecraftforge.fml.javafmlmod.AutomaticEventSubscriber/LOADING]: Auto-subscribing net.fadedconquest2.procedures.GodslayerobtainProcedure to FORGE
[25Feb2025 23:52:00.352] [modloading-worker-0/DEBUG] [net.minecraftforge.fml.javafmlmod.AutomaticEventSubscriber/LOADING]: Auto-subscribing net.fadedconquest2.procedures.FcattackProcedure to FORGE
[25Feb2025 23:52:00.355] [modloading-worker-0/DEBUG] [net.minecraftforge.fml.javafmlmod.AutomaticEventSubscriber/LOADING]: Auto-subscribing net.fadedconquest2.procedures.Fc2attackProcedure to FORGE
[25Feb2025 23:52:00.356] [modloading-worker-0/DEBUG] [net.minecraftforge.fml.javafmlmod.AutomaticEventSubscriber/LOADING]: Auto-subscribing net.fadedconquest2.procedures.FCtargetProcedure to FORGE
[25Feb2025 23:52:00.357] [modloading-worker-0/DEBUG] [net.minecraftforge.fml.javafmlmod.AutomaticEventSubscriber/LOADING]: Auto-subscribing net.fadedconquest2.procedures.CalamityvesselattkProcedure to FORGE
[25Feb2025 23:52:00.359] [modloading-worker-0/DEBUG] [net.minecraftforge.fml.javafmlmod.AutomaticEventSubscriber/LOADING]: Auto-subscribing net.fadedconquest2.procedures.BindattckProcedure to FORGE
[25Feb2025 23:52:00.359] [modloading-worker-0/DEBUG] [net.minecraftforge.fml.javafmlmod.AutomaticEventSubscriber/LOADING]: Auto-subscribing net.fadedconquest2.procedures.BeamdmgProcedure to FORGE
[25Feb2025 23:52:00.360] [modloading-worker-0/DEBUG] [net.minecraftforge.fml.javafmlmod.AutomaticEventSubscriber/LOADING]: Auto-subscribing net.fadedconquest2.procedures.AgattackProcedure to FORGE
[25Feb2025 23:52:00.361] [modloading-worker-0/DEBUG] [net.minecraftforge.fml.javafmlmod.AutomaticEventSubscriber/LOADING]: Auto-subscribing net.fadedconquest2.init.FadedConquest2ModTabs to MOD
[25Feb2025 23:52:00.362] [modloading-worker-0/DEBUG] [net.minecraftforge.fml.javafmlmod.AutomaticEventSubscriber/LOADING]: Auto-subscribing net.fadedconquest2.init.FadedConquest2ModEntities to MOD
[25Feb2025 23:52:00.362] [modloading-worker-0/DEBUG] [net.minecraftforge.fml.javafmlmod.AutomaticEventSubscriber/LOADING]: Auto-subscribing net.fadedconquest2.init.EntityAnimationFactory to FORGE
[25Feb2025 23:52:00.363] [modloading-worker-0/DEBUG] [net.minecraftforge.fml.javafmlmod.AutomaticEventSubscriber/LOADING]: Auto-subscribing net.fadedconquest2.block.listener.ClientListener to MOD
[25Feb2025 23:52:00.364] [modloading-worker-0/DEBUG] [net.minecraftforge.fml.javafmlmod.AutomaticEventSubscriber/LOADING]: Auto-subscribing net.fadedconquest2.FadedConquest2Mod$initer to MOD
[25Feb2025 23:52:00.625] [modloading-worker-0/DEBUG] [net.minecraftforge.fml.javafmlmod.AutomaticEventSubscriber/LOADING]: Attempting to inject @EventBusSubscriber classes into the eventbus for apocalypsenow
[25Feb2025 23:52:00.626] [modloading-worker-0/DEBUG] [net.minecraftforge.fml.javafmlmod.AutomaticEventSubscriber/LOADING]: Auto-subscribing net.mcreator.apocalypsenow.procedures.ZombiesArmorProcedure to FORGE
[25Feb2025 23:52:00.629] [modloading-worker-0/DEBUG] [net.minecraftforge.fml.javafmlmod.AutomaticEventSubscriber/LOADING]: Auto-subscribing net.mcreator.apocalypsenow.procedures.PopulationDensityProcedure to FORGE
[25Feb2025 23:52:00.630] [modloading-worker-0/DEBUG] [net.minecraftforge.fml.javafmlmod.AutomaticEventSubscriber/LOADING]: Auto-subscribing net.mcreator.apocalypsenow.procedures.PlayerkillaponowadavcenProcedure to FORGE
[25Feb2025 23:52:00.632] [modloading-worker-0/DEBUG] [net.minecraftforge.fml.javafmlmod.AutomaticEventSubscriber/LOADING]: Auto-subscribing net.mcreator.apocalypsenow.procedures.InfectionaplyProcedure to FORGE
[25Feb2025 23:52:00.632] [modloading-worker-0/DEBUG] [net.minecraftforge.fml.javafmlmod.AutomaticEventSubscriber/LOADING]: Auto-subscribing net.mcreator.apocalypsenow.procedures.HumandiesProcedure to FORGE
[25Feb2025 23:52:00.633] [modloading-worker-0/DEBUG] [net.minecraftforge.fml.javafmlmod.AutomaticEventSubscriber/LOADING]: Auto-subscribing net.mcreator.apocalypsenow.procedures.FalldamageProcedure to FORGE
[25Feb2025 23:52:00.634] [modloading-worker-0/DEBUG] [net.minecraftforge.fml.javafmlmod.AutomaticEventSubscriber/LOADING]: Auto-subscribing net.mcreator.apocalypsenow.procedures.CannibalarmorandmeleeProcedure to FORGE
[25Feb2025 23:52:00.634] [modloading-worker-0/DEBUG] [net.minecraftforge.fml.javafmlmod.AutomaticEventSubscriber/LOADING]: Auto-subscribing net.mcreator.apocalypsenow.procedures.BrokenlegprocedureProcedure to FORGE
[25Feb2025 23:52:00.635] [modloading-worker-0/DEBUG] [net.minecraftforge.fml.javafmlmod.AutomaticEventSubscriber/LOADING]: Auto-subscribing net.mcreator.apocalypsenow.network.NigthvisionkeybindMessage to MOD
[25Feb2025 23:52:00.636] [modloading-worker-0/DEBUG] [net.minecraftforge.fml.javafmlmod.AutomaticEventSubscriber/LOADING]: Auto-subscribing net.mcreator.apocalypsenow.init.ApocalypsenowModTrades to FORGE
[25Feb2025 23:52:00.637] [modloading-worker-0/DEBUG] [net.minecraftforge.fml.javafmlmod.AutomaticEventSubscriber/LOADING]: Auto-subscribing net.mcreator.apocalypsenow.init.ApocalypsenowModLootModifier to MOD
[25Feb2025 23:52:00.639] [modloading-worker-0/DEBUG] [net.minecraftforge.fml.javafmlmod.AutomaticEventSubscriber/LOADING]: Auto-subscribing net.mcreator.apocalypsenow.init.ApocalypsenowModFuels to FORGE
[25Feb2025 23:52:00.639] [modloading-worker-0/DEBUG] [net.minecraftforge.fml.javafmlmod.AutomaticEventSubscriber/LOADING]: Auto-subscribing net.mcreator.apocalypsenow.init.ApocalypsenowModEntities to MOD
[25Feb2025 23:52:00.640] [modloading-worker-0/DEBUG] [net.minecraftforge.fml.javafmlmod.AutomaticEventSubscriber/LOADING]: Auto-subscribing net.mcreator.apocalypsenow.init.ApocalypsenowModCustomCuriosSlots to MOD
[25Feb2025 23:52:00.641] [modloading-worker-0/DEBUG] [net.minecraftforge.fml.javafmlmod.AutomaticEventSubscriber/LOADING]: Auto-subscribing net.mcreator.apocalypsenow.init.ApocalypsenowModCuriosSlots to MOD
[25Feb2025 23:52:00.641] [modloading-worker-0/DEBUG] [net.minecraftforge.fml.javafmlmod.AutomaticEventSubscriber/LOADING]: Auto-subscribing net.mcreator.apocalypsenow.init.ApocalypsenowModCuriosRenderers to MOD
[25Feb2025 23:52:00.642] [modloading-worker-0/DEBUG] [net.minecraftforge.fml.javafmlmod.AutomaticEventSubscriber/LOADING]: Auto-subscribing net.mcreator.apocalypsenow.init.ApocalypsenowModConfigs to MOD
[25Feb2025 23:52:00.644] [main/DEBUG] [net.minecraftforge.fml.DeferredWorkQueue/LOADING]: Dispatching synchronous work for work queue CONSTRUCT: 3 jobs
[25Feb2025 23:52:00.646] [main/DEBUG] [net.minecraftforge.fml.config.ConfigTracker/CONFIG]: Config file wegotrunnersconfigclient.toml for wegotrunnners tracking
[25Feb2025 23:52:00.647] [main/DEBUG] [net.minecraftforge.fml.config.ConfigTracker/CONFIG]: Config file wegotrunnersconfig.toml for wegotrunnners tracking
[25Feb2025 23:52:00.649] [main/DEBUG] [net.minecraftforge.fml.config.ConfigTracker/CONFIG]: Config file Apocalypse Now Config.toml for apocalypsenow tracking
[25Feb2025 23:52:00.649] [main/DEBUG] [net.minecraftforge.fml.DeferredWorkQueue/LOADING]: Synchronous work queue completed in 4.436 ms
[25Feb2025 23:52:00.744] [main/DEBUG] [net.minecraftforge.common.capabilities.CapabilityManager/CAPABILITIES]: Attempting to automatically register: Lnet/minecraftforge/energy/IEnergyStorage;
[25Feb2025 23:52:00.744] [main/DEBUG] [net.minecraftforge.common.capabilities.CapabilityManager/CAPABILITIES]: Attempting to automatically register: Lnet/minecraftforge/fluids/capability/IFluidHandler;
[25Feb2025 23:52:00.744] [main/DEBUG] [net.minecraftforge.common.capabilities.CapabilityManager/CAPABILITIES]: Attempting to automatically register: Lnet/minecraftforge/fluids/capability/IFluidHandlerItem;
[25Feb2025 23:52:00.744] [main/DEBUG] [net.minecraftforge.common.capabilities.CapabilityManager/CAPABILITIES]: Attempting to automatically register: Lnet/minecraftforge/items/IItemHandler;
[25Feb2025 23:52:01.723] [main/DEBUG] [io.netty.util.internal.InternalThreadLocalMap/]: -Dio.netty.threadLocalMap.stringBuilder.initialSize: 1024
[25Feb2025 23:52:01.723] [main/DEBUG] [io.netty.util.internal.InternalThreadLocalMap/]: -Dio.netty.threadLocalMap.stringBuilder.maxSize: 4096
[25Feb2025 23:52:01.724] [main/DEBUG] [io.netty.util.internal.ThreadLocalRandom/]: -Dio.netty.initialSeedUniquifier: 0xde0d1a57eedbcde6
[25Feb2025 23:52:02.726] [main/DEBUG] [mixin/]: Mixing accessor.ShapelessRecipeAccessor from tombstone.mixins.json into net.minecraft.world.item.crafting.ShapelessRecipe
[25Feb2025 23:52:02.862] [main/DEBUG] [mixin/]: Mixing ForgeHooksMixin from tombstone.mixins.json into net.minecraftforge.common.ForgeHooks
[25Feb2025 23:52:02.952] [main/DEBUG] [mixin/]: Mixing SpawnRestrictionAccessor from graveyard-common.mixins.json into net.minecraft.world.entity.SpawnPlacements
[25Feb2025 23:52:02.952] [main/DEBUG] [mixin/]: Renaming @Invoker method callRegister(Lnet/minecraft/world/entity/EntityType;Lnet/minecraft/world/entity/SpawnPlacements$Type;Lnet/minecraft/world/level/levelgen/Heightmap$Types;Lnet/minecraft/world/entity/SpawnPlacements$SpawnPredicate;)V to callRegister_$md$506fb6$0 in graveyard-common.mixins.json:SpawnRestrictionAccessor
[25Feb2025 23:52:02.975] [main/DEBUG] [net.minecraftforge.fml.config.ConfigTracker/CONFIG]: Loading configs type COMMON
[25Feb2025 23:52:02.976] [main/DEBUG] [net.minecraftforge.fml.config.ConfigFileTypeHandler/CONFIG]: Built TOML config for /workspaces/serveo/servidor_minecraft/config/tacz-common.toml
[25Feb2025 23:52:02.977] [main/DEBUG] [net.minecraftforge.fml.config.ConfigFileTypeHandler/CONFIG]: Loaded TOML config file /workspaces/serveo/servidor_minecraft/config/tacz-common.toml
[25Feb2025 23:52:02.982] [main/DEBUG] [net.minecraftforge.fml.config.ConfigFileTypeHandler/CONFIG]: Watching TOML config file /workspaces/serveo/servidor_minecraft/config/tacz-common.toml for changes
[25Feb2025 23:52:02.984] [main/DEBUG] [net.minecraftforge.fml.config.ConfigFileTypeHandler/CONFIG]: Built TOML config for /workspaces/serveo/servidor_minecraft/config/eeeabsmobs-common.toml
[25Feb2025 23:52:02.984] [Thread-1/DEBUG] [net.minecraftforge.fml.config.ConfigFileTypeHandler/CONFIG]: Config file tacz-common.toml changed, sending notifies
[25Feb2025 23:52:02.985] [Thread-1/DEBUG] [net.minecraftforge.fml.config.ConfigFileTypeHandler/CONFIG]: Config file tacz-common.toml changed, sending notifies
[25Feb2025 23:52:02.986] [main/DEBUG] [net.minecraftforge.fml.config.ConfigFileTypeHandler/CONFIG]: Loaded TOML config file /workspaces/serveo/servidor_minecraft/config/eeeabsmobs-common.toml
[25Feb2025 23:52:02.986] [main/DEBUG] [net.minecraftforge.fml.config.ConfigFileTypeHandler/CONFIG]: Watching TOML config file /workspaces/serveo/servidor_minecraft/config/eeeabsmobs-common.toml for changes
[25Feb2025 23:52:02.992] [Thread-1/DEBUG] [net.minecraftforge.fml.config.ConfigFileTypeHandler/CONFIG]: Config file eeeabsmobs-common.toml changed, sending notifies
[25Feb2025 23:52:02.992] [main/DEBUG] [net.minecraftforge.fml.config.ConfigFileTypeHandler/CONFIG]: Built TOML config for /workspaces/serveo/servidor_minecraft/config/insanelib-common.toml
[25Feb2025 23:52:02.992] [main/DEBUG] [net.minecraftforge.fml.config.ConfigFileTypeHandler/CONFIG]: Loaded TOML config file /workspaces/serveo/servidor_minecraft/config/insanelib-common.toml
[25Feb2025 23:52:02.992] [main/DEBUG] [net.minecraftforge.fml.config.ConfigFileTypeHandler/CONFIG]: Watching TOML config file /workspaces/serveo/servidor_minecraft/config/insanelib-common.toml for changes
[25Feb2025 23:52:02.994] [Thread-1/DEBUG] [net.minecraftforge.fml.config.ConfigFileTypeHandler/CONFIG]: Config file insanelib-common.toml changed, sending notifies
[25Feb2025 23:52:02.994] [main/DEBUG] [net.minecraftforge.fml.config.ConfigFileTypeHandler/CONFIG]: Built TOML config for /workspaces/serveo/servidor_minecraft/config/curios-common.toml
[25Feb2025 23:52:02.994] [main/DEBUG] [net.minecraftforge.fml.config.ConfigFileTypeHandler/CONFIG]: Loaded TOML config file /workspaces/serveo/servidor_minecraft/config/curios-common.toml
[25Feb2025 23:52:02.994] [Thread-1/DEBUG] [net.minecraftforge.fml.config.ConfigFileTypeHandler/CONFIG]: Config file insanelib-common.toml changed, sending notifies
[25Feb2025 23:52:02.994] [main/DEBUG] [net.minecraftforge.fml.config.ConfigFileTypeHandler/CONFIG]: Watching TOML config file /workspaces/serveo/servidor_minecraft/config/curios-common.toml for changes
[25Feb2025 23:52:02.995] [main/DEBUG] [net.minecraftforge.fml.config.ConfigFileTypeHandler/CONFIG]: Built TOML config for /workspaces/serveo/servidor_minecraft/config/legendary_monsters-common.toml
[25Feb2025 23:52:02.995] [Thread-1/DEBUG] [net.minecraftforge.fml.config.ConfigFileTypeHandler/CONFIG]: Config file curios-common.toml changed, sending notifies
[25Feb2025 23:52:02.996] [main/DEBUG] [net.minecraftforge.fml.config.ConfigFileTypeHandler/CONFIG]: Loaded TOML config file /workspaces/serveo/servidor_minecraft/config/legendary_monsters-common.toml
[25Feb2025 23:52:02.996] [main/DEBUG] [net.minecraftforge.fml.config.ConfigFileTypeHandler/CONFIG]: Watching TOML config file /workspaces/serveo/servidor_minecraft/config/legendary_monsters-common.toml for changes
[25Feb2025 23:52:03.000] [Thread-1/DEBUG] [net.minecraftforge.fml.config.ConfigFileTypeHandler/CONFIG]: Config file legendary_monsters-common.toml changed, sending notifies
[25Feb2025 23:52:03.001] [main/DEBUG] [net.minecraftforge.fml.config.ConfigFileTypeHandler/CONFIG]: Built TOML config for /workspaces/serveo/servidor_minecraft/config/CoroUtil/General.toml
[25Feb2025 23:52:03.002] [Thread-1/DEBUG] [net.minecraftforge.fml.config.ConfigFileTypeHandler/CONFIG]: Config file legendary_monsters-common.toml changed, sending notifies
[25Feb2025 23:52:03.003] [main/DEBUG] [net.minecraftforge.fml.config.ConfigFileTypeHandler/CONFIG]: Loaded TOML config file /workspaces/serveo/servidor_minecraft/config/CoroUtil/General.toml
[25Feb2025 23:52:03.004] [main/DEBUG] [net.minecraftforge.fml.config.ConfigFileTypeHandler/CONFIG]: Watching TOML config file /workspaces/serveo/servidor_minecraft/config/CoroUtil/General.toml for changes
[25Feb2025 23:52:03.004] [main/DEBUG] [net.minecraftforge.fml.config.ConfigFileTypeHandler/CONFIG]: Built TOML config for /workspaces/serveo/servidor_minecraft/config/tombstone-common.toml
[25Feb2025 23:52:03.005] [main/DEBUG] [net.minecraftforge.fml.config.ConfigFileTypeHandler/CONFIG]: Loaded TOML config file /workspaces/serveo/servidor_minecraft/config/tombstone-common.toml
[25Feb2025 23:52:03.006] [main/DEBUG] [net.minecraftforge.fml.config.ConfigFileTypeHandler/CONFIG]: Watching TOML config file /workspaces/serveo/servidor_minecraft/config/tombstone-common.toml for changes
[25Feb2025 23:52:03.008] [Thread-1/DEBUG] [net.minecraftforge.fml.config.ConfigFileTypeHandler/CONFIG]: Config file tombstone-common.toml changed, sending notifies
[25Feb2025 23:52:03.008] [Thread-1/DEBUG] [net.minecraftforge.fml.config.ConfigFileTypeHandler/CONFIG]: Config file CoroUtil/General.toml changed, sending notifies
[25Feb2025 23:52:03.009] [main/DEBUG] [net.minecraftforge.fml.config.ConfigFileTypeHandler/CONFIG]: Built TOML config for /workspaces/serveo/servidor_minecraft/config/hordes-common.toml
[25Feb2025 23:52:03.009] [main/DEBUG] [net.minecraftforge.fml.config.ConfigFileTypeHandler/CONFIG]: Loaded TOML config file /workspaces/serveo/servidor_minecraft/config/hordes-common.toml
[25Feb2025 23:52:03.010] [main/DEBUG] [net.minecraftforge.fml.config.ConfigFileTypeHandler/CONFIG]: Watching TOML config file /workspaces/serveo/servidor_minecraft/config/hordes-common.toml for changes
[25Feb2025 23:52:03.011] [Thread-1/DEBUG] [net.minecraftforge.fml.config.ConfigFileTypeHandler/CONFIG]: Config file hordes-common.toml changed, sending notifies
[25Feb2025 23:52:03.011] [main/DEBUG] [net.minecraftforge.fml.config.ConfigFileTypeHandler/CONFIG]: Built TOML config for /workspaces/serveo/servidor_minecraft/config/k_turrets-common.toml
[25Feb2025 23:52:03.012] [main/DEBUG] [net.minecraftforge.fml.config.ConfigFileTypeHandler/CONFIG]: Loaded TOML config file /workspaces/serveo/servidor_minecraft/config/k_turrets-common.toml
[25Feb2025 23:52:03.012] [main/DEBUG] [net.minecraftforge.fml.config.ConfigFileTypeHandler/CONFIG]: Watching TOML config file /workspaces/serveo/servidor_minecraft/config/k_turrets-common.toml for changes
[25Feb2025 23:52:03.013] [main/DEBUG] [net.minecraftforge.fml.config.ConfigFileTypeHandler/CONFIG]: Built TOML config for /workspaces/serveo/servidor_minecraft/config/wegotrunnersconfig.toml
[25Feb2025 23:52:03.013] [main/DEBUG] [net.minecraftforge.fml.config.ConfigFileTypeHandler/CONFIG]: Loaded TOML config file /workspaces/serveo/servidor_minecraft/config/wegotrunnersconfig.toml
[25Feb2025 23:52:03.013] [main/DEBUG] [net.minecraftforge.fml.config.ConfigFileTypeHandler/CONFIG]: Watching TOML config file /workspaces/serveo/servidor_minecraft/config/wegotrunnersconfig.toml for changes
[25Feb2025 23:52:03.014] [Thread-1/DEBUG] [net.minecraftforge.fml.config.ConfigFileTypeHandler/CONFIG]: Config file hordes-common.toml changed, sending notifies
[25Feb2025 23:52:03.014] [main/DEBUG] [net.minecraftforge.fml.config.ConfigFileTypeHandler/CONFIG]: Built TOML config for /workspaces/serveo/servidor_minecraft/config/Apocalypse Now Config.toml
[25Feb2025 23:52:03.014] [main/DEBUG] [net.minecraftforge.fml.config.ConfigFileTypeHandler/CONFIG]: Loaded TOML config file /workspaces/serveo/servidor_minecraft/config/Apocalypse Now Config.toml
[25Feb2025 23:52:03.014] [main/DEBUG] [net.minecraftforge.fml.config.ConfigFileTypeHandler/CONFIG]: Watching TOML config file /workspaces/serveo/servidor_minecraft/config/Apocalypse Now Config.toml for changes
[25Feb2025 23:52:03.015] [Thread-1/DEBUG] [net.minecraftforge.fml.config.ConfigFileTypeHandler/CONFIG]: Config file Apocalypse Now Config.toml changed, sending notifies
[25Feb2025 23:52:03.017] [Thread-1/DEBUG] [net.minecraftforge.fml.config.ConfigFileTypeHandler/CONFIG]: Config file Apocalypse Now Config.toml changed, sending notifies
[25Feb2025 23:52:03.030] [modloading-worker-0/DEBUG] [mixin/]: Mixing MixinSlotAttribute from curios.mixins.json into top.theillusivec4.curios.api.SlotAttribute
[25Feb2025 23:52:03.051] [modloading-worker-0/DEBUG] [mixin/]: Mixing MixinCuriosApi from curios.mixins.json into top.theillusivec4.curios.api.CuriosApi
[25Feb2025 23:52:03.217] [modloading-worker-0/INFO] [net.antrolgaming.ags_daycounter.AgsDayCounterMod/]: [Day Counter] Loading config file...
[25Feb2025 23:52:03.226] [modloading-worker-0/INFO] [net.antrolgaming.ags_daycounter.AgsDayCounterMod/]: [Day Counter] Config file successfuly loaded!
[25Feb2025 23:52:03.255] [modloading-worker-0/DEBUG] [mixin/]: Mixing MixinNbtPredicate from curios.mixins.json into net.minecraft.advancements.critereon.NbtPredicate
[25Feb2025 23:52:03.287] [main/DEBUG] [net.minecraftforge.fml.DeferredWorkQueue/LOADING]: Dispatching synchronous work for work queue COMMON_SETUP: 12 jobs
[25Feb2025 23:52:03.503] [main/INFO] [tacz/SYNCED_ENTITY_DATA_TAC_COPY]: Registered synced data key tacz:shoot_cool_down for minecraft:living_entity
[25Feb2025 23:52:03.504] [main/INFO] [tacz/SYNCED_ENTITY_DATA_TAC_COPY]: Registered synced data key tacz:melee_cool_down for minecraft:living_entity
[25Feb2025 23:52:03.504] [main/INFO] [tacz/SYNCED_ENTITY_DATA_TAC_COPY]: Registered synced data key tacz:reload_state for minecraft:living_entity
[25Feb2025 23:52:03.505] [main/INFO] [tacz/SYNCED_ENTITY_DATA_TAC_COPY]: Registered synced data key tacz:aiming_progress for minecraft:living_entity
[25Feb2025 23:52:03.505] [main/INFO] [tacz/SYNCED_ENTITY_DATA_TAC_COPY]: Registered synced data key tacz:draw_cool_down for minecraft:living_entity
[25Feb2025 23:52:03.505] [main/INFO] [tacz/SYNCED_ENTITY_DATA_TAC_COPY]: Registered synced data key tacz:is_aiming for minecraft:living_entity
[25Feb2025 23:52:03.506] [main/INFO] [tacz/SYNCED_ENTITY_DATA_TAC_COPY]: Registered synced data key tacz:sprint_time for minecraft:living_entity
[25Feb2025 23:52:03.507] [main/INFO] [tacz/SYNCED_ENTITY_DATA_TAC_COPY]: Registered synced data key tacz:is_bolting for minecraft:living_entity
[25Feb2025 23:52:03.508] [main/INFO] [journeymap/]: Initializing Packet Registries
[25Feb2025 23:52:03.538] [main/INFO] [com.eeeab.eeeabsmobs.EEEABMobs/]: Starting to register Curios item...
[25Feb2025 23:52:03.545] [main/DEBUG] [net.minecraftforge.fml.DeferredWorkQueue/LOADING]: Synchronous work queue completed in 257.9 ms
[25Feb2025 23:52:03.562] [main/DEBUG] [net.minecraftforge.fml.DeferredWorkQueue/LOADING]: Dispatching synchronous work for work queue ENQUEUE_IMC: 4 jobs
[25Feb2025 23:52:03.564] [main/DEBUG] [net.minecraftforge.fml.DeferredWorkQueue/LOADING]: Synchronous work queue completed in 1.353 ms
[25Feb2025 23:52:03.593] [modloading-worker-0/INFO] [com.eeeab.eeeabsmobs.EEEABMobs/]: Registering custom criteria trigger...
[25Feb2025 23:52:03.863] [Forge Version Check/INFO] [net.minecraftforge.fml.VersionChecker/]: [silentlib] Starting version check at https://raw.githubusercontent.com/SilentChaos512/SilentLib/1.20.x/update.json
[25Feb2025 23:52:04.220] [Forge Version Check/DEBUG] [net.minecraftforge.fml.VersionChecker/]: [silentlib] Received version check data:
{
    "homepage": "https://www.curseforge.com/minecraft/mc-mods/silent-lib",
    "1.120.1": {
        "8.0.0": "https://github.com/SilentChaos512/SilentLib/blob/1.20.x/CHANGELOG.md"
    },
    "promos": {
        "1.120.1-latest": "8.0.0",
        "1.120.1-recommended": "8.0.0"
    }
}
[25Feb2025 23:52:04.221] [Forge Version Check/INFO] [net.minecraftforge.fml.VersionChecker/]: [silentlib] Found status: BETA Current: 8.0.0 Target: null
[25Feb2025 23:52:04.222] [Forge Version Check/INFO] [net.minecraftforge.fml.VersionChecker/]: [journeymap] Starting version check at https://forge.curseupdate.com/32274/journeymap
[25Feb2025 23:52:04.356] [Forge Version Check/DEBUG] [net.minecraftforge.fml.VersionChecker/]: [journeymap] Received version check data:
{"promos":{"1.10.2-latest":"1.10.2-5.5.2","1.10.2-recommended":"1.10.2-5.5.2","1.11-latest":"1.11-5.4.6","1.11-recommended":"1.11-5.4.6","1.11.2-latest":"1.11.2-5.5.2","1.11.2-recommended":"1.11.2-5.5.2","1.12-latest":"1.12-5.5.2","1.12-recommended":"1.12-5.5.2","1.12.1-latest":"1.12.1-5.5.2","1.12.1-recommended":"1.12.1-5.5.2","1.12.2-latest":"1.12.2-5.7.1p3","1.12.2-recommended":"1.12.2-5.7.1p3","1.14.4-latest":"5.7.0","1.14.4-recommended":"5.7.0","1.15.2-latest":"5.7.0","1.15.2-recommended":"5.7.0","1.16.2-latest":"5.7.3","1.16.2-recommended":"5.7.3","1.16.3-latest":"5.7.3","1.16.3-recommended":"5.7.3","1.16.4-latest":"5.7.3","1.16.4-recommended":"5.7.3","1.16.5-latest":"5.8.6","1.16.5-recommended":"5.8.6","1.17.1-latest":"5.8.0","1.17.1-recommended":"5.8.0","1.18-latest":"5.8.0alpha9","1.18.1-latest":"5.8.1","1.18.1-recommended":"5.8.1","1.18.2-latest":"5.9.8","1.18.2-recommended":"5.9.8","1.19-latest":"5.8.5","1.19-recommended":"5.8.5","1.19.1-latest":"5.9.0beta2","1.19.2-latest":"5.9.8","1.19.2-recommended":"5.9.8","1.19.3-latest":"5.9.7","1.19.3-recommended":"5.9.7","1.19.4-latest":"5.9.8","1.19.4-recommended":"5.9.8","1.20-latest":"5.9.8","1.20-recommended":"5.9.8","1.20.1-latest":"5.10.3","1.20.1-recommended":"5.10.3","1.20.2-latest":"5.9.21","1.20.2-recommended":"5.9.21","1.20.3-latest":"5.9.18","1.20.3-recommended":"5.9.18","1.20.4-latest":"5.10.0","1.20.4-recommended":"5.10.0","1.20.6-latest":"5.10.0","1.20.6-recommended":"5.10.0","1.21-latest":"1.21-6.0.0-beta.27","1.21.1-latest":"1.21.1-6.0.0-beta.35","1.21.4-latest":"1.21.4-6.0.0-beta.35","1.6.4-latest":"4.0.3","1.6.4-recommended":"4.0.3","1.7.10-latest":"5.2.8","1.7.10-recommended":"5.2.8","1.7.2-latest":"4.0.3","1.7.2-recommended":"4.0.3","1.8-latest":"1.8-5.1.3","1.8-recommended":"1.8-5.1.3","1.8.8-latest":"1.8.8-5.1.3","1.8.8-recommended":"1.8.8-5.1.3","1.8.9-latest":"1.8.9-5.2.4","1.8.9-recommended":"1.8.9-5.2.4","1.9-latest":"1.9-5.5.2","1.9-recommended":"1.9-5.5.2","1.9.4-latest":"1.9.4-5.5.2","1.9.4-recommended":"1.9.4-5.5.2"},"homepage":"https://www.curseforge.com/minecraft/mc-mods/journeymap"}
[25Feb2025 23:52:04.356] [Forge Version Check/INFO] [net.minecraftforge.fml.VersionChecker/]: [journeymap] Found status: UP_TO_DATE Current: 5.10.3 Target: null
[25Feb2025 23:52:04.356] [Forge Version Check/INFO] [net.minecraftforge.fml.VersionChecker/]: [securitycraft] Starting version check at https://www.github.com/Geforce132/SecurityCraft/raw/master/Updates/Forge.json
[25Feb2025 23:52:04.532] [Forge Version Check/DEBUG] [net.minecraftforge.fml.VersionChecker/]: [securitycraft] Received version check data:
{
    "homepage": "https://www.curseforge.com/minecraft/mc-mods/security-craft/",
    "promos": {
        "1.7.10-latest": "v1.8.13",
        "1.7.10-recommended": "v1.8.13",
        "1.8-latest": "v1.8.12.1",
        "1.8-recommended": "v1.8.12.1",
        "1.8.8-latest": "v1.8.12.1",
        "1.8.8-recommended": "v1.8.12.1",
        "1.8.9-latest": "v1.8.12.1",
        "1.8.9-recommended": "v1.8.12.1",
        "1.9.4-latest": "v1.8.12",
        "1.9.4-recommended": "v1.8.12",
        "1.10.2-latest": "v1.8.12",
        "1.10.2-recommended": "v1.8.12",
        "1.11.2-latest": "v1.8.12.1",
        "1.11.2-recommended": "v1.8.12.1",
        "1.12-latest": "v1.8.8.1",
        "1.12-recommended": "v1.8.8.1",
        "1.12.1-latest": "v1.8.8.1",
        "1.12.1-recommended": "v1.8.8.1",
        "1.13.2-latest": "v1.8.13",
        "1.13.2-recommended": "v1.8.13",
        "1.14.3-latest": "v1.8.12-beta2",
        "1.14.3-recommended": "v1.8.12-beta2",
        "1.14.4-latest": "v1.8.22.2",
        "1.14.4-recommended": "v1.8.22.2",
        "1.15.1-latest": "v1.8.15-beta2",
        "1.15.1-recommended": "v1.8.15-beta2",
        "1.15.2-latest": "v1.9.1",
        "1.15.2-recommended": "v1.9.1",
        "1.16.1-latest": "v1.8.19.3",
        "1.16.1-recommended": "v1.8.19.3",
        "1.16.2-latest": "v1.8.19.3",
        "1.16.2-recommended": "v1.8.19.3",
        "1.16.3-latest": "v1.8.21.1",
        "1.16.3-recommended": "v1.8.21.1",
        "1.16.4-latest": "v1.8.21.1",
        "1.16.4-recommended": "v1.8.21.1",
        "1.17.1-latest": "1.9.5",
        "1.17.1-recommended": "1.9.5",
        "1.18.1-latest": "1.9.0.2-beta1",
        "1.18.1-recommended": "1.9.0.2-beta1",
        "1.19-latest": "1.9.3.1",
        "1.19-recommended": "1.9.3.1",
        "1.19.1-latest": "1.9.3.1",
        "1.19.1-recommended": "1.9.3.1",
        "1.19.2-latest": "1.9.6.1",
        "1.19.2-recommended": "1.9.6.1",
        "1.19.3-latest": "1.9.8",
        "1.19.3-recommended": "1.9.8",
        "1.20-latest": "1.9.7-beta2",
        "1.20-recommended": "1.9.7-beta2",
        "1.20.2-latest": "1.9.9",
        "1.20.2-recommended": "1.9.9",
        "1.21-latest": "1.9.10-beta7",
        "1.21-recommended": "1.9.10-beta7",
        "1.21.2-latest": "1.9.11-beta2",
        "1.21.2-recommended": "1.9.11-beta2",

        "1.12.2-latest": "v1.9.12",
        "1.12.2-recommended": "v1.9.12",
        "1.16.5-latest": "v1.9.12.1",
        "1.16.5-recommended": "v1.9.12.1",
        "1.18.2-latest": "1.9.12",
        "1.18.2-recommended": "1.9.12",
        "1.19.4-latest": "1.9.12",
        "1.19.4-recommended": "1.9.12",
        "1.20.1-latest": "1.9.12",
        "1.20.1-recommended": "1.9.12",
        "1.20.4-latest": "1.9.12",
        "1.20.4-recommended": "1.9.12",
        "1.20.6-latest": "1.9.12",
        "1.20.6-recommended": "1.9.12",
        "1.21.1-latest": "1.9.12",
        "1.21.1-recommended": "1.9.12",
        "1.21.3-latest": "1.9.12",
        "1.21.3-recommended": "1.9.12",
        "1.21.4-latest": "1.9.12-beta4",
        "1.21.4-recommended": "1.9.12-beta4"
    },
    "1.7.10": {
        "v1.8.13": "https://github.com/Geforce132/SecurityCraft/blob/1.7.10/Changelog%20v1.8.x.md"
    },
    "1.8": {
        "v1.8.12": "https://github.com/Geforce132/SecurityCraft/blob/1.8/Changelog%20v1.8.x.md"
    },
    "1.8.8": {
        "v1.8.12.1": "https://github.com/Geforce132/SecurityCraft/blob/1.8.9/Changelog%20v1.8.x.md"
    },
    "1.8.9": {
        "v1.8.12.1": "https://github.com/Geforce132/SecurityCraft/blob/1.8.9/Changelog%20v1.8.x.md"
    },
    "1.9.4": {
        "v1.8.12": "https://github.com/Geforce132/SecurityCraft/blob/1.9.4/Changelog%20v1.8.x.md"
    },
    "1.10.2": {
        "v1.8.12": "https://github.com/Geforce132/SecurityCraft/blob/1.10.2/Changelog%20v1.8.x.md"
    },
    "1.11.2": {
        "v1.8.12.1": "https://github.com/Geforce132/SecurityCraft/blob/1.11.2/Changelog%20v1.8.x.md"
    },
    "1.12": {
        "v1.8.8.1": "https://github.com/Geforce132/SecurityCraft/blob/54061f84f188c33db291770e550c4c84a927194c/Changelog%20v1.8.x.md"
    },
    "1.12.1": {
        "v1.8.8.1": "https://github.com/Geforce132/SecurityCraft/blob/54061f84f188c33db291770e550c4c84a927194c/Changelog%20v1.8.x.md"
    },
    "1.13.2": {
        "v1.8.13": "https://github.com/Geforce132/SecurityCraft/blob/1.13.2/Changelog%20v1.8.x.md"
    },
    "1.14.3": {
        "v1.8.12-beta2": "https://github.com/Geforce132/SecurityCraft/blob/b20ce0945abdccb8f2b6abaea5d26c28d0a3b916/Changelog%20v1.8.x.md"
    },
    "1.14.4": {
        "v1.8.22.2": "https://github.com/Geforce132/SecurityCraft/blob/1.14.4/Changelog%20v1.8.x.md"
    },
    "1.15.1": {
        "v1.8.15-beta2": "https://github.com/Geforce132/SecurityCraft/blob/04f414232af5250193ed610da93696a830584cc9/Changelog%20v1.8.x.md"
    },
    "1.15.2": {
        "v1.9.1": "https://github.com/Geforce132/SecurityCraft/blob/1.15.x/Changelog.md"
    },
    "1.16.1": {
        "v1.8.19.3": "https://github.com/Geforce132/SecurityCraft/blob/1.16.1/Changelog%20v1.8.x.md"
    },
    "1.16.2": {
        "v1.8.19.3": "https://github.com/Geforce132/SecurityCraft/blob/1.16.1/Changelog%20v1.8.x.md"
    },
    "1.16.3": {
        "v1.8.21.1": "https://github.com/Geforce132/SecurityCraft/blob/44460188b9bf30b94f122ba362092cba5e76e0d2/Changelog%20v1.8.x.md"
    },
    "1.16.4": {
        "v1.8.21.1": "https://github.com/Geforce132/SecurityCraft/blob/44460188b9bf30b94f122ba362092cba5e76e0d2/Changelog%20v1.8.x.md"
    },
    "1.17.1": {
        "1.9.5": "https://github.com/Geforce132/SecurityCraft/blob/1.17.1/Changelog.md"
    },
    "1.18.1": {
        "1.9.0.2-beta1": "https://github.com/Geforce132/SecurityCraft/blob/1.18.1/Changelog.md"
    },
    "1.19": {
        "1.9.3.1": "https://github.com/Geforce132/SecurityCraft/blob/1.19/Changelog.md"
    },
    "1.19.1": {
        "1.9.3.1": "https://github.com/Geforce132/SecurityCraft/blob/c60edcc5881fc8ca4394bfeae3254ab0d693ab5e/Changelog.md"
    },
    "1.19.2": {
        "1.9.6.1": "https://github.com/Geforce132/SecurityCraft/blob/1.19.1/Changelog.md"
    },
    "1.19.3": {
        "1.9.8": "https://github.com/Geforce132/SecurityCraft/blob/1.19.3/Changelog.md"
    },
    "1.20": {
        "1.9.7-beta2": "https://github.com/Geforce132/SecurityCraft/blob/1.20/Changelog.md"
    },
    "1.20.2": {
        "1.9.9": "https://github.com/Geforce132/SecurityCraft/blob/1.20.2/Changelog.md"
    },
    "1.21": {
        "1.9.10-beta7": "https://github.com/Geforce132/SecurityCraft/blob/a74d63ec9796e54c5bd8d22c18a320146560a753/Changelog.md"
    },
    "1.21.2": {
        "1.9.11-beta2": "https://github.com/Geforce132/SecurityCraft/blob/63c87ccbc661cecac0e75d54b81b571a3d17a29e/Changelog.md"
    },

    "1.12.2": {
        "v1.9.12": "https://github.com/Geforce132/SecurityCraft/blob/1.12.2/Changelog.md"
    },
    "1.16.5": {
        "v1.9.12.1": "https://github.com/Geforce132/SecurityCraft/blob/1.16.2/Changelog.md"
    },
    "1.18.2": {
        "1.9.12": "https://github.com/Geforce132/SecurityCraft/blob/1.18.2/Changelog.md"
    },
    "1.19.4": {
        "1.9.12": "https://github.com/Geforce132/SecurityCraft/blob/1.19.4/Changelog.md"
    },
    "1.20.1": {
        "1.9.12": "https://github.com/Geforce132/SecurityCraft/blob/1.20/Changelog.md"
    },
    "1.20.4": {
        "1.9.12": "https://github.com/Geforce132/SecurityCraft/blob/1.20.4/Changelog.md"
    },
    "1.20.6": {
        "1.9.12": "https://github.com/Geforce132/SecurityCraft/blob/1.20.6/Changelog.md"
    },
    "1.21.1": {
        "1.9.12": "https://github.com/Geforce132/SecurityCraft/blob/1.21/Changelog.md"
    },
    "1.21.3": {
        "1.9.12": "https://github.com/Geforce132/SecurityCraft/blob/1.21.3/Changelog.md"
    },
    "1.21.4": {
        "1.9.12-beta4": "https://github.com/Geforce132/SecurityCraft/blob/1.21.4/Changelog.md"
    }
}
[25Feb2025 23:52:04.534] [Forge Version Check/INFO] [net.minecraftforge.fml.VersionChecker/]: [securitycraft] Found status: UP_TO_DATE Current: 1.9.12 Target: null
[25Feb2025 23:52:04.535] [Forge Version Check/INFO] [net.minecraftforge.fml.VersionChecker/]: [tombstone] Starting version check at https://raw.githubusercontent.com/Corail31/tombstone_lite/master/update.json
[25Feb2025 23:52:04.545] [Forge Version Check/DEBUG] [net.minecraftforge.fml.VersionChecker/]: [tombstone] Received version check data:
{
	"homepage": "https://www.curseforge.com/minecraft/mc-mods/corail-tombstone",
	"promos": {
		"1.21.4-latest": "9.3.6",
		"1.21.4-recommended": "9.3.6",
		"1.21.3-latest": "9.2.4",
		"1.21.3-recommended": "9.2.4",
		"1.21.1-latest": "9.1.10",
		"1.21.1-recommended": "9.1.10",
		"1.20.4-latest": "8.6.4",
		"1.20.4-recommended": "8.6.4",
		"1.20.2-latest": "8.6.3",
		"1.20.2-recommended": "8.6.3",
		"1.20.1-latest": "8.9.0",
		"1.20.1-recommended": "8.9.0",
		"1.19.4-latest": "8.4.2",
		"1.19.4-recommended": "8.4.2",
		"1.19.3-latest": "8.3.2",
		"1.19.3-recommended": "8.3.2",
		"1.19.2-latest": "8.3.7",
		"1.19.2-recommended": "8.3.7",
		"1.19.1-latest": "8.1.0",
		"1.19.1-recommended": "8.1.0",
		"1.18.2-latest": "7.7.6",
		"1.18.2-recommended": "7.7.6",
		"1.18.1-latest": "7.4.1",
		"1.18.1-recommended": "7.4.1",
		"1.17.1-latest": "7.3.0",
		"1.17.1-recommended": "7.3.0",
		"1.16.5-latest": "6.9.6",
		"1.16.5-recommended": "6.9.6",
		"1.15.2-latest": "4.6.0",
		"1.15.2-recommended": "4.6.0",
		"1.14.4-latest": "4.3.6",
		"1.14.4-recommended": "4.3.6",
		"1.13.2-latest": "3.5.2",
		"1.13.2-recommended": "3.5.2",
		"1.12.2-latest": "4.7.4",
		"1.12.2-recommended": "4.7.4",
		"1.11.2-latest": "2.9.0.1",
		"1.11.2-recommended": "2.9.0.1",
		"1.10.2-latest": "2.9.4",
		"1.10.2-recommended": "2.9.4",
		"1.9.4-latest": "1.4.1",
		"1.9.4-recommended": "1.4.1",
		"1.8.9-latest": "1.4.1",
		"1.8.9-recommended": "1.4.1"
	},
	"1.21.4": {
		"9.3.6": "improvements",
		"9.3.5": "abandoned grave",
		"9.3.4": "improvements",
		"9.3.3": "improves enchantments"
	},
	"1.21.3": {
		"9.2.4": "final version"
	},
	"1.21.1": {
		"9.1.10": "final version"
	},
	"1.20.4": {
		"8.6.4": "final version"
	},
	"1.20.2": {
		"8.6.3": "final version"
	},
	"1.20.1": {
		"8.9.0": "improves enchantments",
		"8.8.6": "updates Christmas event"
	},
	"1.19.4": {
		"8.4.2": "final version"
	},
	"1.19.2": {
		"8.3.7": "final version"
	},
	"1.18.2": {
		"7.7.6": "final version"
	},
	"1.16.5": {
		"6.9.6": "final version"
	},
	"1.12.2": {
		"4.7.4": "final version"
	}
}
[25Feb2025 23:52:04.545] [Forge Version Check/INFO] [net.minecraftforge.fml.VersionChecker/]: [tombstone] Found status: UP_TO_DATE Current: 8.9.0 Target: null
[25Feb2025 23:52:04.546] [Forge Version Check/INFO] [net.minecraftforge.fml.VersionChecker/]: [mr_lukis_grandcapitals] Starting version check at https://api.modrinth.com/updates/8Lw09aLb/forge_updates.json
[25Feb2025 23:52:04.931] [Forge Version Check/DEBUG] [net.minecraftforge.fml.VersionChecker/]: [mr_lukis_grandcapitals] Received version check data:
{"homepage":"https://modrinth.com/mod/8Lw09aLb","promos":{"1.21.2-recommended":"1.1.1+mod","1.20.2-latest":"1.1.1+mod","1.19.3-recommended":"1.1.1+mod","1.19.4-latest":"1.1.1+mod","1.20.6-recommended":"1.1.1+mod","1.20.6-latest":"1.1.1+mod","1.20.3-recommended":"1.1.1+mod","1.21.1-recommended":"1.1.1+mod","1.21.1-latest":"1.1.1+mod","1.19.1-latest":"1.1.1+mod","1.19-recommended":"1.1.1+mod","1.20-latest":"1.1.1+mod","1.20.4-recommended":"1.1.1+mod","1.19-latest":"1.1.1+mod","1.21.2-latest":"1.1.1+mod","1.21.3-latest":"1.1.1+mod","1.21-latest":"1.1.1+mod","1.19.2-recommended":"1.1.1+mod","1.20.1-recommended":"1.1.1+mod","1.20.5-recommended":"1.1.1+mod","1.21.3-recommended":"1.1.1+mod","1.19.2-latest":"1.1.1+mod","1.20-recommended":"1.1.1+mod","1.21-recommended":"1.1.1+mod","1.20.5-latest":"1.1.1+mod","1.20.1-latest":"1.1.1+mod","1.20.3-latest":"1.1.1+mod","1.19.1-recommended":"1.1.1+mod","1.19.4-recommended":"1.1.1+mod","1.19.3-latest":"1.1.1+mod","1.20.4-latest":"1.1.1+mod","1.20.2-recommended":"1.1.1+mod"}}
[25Feb2025 23:52:04.932] [Forge Version Check/INFO] [net.minecraftforge.fml.VersionChecker/]: [mr_lukis_grandcapitals] Found status: OUTDATED Current: 1.1.1 Target: 1.1.1+mod
[25Feb2025 23:52:04.932] [Forge Version Check/INFO] [net.minecraftforge.fml.VersionChecker/]: [atlaslib] Starting version check at https://raw.githubusercontent.com/SmileycorpMC/Atlas-Lib/1.20/update.json
[25Feb2025 23:52:04.941] [Forge Version Check/DEBUG] [net.minecraftforge.fml.VersionChecker/]: [atlaslib] Received version check data:
{
	"homepage": "https://www.curseforge.com/minecraft/mc-mods/atlas-lib",
	"1.20": {
		"1.1.9a": "fix translatable component generation, add copy file code",
		"1.1.10": "Update direction utils to use Vec3 and RandomSource",
		"1.1.10a": "Replace missing references to RandomSource insetad of Random",
		"1.1.10b": "Fix directionutils picking locations outside of world",
		"1.1.11": "update tabs to use suppliers in woodblock and shapedblock",
		"1.1.11a": "update tabs to use suppliers in toolsets and armoursets",
		"1.1.12": "add binary and unary operations"
	},
	"1.20.1": {
		"1.1.9a": "fix translatable component generation, add copy file code",
		"1.1.10": "Update direction utils to use Vec3 and RandomSource",
		"1.1.10a": "Replace missing references to RandomSource insetad of Random",
		"1.1.10b": "Fix directionutils picking locations outside of world",
		"1.1.11": "update tabs to use suppliers in woodblock and shapedblock",
		"1.1.11a": "update tabs to use suppliers in toolsets and armoursets",
		"1.1.12": "add binary and unary operations"
	},
	"promos": {
		"1.20-latest": "1.1.12",
		"1.20-recommended": "1.1.12",
		"1.20.1-latest": "1.1.12",
		"1.20.1-recommended": "1.1.12"
	}
}
[25Feb2025 23:52:04.942] [Forge Version Check/INFO] [net.minecraftforge.fml.VersionChecker/]: [atlaslib] Found status: UP_TO_DATE Current: 1.1.12 Target: null
[25Feb2025 23:52:04.942] [Forge Version Check/INFO] [net.minecraftforge.fml.VersionChecker/]: [hordes] Starting version check at https://raw.githubusercontent.com/SmileycorpMC/The-Hordes/1.20/update.json
[25Feb2025 23:52:04.952] [Forge Version Check/DEBUG] [net.minecraftforge.fml.VersionChecker/]: [hordes] Received version check data:
{
    "homepage": "https://www.curseforge.com/minecraft/mc-mods/the-hordes",
    "1.20.1": {
        "1.3.0": "first release for 1.20",
        "1.3.0a": "fix crash when loading the mod on servers, add better error checking for scripts.",
        "1.3.0b": "fix horde event progression getting stuck",
        "1.3.1": "fix numerous bugs and issues, add a visual effect to the night sky on horde nights",
        "1.3.2": "add husk players, infection immunity and fix varous bugs",
        "1.3.2a": "fix incorrect day calculation with hordeEventByPlayerTime",
        "1.3.2b": "fix crashes when disabling infection or horde events in the config",
        "1.4.0": "add many new conditions and functions, including gamestage support and restricting what blocks mobs can spawn on",
        "1.5.0": "massive datapack changes, a lot of new additions, and several bugs fixed",
		"1.5.4": "a lot of bug fixes, new translations"
    },
    "promos": {
        "1.20.1-latest": "1.5.4",
        "1.20.1-recommended": "1.5.4"
    }
}
[25Feb2025 23:52:04.953] [Forge Version Check/INFO] [net.minecraftforge.fml.VersionChecker/]: [hordes] Found status: UP_TO_DATE Current: 1.5.4 Target: null
[25Feb2025 23:52:04.953] [Forge Version Check/INFO] [net.minecraftforge.fml.VersionChecker/]: [scalinghealth] Starting version check at https://raw.githubusercontent.com/SilentChaos512/ScalingHealth/1.18/update.json
[25Feb2025 23:52:04.963] [Forge Version Check/DEBUG] [net.minecraftforge.fml.VersionChecker/]: [scalinghealth] Received version check data:
{
    "homepage": "https://www.curseforge.com/minecraft/mc-mods/scaling-health",
    "changelog": "https://github.com/SilentChaos512/ScalingHealth/blob/1.18/CHANGELOG.md",
    "1.18.2": {
        "6.3.0": "https://github.com/SilentChaos512/ScalingHealth/blob/1.18/CHANGELOG.md",
        "6.2.1": "https://github.com/SilentChaos512/ScalingHealth/blob/1.18/CHANGELOG.md",
        "6.2.0": "https://github.com/SilentChaos512/ScalingHealth/blob/1.18/CHANGELOG.md",
        "6.0.1": "https://github.com/SilentChaos512/ScalingHealth/blob/1.18/CHANGELOG.md",
        "6.0.0": "https://github.com/SilentChaos512/ScalingHealth/blob/1.18/CHANGELOG.md"
    },
    "1.18.1": {
        "6.0.0": "https://github.com/SilentChaos512/ScalingHealth/blob/1.18/CHANGELOG.md"
    },
    "1.17.1": {
        "5.0.4": "https://github.com/SilentChaos512/ScalingHealth/blob/1.17/CHANGELOG.md",
        "5.0.3": "https://github.com/SilentChaos512/ScalingHealth/blob/1.17/CHANGELOG.md",
        "5.0.2": "https://github.com/SilentChaos512/ScalingHealth/blob/1.17/CHANGELOG.md",
        "5.0.1": "https://github.com/SilentChaos512/ScalingHealth/blob/1.17/CHANGELOG.md",
        "5.0.0": "https://github.com/SilentChaos512/ScalingHealth/blob/1.17/CHANGELOG.md"
    },
    "1.16.5": {
        "4.1.5": "https://github.com/SilentChaos512/ScalingHealth/blob/1.16/CHANGELOG.md",
        "4.1.4": "https://github.com/SilentChaos512/ScalingHealth/blob/1.16/CHANGELOG.md",
        "4.1.3": "https://github.com/SilentChaos512/ScalingHealth/blob/1.16/CHANGELOG.md",
        "4.1.2": "https://github.com/SilentChaos512/ScalingHealth/blob/1.16/CHANGELOG.md",
        "4.1.1": "https://github.com/SilentChaos512/ScalingHealth/blob/1.16/CHANGELOG.md",
        "4.1.0": "https://github.com/SilentChaos512/ScalingHealth/blob/1.16/CHANGELOG.md"
    },
    "1.16.4": {
        "4.0.4": "https://github.com/SilentChaos512/ScalingHealth/blob/1.16/CHANGELOG.md"
    },
    "1.15.2": {
        "3.0.3": "https://github.com/SilentChaos512/ScalingHealth/blob/1.15/CHANGELOG.md",
        "3.0.2": "https://github.com/SilentChaos512/ScalingHealth/blob/1.15/CHANGELOG.md",
        "3.0.1": "https://github.com/SilentChaos512/ScalingHealth/blob/1.15/CHANGELOG.md",
        "3.0.0": "https://github.com/SilentChaos512/ScalingHealth/blob/1.15/CHANGELOG.md"
    },
    "1.14.4": {
        "2.5.3": "https://github.com/SilentChaos512/ScalingHealth/blob/1.14/CHANGELOG.md",
        "2.5.2": "https://github.com/SilentChaos512/ScalingHealth/blob/1.14/CHANGELOG.md",
        "2.5.1": "https://github.com/SilentChaos512/ScalingHealth/blob/1.14/CHANGELOG.md",
        "2.5.0": "https://github.com/SilentChaos512/ScalingHealth/blob/1.14/CHANGELOG.md",
        "2.4.2": "https://github.com/SilentChaos512/ScalingHealth/blob/1.14/CHANGELOG.md",
        "2.4.1": "https://github.com/SilentChaos512/ScalingHealth/blob/1.14/CHANGELOG.md",
        "2.4.0": "https://github.com/SilentChaos512/ScalingHealth/blob/1.14/CHANGELOG.md",
        "2.3.14": "https://github.com/SilentChaos512/ScalingHealth/blob/1.14/CHANGELOG.md",
        "2.3.13": "https://github.com/SilentChaos512/ScalingHealth/blob/1.14/CHANGELOG.md",
        "2.3.12": "https://github.com/SilentChaos512/ScalingHealth/blob/1.14/CHANGELOG.md",
        "2.3.11": "https://github.com/SilentChaos512/ScalingHealth/blob/1.14/CHANGELOG.md",
        "2.3.10": "https://github.com/SilentChaos512/ScalingHealth/blob/1.14/CHANGELOG.md",
        "2.3.9": "https://github.com/SilentChaos512/ScalingHealth/blob/1.14/CHANGELOG.md",
        "2.3.8": "https://github.com/SilentChaos512/ScalingHealth/blob/1.14/CHANGELOG.md",
        "2.3.7": "https://github.com/SilentChaos512/ScalingHealth/blob/1.14/CHANGELOG.md",
        "2.3.6": "https://github.com/SilentChaos512/ScalingHealth/blob/1.14/CHANGELOG.md",
        "2.3.5": "https://github.com/SilentChaos512/ScalingHealth/blob/1.14/CHANGELOG.md",
        "2.3.4": "https://github.com/SilentChaos512/ScalingHealth/blob/1.14/CHANGELOG.md",
        "2.3.3": "https://github.com/SilentChaos512/ScalingHealth/blob/1.14/CHANGELOG.md",
        "2.3.2": "https://github.com/SilentChaos512/ScalingHealth/blob/1.14/CHANGELOG.md",
        "2.3.1": "https://github.com/SilentChaos512/ScalingHealth/blob/1.14/CHANGELOG.md",
        "2.3.0": "https://github.com/SilentChaos512/ScalingHealth/blob/1.14/CHANGELOG.md",
        "2.2.1": "https://github.com/SilentChaos512/ScalingHealth/blob/1.14/CHANGELOG.md",
        "2.2.0": "https://github.com/SilentChaos512/ScalingHealth/blob/1.14/CHANGELOG.md",
        "2.1.0": "https://github.com/SilentChaos512/ScalingHealth/blob/1.14/CHANGELOG.md",
        "2.0.4": "https://github.com/SilentChaos512/ScalingHealth/blob/1.14/CHANGELOG.md",
        "2.0.3": "https://github.com/SilentChaos512/ScalingHealth/blob/1.14/CHANGELOG.md",
        "2.0.2": "https://github.com/SilentChaos512/ScalingHealth/blob/1.14/CHANGELOG.md",
        "2.0.1": "https://github.com/SilentChaos512/ScalingHealth/blob/1.14/CHANGELOG.md"
    },
    "promos": {
        "1.12.2-latest": "1.3.42",
        "1.14.4-latest": "2.5.3",
        "1.15.2-latest": "3.0.3",
        "1.16.4-latest": "4.0.4",
        "1.16.5-latest": "4.1.5",
        "1.17.1-latest": "5.0.4",
        "1.18.1-latest": "6.0.0",
        "1.18.2-latest": "6.3.0"
    }
}
[25Feb2025 23:52:04.963] [Forge Version Check/INFO] [net.minecraftforge.fml.VersionChecker/]: [scalinghealth] Found status: BETA Current: 8.0.2+9 Target: null
[25Feb2025 23:52:04.963] [Forge Version Check/INFO] [net.minecraftforge.fml.VersionChecker/]: [forge] Starting version check at https://files.minecraftforge.net/net/minecraftforge/forge/promotions_slim.json
[25Feb2025 23:52:05.060] [Forge Version Check/DEBUG] [net.minecraftforge.fml.VersionChecker/]: [forge] Received version check data:
{
  "homepage": "https://files.minecraftforge.net/net/minecraftforge/forge/",
  "promos": {
    "1.1-latest": "1.3.4.29",
    "1.2.3-latest": "1.4.1.64",
    "1.2.4-latest": "2.0.0.68",
    "1.2.5-latest": "3.4.9.171",
    "1.3.2-latest": "4.3.5.318",
    "1.4.0-latest": "5.0.0.326",
    "1.4.1-latest": "6.0.0.329",
    "1.4.2-latest": "6.0.1.355",
    "1.4.3-latest": "6.2.1.358",
    "1.4.4-latest": "6.3.0.378",
    "1.4.5-latest": "6.4.2.448",
    "1.4.6-latest": "6.5.0.489",
    "1.4.7-latest": "6.6.2.534",
    "1.5-latest": "7.7.0.598",
    "1.5.1-latest": "7.7.2.682",
    "1.5.2-latest": "7.8.1.738",
    "1.5.2-recommended": "7.8.1.738",
    "1.6.1-latest": "8.9.0.775",
    "1.6.2-latest": "9.10.1.871",
    "1.6.2-recommended": "9.10.1.871",
    "1.6.3-latest": "9.11.0.878",
    "1.6.4-latest": "9.11.1.1345",
    "1.6.4-recommended": "9.11.1.1345",
    "1.7.2-latest": "10.12.2.1161",
    "1.7.2-recommended": "10.12.2.1161",
    "1.7.10_pre4-latest": "10.12.2.1149",
    "1.7.10-latest": "10.13.4.1614",
    "1.7.10-recommended": "10.13.4.1614",
    "1.8-latest": "11.14.4.1577",
    "1.8-recommended": "11.14.4.1563",
    "1.8.8-latest": "11.15.0.1655",
    "1.8.9-latest": "11.15.1.2318",
    "1.8.9-recommended": "11.15.1.2318",
    "1.9-latest": "12.16.1.1938",
    "1.9-recommended": "12.16.1.1887",
    "1.9.4-latest": "12.17.0.2317",
    "1.9.4-recommended": "12.17.0.2317",
    "1.10-latest": "12.18.0.2000",
    "1.10.2-latest": "12.18.3.2511",
    "1.10.2-recommended": "12.18.3.2511",
    "1.11-latest": "13.19.1.2199",
    "1.11-recommended": "13.19.1.2189",
    "1.11.2-latest": "13.20.1.2588",
    "1.11.2-recommended": "13.20.1.2588",
    "1.12-latest": "14.21.1.2443",
    "1.12-recommended": "14.21.1.2387",
    "1.12.1-latest": "14.22.1.2485",
    "1.12.1-recommended": "14.22.1.2478",
    "1.12.2-latest": "14.23.5.2860",
    "1.12.2-recommended": "14.23.5.2859",
    "1.13.2-latest": "25.0.223",
    "1.14.2-latest": "26.0.63",
    "1.14.3-latest": "27.0.60",
    "1.14.4-latest": "28.2.26",
    "1.14.4-recommended": "28.2.26",
    "1.15-latest": "29.0.4",
    "1.15.1-latest": "30.0.51",
    "1.15.2-latest": "31.2.57",
    "1.15.2-recommended": "31.2.57",
    "1.16.1-latest": "32.0.108",
    "1.16.2-latest": "33.0.61",
    "1.16.3-latest": "34.1.42",
    "1.16.3-recommended": "34.1.0",
    "1.16.4-latest": "35.1.37",
    "1.16.4-recommended": "35.1.4",
    "1.16.5-latest": "36.2.42",
    "1.16.5-recommended": "36.2.34",
    "1.17.1-latest": "37.1.1",
    "1.17.1-recommended": "37.1.1",
    "1.18-latest": "38.0.17",
    "1.18.1-latest": "39.1.2",
    "1.18.1-recommended": "39.1.0",
    "1.18.2-recommended": "40.3.0",
    "1.18.2-latest": "40.3.6",
    "1.19-latest": "41.1.0",
    "1.19-recommended": "41.1.0",
    "1.19.1-latest": "42.0.9",
    "1.19.2-recommended": "43.4.0",
    "1.19.2-latest": "43.4.20",
    "1.19.3-latest": "44.1.23",
    "1.19.3-recommended": "44.1.0",
    "1.19.4-recommended": "45.3.0",
    "1.19.4-latest": "45.3.24",
    "1.20-latest": "46.0.14",
    "1.20.1-recommended": "47.3.0",
    "1.20.1-latest": "47.3.33",
    "1.20.2-latest": "48.1.0",
    "1.20.2-recommended": "48.1.0",
    "1.20.3-latest": "49.0.2",
    "1.20.4-latest": "49.1.37",
    "1.20.4-recommended": "49.1.0",
    "1.20.6-latest": "50.1.48",
    "1.20.6-recommended": "50.1.0",
    "1.21-latest": "51.0.33",
    "1.21.1-latest": "52.0.53",
    "1.21.3-latest": "53.0.53",
    "1.21.4-latest": "54.1.1",
    "1.21.4-recommended": "54.1.0"
  }
}
[25Feb2025 23:52:05.061] [Forge Version Check/INFO] [net.minecraftforge.fml.VersionChecker/]: [forge] Found status: OUTDATED Current: 47.3.7 Target: 47.3.33
[25Feb2025 23:52:07.447] [main/INFO] [com.mojang.authlib.yggdrasil.YggdrasilAuthenticationService/]: Environment: authHost='https://authserver.mojang.com', accountsHost='https://api.mojang.com', sessionHost='https://sessionserver.mojang.com', servicesHost='https://api.minecraftservices.com', name='PROD'
[25Feb2025 23:52:09.266] [main/DEBUG] [mixin/]: Mixing MixinBuiltInPackSource from hordes.mixin.json into net.minecraft.server.packs.repository.BuiltInPackSource
[25Feb2025 23:52:09.266] [main/DEBUG] [mixin/]: Renaming synthetic method lambda$loadPacks$0(Lnet/minecraftforge/resource/PathPackResources;Ljava/lang/String;)Lnet/minecraft/server/packs/PackResources; to md506fb6$lambda$loadPacks$0$0 in hordes.mixin.json:MixinBuiltInPackSource
[25Feb2025 23:52:09.283] [main/DEBUG] [mixin/]: Mixing VanillaPackResourcesAccessor from creativecore.mixins.json into net.minecraft.server.packs.VanillaPackResources
[25Feb2025 23:52:09.285] [main/WARN] [net.minecraft.server.packs.VanillaPackResourcesBuilder/]: Assets URL 'union:/workspaces/serveo/servidor_minecraft/libraries/net/minecraft/server/1.20.1-20230612.114412/server-1.20.1-20230612.114412-srg.jar%23169!/assets/.mcassetsroot' uses unexpected schema
[25Feb2025 23:52:09.285] [main/WARN] [net.minecraft.server.packs.VanillaPackResourcesBuilder/]: Assets URL 'union:/workspaces/serveo/servidor_minecraft/libraries/net/minecraft/server/1.20.1-20230612.114412/server-1.20.1-20230612.114412-srg.jar%23169!/data/.mcassetsroot' uses unexpected schema
[25Feb2025 23:52:09.349] [main/DEBUG] [mixin/]: Mixing PathPackResourcesAccessor from creativecore.mixins.json into net.minecraft.server.packs.PathPackResources
[25Feb2025 23:52:09.362] [main/DEBUG] [net.minecraftforge.fml.config.ConfigTracker/CONFIG]: Config file tacz-pre.toml for minecraft tracking
[25Feb2025 23:52:09.363] [main/DEBUG] [net.minecraftforge.fml.config.ConfigFileTypeHandler/CONFIG]: Built TOML config for /workspaces/serveo/servidor_minecraft/tacz/tacz-pre.toml
[25Feb2025 23:52:09.364] [main/DEBUG] [net.minecraftforge.fml.config.ConfigFileTypeHandler/CONFIG]: Loaded TOML config file /workspaces/serveo/servidor_minecraft/tacz/tacz-pre.toml
[25Feb2025 23:52:09.365] [main/DEBUG] [net.minecraftforge.fml.config.ConfigFileTypeHandler/CONFIG]: Watching TOML config file /workspaces/serveo/servidor_minecraft/tacz/tacz-pre.toml for changes
[25Feb2025 23:52:09.367] [Thread-1/DEBUG] [net.minecraftforge.fml.config.ConfigFileTypeHandler/CONFIG]: Config file tacz-pre.toml changed, sending notifies
[25Feb2025 23:52:15.114] [main/DEBUG] [mixin/]: Mixing DelegatingPackResourcesAccessor from creativecore.forge.mixins.json into net.minecraftforge.resource.DelegatingPackResources
[25Feb2025 23:52:15.119] [main/DEBUG] [net.minecraftforge.server.ServerLifecycleHooks/CORE]: Generating PackInfo named mod:silentlib for mod file /workspaces/serveo/servidor_minecraft/mods/silent-lib-1.20.1-8.0.0.jar
[25Feb2025 23:52:15.119] [main/DEBUG] [net.minecraftforge.server.ServerLifecycleHooks/CORE]: Generating PackInfo named mod:geckolib for mod file /workspaces/serveo/servidor_minecraft/mods/geckolib-forge-1.20.1-4.7.jar
[25Feb2025 23:52:15.119] [main/DEBUG] [net.minecraftforge.server.ServerLifecycleHooks/CORE]: Generating PackInfo named mod:creativecore for mod file /workspaces/serveo/servidor_minecraft/mods/CreativeCore_FORGE_v2.12.31_mc1.20.1.jar
[25Feb2025 23:52:15.120] [main/DEBUG] [net.minecraftforge.server.ServerLifecycleHooks/CORE]: Generating PackInfo named mod:bunker_down for mod file /workspaces/serveo/servidor_minecraft/mods/bunker-down 1-1-6 - 1-20-1.jar
[25Feb2025 23:52:15.121] [main/DEBUG] [net.minecraftforge.server.ServerLifecycleHooks/CORE]: Generating PackInfo named mod:jei for mod file /workspaces/serveo/servidor_minecraft/mods/jei-1.20.1-forge-15.20.0.106.jar
[25Feb2025 23:52:15.121] [main/DEBUG] [net.minecraftforge.server.ServerLifecycleHooks/CORE]: Generating PackInfo named mod:eeeabsmobs for mod file /workspaces/serveo/servidor_minecraft/mods/eeeabsmobs-1.20.1-0.97-Fix.jar
[25Feb2025 23:52:15.121] [main/DEBUG] [net.minecraftforge.server.ServerLifecycleHooks/CORE]: Generating PackInfo named mod:apocalypsenow for mod file /workspaces/serveo/servidor_minecraft/mods/apocalypsenow-3.0.4-forge-1.20.1.jar
[25Feb2025 23:52:15.122] [main/DEBUG] [net.minecraftforge.server.ServerLifecycleHooks/CORE]: Generating PackInfo named mod:graveyard for mod file /workspaces/serveo/servidor_minecraft/mods/The_Graveyard_3.1_(FORGE)_for_1.20.1.jar
[25Feb2025 23:52:15.122] [main/DEBUG] [net.minecraftforge.server.ServerLifecycleHooks/CORE]: Generating PackInfo named mod:tacz for mod file /workspaces/serveo/servidor_minecraft/mods/tacz-1.20.1-1.1.4-hotfix-all.jar
[25Feb2025 23:52:15.123] [main/DEBUG] [net.minecraftforge.server.ServerLifecycleHooks/CORE]: Generating PackInfo named mod:lionfishapi for mod file /workspaces/serveo/servidor_minecraft/mods/lionfishapi-2.4-Fix.jar
[25Feb2025 23:52:15.123] [main/DEBUG] [net.minecraftforge.server.ServerLifecycleHooks/CORE]: Generating PackInfo named mod:satako for mod file /workspaces/serveo/servidor_minecraft/mods/Satako-7.0.32-1.20.1.jar
[25Feb2025 23:52:15.123] [main/DEBUG] [net.minecraftforge.server.ServerLifecycleHooks/CORE]: Generating PackInfo named mod:insanelib for mod file /workspaces/serveo/servidor_minecraft/mods/InsaneLib-1.18.1-mc1.20.1.jar
[25Feb2025 23:52:15.124] [main/DEBUG] [net.minecraftforge.server.ServerLifecycleHooks/CORE]: Generating PackInfo named mod:curios for mod file /workspaces/serveo/servidor_minecraft/mods/curios-forge-5.11.1+1.20.1.jar
[25Feb2025 23:52:15.124] [main/DEBUG] [net.minecraftforge.server.ServerLifecycleHooks/CORE]: Generating PackInfo named mod:journeymap for mod file /workspaces/serveo/servidor_minecraft/mods/journeymap-1.20.1-5.10.3-forge (1).jar
[25Feb2025 23:52:15.124] [main/DEBUG] [net.minecraftforge.server.ServerLifecycleHooks/CORE]: Generating PackInfo named mod:enhancedvisuals for mod file /workspaces/serveo/servidor_minecraft/mods/EnhancedVisuals_FORGE_v1.8.2_mc1.20.1.jar
[25Feb2025 23:52:15.124] [main/DEBUG] [net.minecraftforge.server.ServerLifecycleHooks/CORE]: Generating PackInfo named mod:securitycraft for mod file /workspaces/serveo/servidor_minecraft/mods/[1.20.1] SecurityCraft v1.9.12.jar
[25Feb2025 23:52:15.125] [main/DEBUG] [net.minecraftforge.server.ServerLifecycleHooks/CORE]: Generating PackInfo named mod:parcool for mod file /workspaces/serveo/servidor_minecraft/mods/ParCool-1.20.1-3.3.1.1.jar
[25Feb2025 23:52:15.125] [main/DEBUG] [net.minecraftforge.server.ServerLifecycleHooks/CORE]: Generating PackInfo named mod:legendary_monsters for mod file /workspaces/serveo/servidor_minecraft/mods/legendarymonsters-1.6.2 MC 1.20.1.jar
[25Feb2025 23:52:15.125] [main/DEBUG] [net.minecraftforge.server.ServerLifecycleHooks/CORE]: Generating PackInfo named mod:horror_element_mod for mod file /workspaces/serveo/servidor_minecraft/mods/horror_element_mod-1.6.0-forge-1.20.1.jar
[25Feb2025 23:52:15.125] [main/DEBUG] [net.minecraftforge.server.ServerLifecycleHooks/CORE]: Generating PackInfo named mod:mixinextras for mod file 
[25Feb2025 23:52:15.125] [main/DEBUG] [net.minecraftforge.server.ServerLifecycleHooks/CORE]: Generating PackInfo named mod:tombstone for mod file /workspaces/serveo/servidor_minecraft/mods/tombstone-1.20.1-8.9.0.jar
[25Feb2025 23:52:15.126] [main/DEBUG] [net.minecraftforge.server.ServerLifecycleHooks/CORE]: Generating PackInfo named mod:mr_lukis_grandcapitals for mod file /workspaces/serveo/servidor_minecraft/mods/lukis-grand-capitals-1.1.1.jar
[25Feb2025 23:52:15.127] [main/DEBUG] [net.minecraftforge.server.ServerLifecycleHooks/CORE]: Generating PackInfo named mod:atlaslib for mod file /workspaces/serveo/servidor_minecraft/mods/Atlas Lib-1.20.1-1.1.12.jar
[25Feb2025 23:52:15.127] [main/DEBUG] [net.minecraftforge.server.ServerLifecycleHooks/CORE]: Generating PackInfo named mod:coroutil for mod file /workspaces/serveo/servidor_minecraft/mods/coroutil-forge-1.20.1-1.3.7.jar
[25Feb2025 23:52:15.127] [main/DEBUG] [net.minecraftforge.server.ServerLifecycleHooks/CORE]: Generating PackInfo named mod:wegotrunnners for mod file /workspaces/serveo/servidor_minecraft/mods/wegotrunnners-0.7.1.1.20.1[SPANISH TRANSLATION UPDATE].jar
[25Feb2025 23:52:15.127] [main/DEBUG] [net.minecraftforge.server.ServerLifecycleHooks/CORE]: Generating PackInfo named mod:architectury for mod file /workspaces/serveo/servidor_minecraft/mods/architectury-9.2.14-forge.jar
[25Feb2025 23:52:15.128] [main/DEBUG] [net.minecraftforge.server.ServerLifecycleHooks/CORE]: Generating PackInfo named mod:ftblibrary for mod file /workspaces/serveo/servidor_minecraft/mods/ftb-library-forge-2001.2.9.jar
[25Feb2025 23:52:15.128] [main/DEBUG] [net.minecraftforge.server.ServerLifecycleHooks/CORE]: Generating PackInfo named mod:hordes for mod file /workspaces/serveo/servidor_minecraft/mods/The-Hordes-1.20.1-1.5.4.jar
[25Feb2025 23:52:15.128] [main/DEBUG] [net.minecraftforge.server.ServerLifecycleHooks/CORE]: Generating PackInfo named mod:terralith for mod file /workspaces/serveo/servidor_minecraft/mods/Terralith_1.20.x_v2.5.4.jar
[25Feb2025 23:52:15.129] [main/DEBUG] [net.minecraftforge.server.ServerLifecycleHooks/CORE]: Generating PackInfo named mod:k_turrets for mod file /workspaces/serveo/servidor_minecraft/mods/K-Turrets-3.0.37-1.20.1.jar
[25Feb2025 23:52:15.129] [main/DEBUG] [net.minecraftforge.server.ServerLifecycleHooks/CORE]: Generating PackInfo named mod:faded_conquest_2 for mod file /workspaces/serveo/servidor_minecraft/mods/faded_conquest_2-1.3.0-forge-1.20.1.jar
[25Feb2025 23:52:15.129] [main/DEBUG] [net.minecraftforge.server.ServerLifecycleHooks/CORE]: Generating PackInfo named mod:horde_hoard for mod file /workspaces/serveo/servidor_minecraft/mods/eh1.3.1-1.20.1.jar
[25Feb2025 23:52:15.129] [main/DEBUG] [net.minecraftforge.server.ServerLifecycleHooks/CORE]: Generating PackInfo named mod:ags_day_counter for mod file /workspaces/serveo/servidor_minecraft/mods/day_counter_v4.0_1.20.1_[FORGE].jar
[25Feb2025 23:52:15.130] [main/DEBUG] [net.minecraftforge.server.ServerLifecycleHooks/CORE]: Generating PackInfo named mod:scalinghealth for mod file /workspaces/serveo/servidor_minecraft/mods/ScalingHealth-1.20.1-8.0.2+9.jar
[25Feb2025 23:52:15.130] [main/DEBUG] [net.minecraftforge.server.ServerLifecycleHooks/CORE]: Generating PackInfo named mod:forge for mod file /workspaces/serveo/servidor_minecraft/libraries/net/minecraftforge/forge/1.20.1-47.3.7/forge-1.20.1-47.3.7-universal.jar
[25Feb2025 23:52:15.130] [main/DEBUG] [net.minecraftforge.server.ServerLifecycleHooks/CORE]: Generating PackInfo named mod:playerrevive for mod file /workspaces/serveo/servidor_minecraft/mods/PlayerRevive_FORGE_v2.0.31_mc1.20.1.jar
[25Feb2025 23:52:18.143] [main/DEBUG] [mixin/]: Mixing MixinLootDataManager from architectury.mixins.json into net.minecraft.world.level.storage.loot.LootDataManager
[25Feb2025 23:52:18.376] [main/DEBUG] [net.minecraftforge.coremod.transformer.CoreModBaseTransformer/COREMOD]: Transforming net/minecraft/server/commands/SummonCommand
[25Feb2025 23:52:18.856] [Worker-Main-1/ERROR] [net.minecraft.tags.TagLoader/]: Couldn't load tag legendary_monsters:ancient_stronghold_biomes as it is missing following references: minecraft:spruce_forest (from legendarymonsters-1.6.2 MC 1.20.1.jar)
[25Feb2025 23:52:18.924] [Worker-Main-1/DEBUG] [net.minecraftforge.coremod.transformer.CoreModBaseTransformer/COREMOD]: Transforming net/minecraft/world/entity/raid/Raid
[25Feb2025 23:52:18.945] [Worker-Main-3/ERROR] [net.minecraft.tags.TagLoader/]: Couldn't load tag apocalypsenow:armor/cloth as it is missing following references: apocalypsenow:nurse_helmet (from apocalypsenow-3.0.4-forge-1.20.1.jar)
[25Feb2025 23:52:19.298] [Worker-Main-2/INFO] [K-Turrets/]: Checking graveyard:entities/acolyte loot table
[25Feb2025 23:52:19.300] [Worker-Main-2/INFO] [K-Turrets/]: Checking minecraft:entities/warden loot table
[25Feb2025 23:52:19.373] [Worker-Main-2/INFO] [K-Turrets/]: Checking minecraft:entities/slime loot table
[25Feb2025 23:52:19.378] [Worker-Main-2/INFO] [K-Turrets/]: Checking minecraft:entities/zombie loot table
[25Feb2025 23:52:19.379] [Worker-Main-2/INFO] [K-Turrets/]:    Including iron_ingot with random looting chance 0.008333334
[25Feb2025 23:52:19.380] [Worker-Main-2/INFO] [K-Turrets/]:    Including carrot with random looting chance 0.008333334
[25Feb2025 23:52:19.380] [Worker-Main-2/INFO] [K-Turrets/]:    Including potato with random looting chance 0.008333334
[25Feb2025 23:52:19.416] [Worker-Main-2/INFO] [K-Turrets/]: Checking minecraft:entities/mule loot table
[25Feb2025 23:52:19.422] [Worker-Main-2/INFO] [K-Turrets/]: Checking minecraft:entities/hoglin loot table
[25Feb2025 23:52:19.423] [Worker-Main-2/INFO] [K-Turrets/]: Checking minecraft:entities/skeleton_horse loot table
[25Feb2025 23:52:19.427] [Worker-Main-2/INFO] [K-Turrets/]: Checking minecraft:entities/sheep/lime loot table
[25Feb2025 23:52:19.436] [Worker-Main-2/INFO] [K-Turrets/]: Checking graveyard:entities/corrupted_pillager loot table
[25Feb2025 23:52:19.440] [Worker-Main-2/INFO] [K-Turrets/]: Checking minecraft:entities/skeleton loot table
[25Feb2025 23:52:19.440] [Worker-Main-2/INFO] [K-Turrets/]: Checking minecraft:entities/enderman loot table
[25Feb2025 23:52:19.442] [Worker-Main-2/INFO] [K-Turrets/]: Checking minecraft:entities/shulker loot table
[25Feb2025 23:52:19.446] [Worker-Main-2/INFO] [K-Turrets/]: Checking minecraft:entities/sheep/blue loot table
[25Feb2025 23:52:19.455] [Worker-Main-2/INFO] [K-Turrets/]: Checking minecraft:entities/ravager loot table
[25Feb2025 23:52:19.464] [Worker-Main-2/INFO] [K-Turrets/]: Checking graveyard:entities/skeleton_creeper loot table
[25Feb2025 23:52:19.465] [Worker-Main-2/INFO] [K-Turrets/]: Checking minecraft:entities/llama loot table
[25Feb2025 23:52:19.466] [Worker-Main-2/INFO] [K-Turrets/]: Checking graveyard:entities/corrupted_vindicator loot table
[25Feb2025 23:52:19.471] [Worker-Main-2/INFO] [K-Turrets/]: Checking minecraft:entities/horse loot table
[25Feb2025 23:52:19.480] [Worker-Main-2/INFO] [K-Turrets/]: Checking minecraft:entities/mooshroom loot table
[25Feb2025 23:52:19.483] [Worker-Main-2/INFO] [K-Turrets/]: Checking eeeabsmobs:entities/immortal_shaman loot table
[25Feb2025 23:52:19.495] [Worker-Main-2/INFO] [K-Turrets/]: Checking minecraft:entities/donkey loot table
[25Feb2025 23:52:19.500] [Worker-Main-2/INFO] [K-Turrets/]: Checking eeeabsmobs:entities/nameless_guardian loot table
[25Feb2025 23:52:19.512] [Worker-Main-2/INFO] [K-Turrets/]: Checking minecraft:entities/salmon loot table
[25Feb2025 23:52:19.514] [Worker-Main-2/INFO] [K-Turrets/]: Checking minecraft:entities/sheep loot table
[25Feb2025 23:52:19.515] [Worker-Main-2/INFO] [K-Turrets/]: Checking eeeabsmobs:entities/immortal_skeleton loot table
[25Feb2025 23:52:19.524] [Worker-Main-2/INFO] [K-Turrets/]: Checking minecraft:entities/wither_skeleton loot table
[25Feb2025 23:52:19.524] [Worker-Main-2/INFO] [K-Turrets/]:    Including wither_skeleton_skull with random looting chance 0.025
[25Feb2025 23:52:19.527] [Worker-Main-2/ERROR] [net.minecraftforge.common.ForgeHooks/]: Couldn't parse element loot_tables:minecraft:chests/villagetaigahouse
com.google.gson.JsonSyntaxException: Expected name to be an item, was unknown string 'apocalypsenow:officer_chestplate'
	at net.minecraft.util.GsonHelper.m_13866_(GsonHelper.java:145) ~[server-1.20.1-20230612.114412-srg.jar%23169!/:?]
	at java.util.Optional.orElseThrow(Optional.java:403) ~[?:?]
	at net.minecraft.util.GsonHelper.m_13874_(GsonHelper.java:145) ~[server-1.20.1-20230612.114412-srg.jar%23169!/:?]
	at net.minecraft.util.GsonHelper.m_13909_(GsonHelper.java:153) ~[server-1.20.1-20230612.114412-srg.jar%23169!/:?]
	at net.minecraft.world.level.storage.loot.entries.LootItem$Serializer.m_7267_(LootItem.java:55) ~[server-1.20.1-20230612.114412-srg.jar%23169!/:?]
	at net.minecraft.world.level.storage.loot.entries.LootItem$Serializer.m_7267_(LootItem.java:40) ~[server-1.20.1-20230612.114412-srg.jar%23169!/:?]
	at net.minecraft.world.level.storage.loot.entries.LootPoolSingletonContainer$Serializer.m_5921_(LootPoolSingletonContainer.java:151) ~[server-1.20.1-20230612.114412-srg.jar%23169!/:?]
	at net.minecraft.world.level.storage.loot.entries.LootPoolSingletonContainer$Serializer.m_5921_(LootPoolSingletonContainer.java:129) ~[server-1.20.1-20230612.114412-srg.jar%23169!/:?]
	at net.minecraft.world.level.storage.loot.entries.LootPoolEntryContainer$Serializer.m_7561_(LootPoolEntryContainer.java:86) ~[server-1.20.1-20230612.114412-srg.jar%23169!/:?]
	at net.minecraft.world.level.storage.loot.entries.LootPoolEntryContainer$Serializer.m_7561_(LootPoolEntryContainer.java:74) ~[server-1.20.1-20230612.114412-srg.jar%23169!/:?]
	at net.minecraft.world.level.storage.loot.GsonAdapterFactory$JsonAdapter.deserialize(GsonAdapterFactory.java:102) ~[server-1.20.1-20230612.114412-srg.jar%23169!/:?]
	at com.google.gson.internal.bind.TreeTypeAdapter.read(TreeTypeAdapter.java:76) ~[gson-2.10.jar%2372!/:?]
	at com.google.gson.internal.bind.TypeAdapterRuntimeTypeWrapper.read(TypeAdapterRuntimeTypeWrapper.java:40) ~[gson-2.10.jar%2372!/:?]
	at com.google.gson.internal.bind.ArrayTypeAdapter.read(ArrayTypeAdapter.java:72) ~[gson-2.10.jar%2372!/:?]
	at com.google.gson.Gson.fromJson(Gson.java:1214) ~[gson-2.10.jar%2372!/:?]
	at com.google.gson.Gson.fromJson(Gson.java:1319) ~[gson-2.10.jar%2372!/:?]
	at com.google.gson.Gson.fromJson(Gson.java:1290) ~[gson-2.10.jar%2372!/:?]
	at com.google.gson.internal.bind.TreeTypeAdapter$GsonContextImpl.deserialize(TreeTypeAdapter.java:179) ~[gson-2.10.jar%2372!/:?]
	at net.minecraft.util.GsonHelper.m_13808_(GsonHelper.java:463) ~[server-1.20.1-20230612.114412-srg.jar%23169!/:?]
	at net.minecraft.util.GsonHelper.m_13836_(GsonHelper.java:471) ~[server-1.20.1-20230612.114412-srg.jar%23169!/:?]
	at net.minecraft.world.level.storage.loot.LootPool$Serializer.deserialize(LootPool.java:192) ~[server-1.20.1-20230612.114412-srg.jar%23169!/:?]
	at net.minecraft.world.level.storage.loot.LootPool$Serializer.deserialize(LootPool.java:189) ~[server-1.20.1-20230612.114412-srg.jar%23169!/:?]
	at com.google.gson.internal.bind.TreeTypeAdapter.read(TreeTypeAdapter.java:76) ~[gson-2.10.jar%2372!/:?]
	at com.google.gson.internal.bind.TypeAdapterRuntimeTypeWrapper.read(TypeAdapterRuntimeTypeWrapper.java:40) ~[gson-2.10.jar%2372!/:?]
	at com.google.gson.internal.bind.ArrayTypeAdapter.read(ArrayTypeAdapter.java:72) ~[gson-2.10.jar%2372!/:?]
	at com.google.gson.Gson.fromJson(Gson.java:1214) ~[gson-2.10.jar%2372!/:?]
	at com.google.gson.Gson.fromJson(Gson.java:1319) ~[gson-2.10.jar%2372!/:?]
	at com.google.gson.Gson.fromJson(Gson.java:1290) ~[gson-2.10.jar%2372!/:?]
	at com.google.gson.internal.bind.TreeTypeAdapter$GsonContextImpl.deserialize(TreeTypeAdapter.java:179) ~[gson-2.10.jar%2372!/:?]
	at net.minecraft.util.GsonHelper.m_13808_(GsonHelper.java:463) ~[server-1.20.1-20230612.114412-srg.jar%23169!/:?]
	at net.minecraft.util.GsonHelper.m_13845_(GsonHelper.java:481) ~[server-1.20.1-20230612.114412-srg.jar%23169!/:?]
	at net.minecraft.world.level.storage.loot.LootTable$Serializer.deserialize(LootTable.java:294) ~[server-1.20.1-20230612.114412-srg.jar%23169!/:?]
	at net.minecraft.world.level.storage.loot.LootTable$Serializer.deserialize(LootTable.java:291) ~[server-1.20.1-20230612.114412-srg.jar%23169!/:?]
	at com.google.gson.internal.bind.TreeTypeAdapter.read(TreeTypeAdapter.java:76) ~[gson-2.10.jar%2372!/:?]
	at com.google.gson.Gson.fromJson(Gson.java:1214) ~[gson-2.10.jar%2372!/:?]
	at com.google.gson.Gson.fromJson(Gson.java:1319) ~[gson-2.10.jar%2372!/:?]
	at com.google.gson.Gson.fromJson(Gson.java:1261) ~[gson-2.10.jar%2372!/:?]
	at net.minecraftforge.common.ForgeHooks.loadLootTable(ForgeHooks.java:871) ~[forge-1.20.1-47.3.7-universal.jar%23174!/:?]
	at net.minecraftforge.common.ForgeHooks.lambda$getLootTableDeserializer$3(ForgeHooks.java:848) ~[forge-1.20.1-47.3.7-universal.jar%23174!/:?]
	at net.minecraft.world.level.storage.loot.LootDataType.deserialize(LootDataType.java:45) ~[server-1.20.1-20230612.114412-srg.jar%23169!/:?]
	at net.minecraft.world.level.storage.loot.LootDataManager.lambda$scheduleElementParse$4(LootDataManager.java:56) ~[server-1.20.1-20230612.114412-srg.jar%23169!/:?]
	at java.util.HashMap.forEach(HashMap.java:1421) ~[?:?]
	at net.minecraft.world.level.storage.loot.LootDataManager.m_278660_(LootDataManager.java:55) ~[server-1.20.1-20230612.114412-srg.jar%23169!/:?]
	at java.util.concurrent.CompletableFuture$AsyncRun.run(CompletableFuture.java:1804) ~[?:?]
	at java.util.concurrent.CompletableFuture$AsyncRun.exec(CompletableFuture.java:1796) ~[?:?]
	at java.util.concurrent.ForkJoinTask.doExec(ForkJoinTask.java:373) ~[?:?]
	at java.util.concurrent.ForkJoinPool$WorkQueue.topLevelExec(ForkJoinPool.java:1182) ~[?:?]
	at java.util.concurrent.ForkJoinPool.scan(ForkJoinPool.java:1655) ~[?:?]
	at java.util.concurrent.ForkJoinPool.runWorker(ForkJoinPool.java:1622) ~[?:?]
	at java.util.concurrent.ForkJoinWorkerThread.run(ForkJoinWorkerThread.java:165) ~[?:?]
[25Feb2025 23:52:19.531] [Worker-Main-2/INFO] [K-Turrets/]: Checking minecraft:entities/sheep/light_gray loot table
[25Feb2025 23:52:19.533] [Worker-Main-2/INFO] [K-Turrets/]: Checking minecraft:entities/rabbit loot table
[25Feb2025 23:52:19.533] [Worker-Main-2/INFO] [K-Turrets/]:    Including rabbit_foot with random looting chance 0.1
[25Feb2025 23:52:19.536] [Worker-Main-2/INFO] [K-Turrets/]: Checking minecraft:entities/pufferfish loot table
[25Feb2025 23:52:19.545] [Worker-Main-2/INFO] [K-Turrets/]: Checking minecraft:entities/elder_guardian loot table
[25Feb2025 23:52:19.547] [Worker-Main-2/INFO] [K-Turrets/]: Checking minecraft:entities/creeper loot table
[25Feb2025 23:52:19.547] [Worker-Main-2/INFO] [K-Turrets/]: Checking minecraft:entities/sheep/red loot table
[25Feb2025 23:52:19.554] [Worker-Main-2/INFO] [K-Turrets/]: Checking minecraft:entities/sheep/white loot table
[25Feb2025 23:52:19.562] [Worker-Main-2/INFO] [K-Turrets/]: Checking minecraft:entities/stray loot table
[25Feb2025 23:52:19.563] [Worker-Main-2/INFO] [K-Turrets/]:    Including tipped_arrow with uniform set item function 0.0 - 1.0
[25Feb2025 23:52:19.566] [Worker-Main-2/INFO] [K-Turrets/]: Checking minecraft:entities/spider loot table
[25Feb2025 23:52:19.567] [Worker-Main-2/INFO] [K-Turrets/]:    Including spider_eye with uniform set item function -1.0 - 1.0
[25Feb2025 23:52:19.568] [Worker-Main-2/INFO] [K-Turrets/]: Checking minecraft:entities/zombie_horse loot table
[25Feb2025 23:52:19.572] [Worker-Main-2/INFO] [K-Turrets/]: Checking minecraft:entities/drowned loot table
[25Feb2025 23:52:19.572] [Worker-Main-2/INFO] [K-Turrets/]:    Including copper_ingot with random looting chance 0.11
[25Feb2025 23:52:19.576] [Worker-Main-2/INFO] [K-Turrets/]: Checking minecraft:entities/turtle loot table
[25Feb2025 23:52:19.576] [Worker-Main-2/INFO] [K-Turrets/]: Checking minecraft:entities/vindicator loot table
[25Feb2025 23:52:19.576] [Worker-Main-2/INFO] [K-Turrets/]:    Including emerald with uniform set item function 0.0 - 1.0
[25Feb2025 23:52:19.578] [Worker-Main-2/INFO] [K-Turrets/]: Checking minecraft:entities/evoker loot table
[25Feb2025 23:52:19.578] [Worker-Main-2/INFO] [K-Turrets/]:    Including emerald with uniform set item function 0.0 - 1.0
[25Feb2025 23:52:19.589] [Worker-Main-2/INFO] [K-Turrets/]: Checking minecraft:entities/zombie_villager loot table
[25Feb2025 23:52:19.589] [Worker-Main-2/INFO] [K-Turrets/]:    Including iron_ingot with random looting chance 0.008333334
[25Feb2025 23:52:19.590] [Worker-Main-2/INFO] [K-Turrets/]:    Including carrot with random looting chance 0.008333334
[25Feb2025 23:52:19.590] [Worker-Main-2/INFO] [K-Turrets/]:    Including potato with random looting chance 0.008333334
[25Feb2025 23:52:19.598] [Worker-Main-2/INFO] [K-Turrets/]: Checking minecraft:entities/sheep/light_blue loot table
[25Feb2025 23:52:19.608] [Worker-Main-2/INFO] [K-Turrets/]: Checking minecraft:entities/phantom loot table
[25Feb2025 23:52:19.608] [Worker-Main-2/INFO] [K-Turrets/]:    Including phantom_membrane with uniform set item function 0.0 - 1.0
[25Feb2025 23:52:19.620] [Worker-Main-2/INFO] [K-Turrets/]: Checking graveyard:entities/revenant loot table
[25Feb2025 23:52:19.636] [Worker-Main-2/INFO] [K-Turrets/]: Checking minecraft:entities/blaze loot table
[25Feb2025 23:52:19.636] [Worker-Main-2/INFO] [K-Turrets/]:    Including blaze_rod with uniform set item function 0.0 - 1.0
[25Feb2025 23:52:19.643] [Worker-Main-2/INFO] [K-Turrets/]: Checking graveyard:entities/ghoul loot table
[25Feb2025 23:52:19.643] [Worker-Main-2/INFO] [K-Turrets/]:    Including bone with random looting chance 0.025
[25Feb2025 23:52:19.646] [Worker-Main-2/INFO] [K-Turrets/]: Checking minecraft:entities/squid loot table
[25Feb2025 23:52:19.647] [Worker-Main-2/INFO] [K-Turrets/]: Checking minecraft:entities/sheep/green loot table
[25Feb2025 23:52:19.650] [Worker-Main-2/INFO] [K-Turrets/]: Checking minecraft:entities/polar_bear loot table
[25Feb2025 23:52:19.651] [Worker-Main-2/INFO] [K-Turrets/]: Checking graveyard:entities/reaper loot table
[25Feb2025 23:52:19.651] [Worker-Main-2/INFO] [K-Turrets/]:    Including bone with random looting chance 0.025
[25Feb2025 23:52:19.652] [Worker-Main-2/INFO] [K-Turrets/]: Checking minecraft:entities/sheep/gray loot table
[25Feb2025 23:52:19.655] [Worker-Main-2/INFO] [K-Turrets/]: Checking minecraft:entities/husk loot table
[25Feb2025 23:52:19.655] [Worker-Main-2/INFO] [K-Turrets/]:    Including iron_ingot with random looting chance 0.008333334
[25Feb2025 23:52:19.655] [Worker-Main-2/INFO] [K-Turrets/]:    Including carrot with random looting chance 0.008333334
[25Feb2025 23:52:19.655] [Worker-Main-2/INFO] [K-Turrets/]:    Including potato with random looting chance 0.008333334
[25Feb2025 23:52:19.656] [Worker-Main-2/INFO] [K-Turrets/]: Checking minecraft:entities/iron_golem loot table
[25Feb2025 23:52:19.660] [Worker-Main-2/INFO] [K-Turrets/]: Checking minecraft:entities/ghast loot table
[25Feb2025 23:52:19.661] [Worker-Main-2/INFO] [K-Turrets/]: Checking minecraft:entities/cat loot table
[25Feb2025 23:52:19.669] [Worker-Main-2/INFO] [K-Turrets/]: Checking minecraft:entities/sheep/magenta loot table
[25Feb2025 23:52:19.673] [Worker-Main-2/INFO] [K-Turrets/]: Checking minecraft:entities/sheep/black loot table
[25Feb2025 23:52:19.676] [Worker-Main-2/INFO] [K-Turrets/]: Checking minecraft:entities/magma_cube loot table
[25Feb2025 23:52:19.681] [Worker-Main-2/INFO] [K-Turrets/]: Checking minecraft:entities/witch loot table
[25Feb2025 23:52:19.685] [Worker-Main-2/INFO] [K-Turrets/]: Checking minecraft:entities/zombified_piglin loot table
[25Feb2025 23:52:19.686] [Worker-Main-2/INFO] [K-Turrets/]:    Including gold_ingot with random looting chance 0.025
[25Feb2025 23:52:19.688] [Worker-Main-2/INFO] [K-Turrets/]: Checking minecraft:entities/chicken loot table
[25Feb2025 23:52:19.690] [Worker-Main-2/INFO] [K-Turrets/]: Checking eeeabsmobs:entities/immortal_executioner loot table
[25Feb2025 23:52:19.692] [Worker-Main-2/INFO] [K-Turrets/]: Checking minecraft:entities/snow_golem loot table
[25Feb2025 23:52:19.692] [Worker-Main-2/INFO] [K-Turrets/]: Checking eeeabsmobs:entities/corpse loot table
[25Feb2025 23:52:19.702] [Worker-Main-2/INFO] [K-Turrets/]: Checking minecraft:entities/sheep/brown loot table
[25Feb2025 23:52:19.709] [Worker-Main-2/INFO] [K-Turrets/]: Checking minecraft:entities/cod loot table
[25Feb2025 23:52:19.712] [Worker-Main-2/INFO] [K-Turrets/]: Checking minecraft:entities/cow loot table
[25Feb2025 23:52:19.712] [Worker-Main-2/INFO] [K-Turrets/]: Checking minecraft:entities/pig loot table
[25Feb2025 23:52:19.717] [Worker-Main-2/INFO] [K-Turrets/]: Checking minecraft:entities/sheep/yellow loot table
[25Feb2025 23:52:19.725] [Worker-Main-2/INFO] [K-Turrets/]: Checking minecraft:entities/guardian loot table
[25Feb2025 23:52:19.726] [Worker-Main-2/INFO] [K-Turrets/]: Checking eeeabsmobs:entities/guling_sentinel_heavy loot table
[25Feb2025 23:52:19.730] [Worker-Main-2/INFO] [K-Turrets/]: Checking minecraft:entities/zoglin loot table
[25Feb2025 23:52:19.731] [Worker-Main-2/INFO] [K-Turrets/]: Checking minecraft:entities/cave_spider loot table
[25Feb2025 23:52:19.732] [Worker-Main-2/INFO] [K-Turrets/]:    Including spider_eye with uniform set item function -1.0 - 1.0
[25Feb2025 23:52:19.734] [Worker-Main-2/INFO] [K-Turrets/]: Checking faded_conquest_2:entities/faded_kingp_2 loot table
[25Feb2025 23:52:19.734] [Worker-Main-2/INFO] [K-Turrets/]: Checking minecraft:entities/strider loot table
[25Feb2025 23:52:19.737] [Worker-Main-2/INFO] [K-Turrets/]: Checking faded_conquest_2:entities/aero_guardian loot table
[25Feb2025 23:52:19.748] [Worker-Main-2/INFO] [K-Turrets/]: Checking minecraft:entities/sheep/cyan loot table
[25Feb2025 23:52:19.755] [Worker-Main-2/INFO] [K-Turrets/]: Checking horror_element_mod:blocks/chained_entity loot table
[25Feb2025 23:52:19.759] [Worker-Main-2/INFO] [K-Turrets/]: Checking minecraft:entities/dolphin loot table
[25Feb2025 23:52:19.767] [Worker-Main-2/INFO] [K-Turrets/]: Checking minecraft:entities/trader_llama loot table
[25Feb2025 23:52:19.767] [Worker-Main-2/INFO] [K-Turrets/]: Checking eeeabsmobs:entities/immortal_knight loot table
[25Feb2025 23:52:19.772] [Worker-Main-2/INFO] [K-Turrets/]: Checking minecraft:entities/sheep/orange loot table
[25Feb2025 23:52:19.784] [Worker-Main-2/INFO] [K-Turrets/]: Checking minecraft:entities/parrot loot table
[25Feb2025 23:52:19.786] [Worker-Main-2/INFO] [K-Turrets/]: Checking minecraft:entities/sheep/purple loot table
[25Feb2025 23:52:19.794] [Worker-Main-2/ERROR] [net.minecraftforge.common.ForgeHooks/]: Couldn't parse element loot_tables:parcool:grant_parcool_guide
com.google.gson.JsonSyntaxException: Expected name to be an item, was unknown string 'patchouli:guide_book'
	at net.minecraft.util.GsonHelper.m_13866_(GsonHelper.java:145) ~[server-1.20.1-20230612.114412-srg.jar%23169!/:?]
	at java.util.Optional.orElseThrow(Optional.java:403) ~[?:?]
	at net.minecraft.util.GsonHelper.m_13874_(GsonHelper.java:145) ~[server-1.20.1-20230612.114412-srg.jar%23169!/:?]
	at net.minecraft.util.GsonHelper.m_13909_(GsonHelper.java:153) ~[server-1.20.1-20230612.114412-srg.jar%23169!/:?]
	at net.minecraft.world.level.storage.loot.entries.LootItem$Serializer.m_7267_(LootItem.java:55) ~[server-1.20.1-20230612.114412-srg.jar%23169!/:?]
	at net.minecraft.world.level.storage.loot.entries.LootItem$Serializer.m_7267_(LootItem.java:40) ~[server-1.20.1-20230612.114412-srg.jar%23169!/:?]
	at net.minecraft.world.level.storage.loot.entries.LootPoolSingletonContainer$Serializer.m_5921_(LootPoolSingletonContainer.java:151) ~[server-1.20.1-20230612.114412-srg.jar%23169!/:?]
	at net.minecraft.world.level.storage.loot.entries.LootPoolSingletonContainer$Serializer.m_5921_(LootPoolSingletonContainer.java:129) ~[server-1.20.1-20230612.114412-srg.jar%23169!/:?]
	at net.minecraft.world.level.storage.loot.entries.LootPoolEntryContainer$Serializer.m_7561_(LootPoolEntryContainer.java:86) ~[server-1.20.1-20230612.114412-srg.jar%23169!/:?]
	at net.minecraft.world.level.storage.loot.entries.LootPoolEntryContainer$Serializer.m_7561_(LootPoolEntryContainer.java:74) ~[server-1.20.1-20230612.114412-srg.jar%23169!/:?]
	at net.minecraft.world.level.storage.loot.GsonAdapterFactory$JsonAdapter.deserialize(GsonAdapterFactory.java:102) ~[server-1.20.1-20230612.114412-srg.jar%23169!/:?]
	at com.google.gson.internal.bind.TreeTypeAdapter.read(TreeTypeAdapter.java:76) ~[gson-2.10.jar%2372!/:?]
	at com.google.gson.internal.bind.TypeAdapterRuntimeTypeWrapper.read(TypeAdapterRuntimeTypeWrapper.java:40) ~[gson-2.10.jar%2372!/:?]
	at com.google.gson.internal.bind.ArrayTypeAdapter.read(ArrayTypeAdapter.java:72) ~[gson-2.10.jar%2372!/:?]
	at com.google.gson.Gson.fromJson(Gson.java:1214) ~[gson-2.10.jar%2372!/:?]
	at com.google.gson.Gson.fromJson(Gson.java:1319) ~[gson-2.10.jar%2372!/:?]
	at com.google.gson.Gson.fromJson(Gson.java:1290) ~[gson-2.10.jar%2372!/:?]
	at com.google.gson.internal.bind.TreeTypeAdapter$GsonContextImpl.deserialize(TreeTypeAdapter.java:179) ~[gson-2.10.jar%2372!/:?]
	at net.minecraft.util.GsonHelper.m_13808_(GsonHelper.java:463) ~[server-1.20.1-20230612.114412-srg.jar%23169!/:?]
	at net.minecraft.util.GsonHelper.m_13836_(GsonHelper.java:471) ~[server-1.20.1-20230612.114412-srg.jar%23169!/:?]
	at net.minecraft.world.level.storage.loot.LootPool$Serializer.deserialize(LootPool.java:192) ~[server-1.20.1-20230612.114412-srg.jar%23169!/:?]
	at net.minecraft.world.level.storage.loot.LootPool$Serializer.deserialize(LootPool.java:189) ~[server-1.20.1-20230612.114412-srg.jar%23169!/:?]
	at com.google.gson.internal.bind.TreeTypeAdapter.read(TreeTypeAdapter.java:76) ~[gson-2.10.jar%2372!/:?]
	at com.google.gson.internal.bind.TypeAdapterRuntimeTypeWrapper.read(TypeAdapterRuntimeTypeWrapper.java:40) ~[gson-2.10.jar%2372!/:?]
	at com.google.gson.internal.bind.ArrayTypeAdapter.read(ArrayTypeAdapter.java:72) ~[gson-2.10.jar%2372!/:?]
	at com.google.gson.Gson.fromJson(Gson.java:1214) ~[gson-2.10.jar%2372!/:?]
	at com.google.gson.Gson.fromJson(Gson.java:1319) ~[gson-2.10.jar%2372!/:?]
	at com.google.gson.Gson.fromJson(Gson.java:1290) ~[gson-2.10.jar%2372!/:?]
	at com.google.gson.internal.bind.TreeTypeAdapter$GsonContextImpl.deserialize(TreeTypeAdapter.java:179) ~[gson-2.10.jar%2372!/:?]
	at net.minecraft.util.GsonHelper.m_13808_(GsonHelper.java:463) ~[server-1.20.1-20230612.114412-srg.jar%23169!/:?]
	at net.minecraft.util.GsonHelper.m_13845_(GsonHelper.java:481) ~[server-1.20.1-20230612.114412-srg.jar%23169!/:?]
	at net.minecraft.world.level.storage.loot.LootTable$Serializer.deserialize(LootTable.java:294) ~[server-1.20.1-20230612.114412-srg.jar%23169!/:?]
	at net.minecraft.world.level.storage.loot.LootTable$Serializer.deserialize(LootTable.java:291) ~[server-1.20.1-20230612.114412-srg.jar%23169!/:?]
	at com.google.gson.internal.bind.TreeTypeAdapter.read(TreeTypeAdapter.java:76) ~[gson-2.10.jar%2372!/:?]
	at com.google.gson.Gson.fromJson(Gson.java:1214) ~[gson-2.10.jar%2372!/:?]
	at com.google.gson.Gson.fromJson(Gson.java:1319) ~[gson-2.10.jar%2372!/:?]
	at com.google.gson.Gson.fromJson(Gson.java:1261) ~[gson-2.10.jar%2372!/:?]
	at net.minecraftforge.common.ForgeHooks.loadLootTable(ForgeHooks.java:871) ~[forge-1.20.1-47.3.7-universal.jar%23174!/:?]
	at net.minecraftforge.common.ForgeHooks.lambda$getLootTableDeserializer$3(ForgeHooks.java:848) ~[forge-1.20.1-47.3.7-universal.jar%23174!/:?]
	at net.minecraft.world.level.storage.loot.LootDataType.deserialize(LootDataType.java:45) ~[server-1.20.1-20230612.114412-srg.jar%23169!/:?]
	at net.minecraft.world.level.storage.loot.LootDataManager.lambda$scheduleElementParse$4(LootDataManager.java:56) ~[server-1.20.1-20230612.114412-srg.jar%23169!/:?]
	at java.util.HashMap.forEach(HashMap.java:1421) ~[?:?]
	at net.minecraft.world.level.storage.loot.LootDataManager.m_278660_(LootDataManager.java:55) ~[server-1.20.1-20230612.114412-srg.jar%23169!/:?]
	at java.util.concurrent.CompletableFuture$AsyncRun.run(CompletableFuture.java:1804) ~[?:?]
	at java.util.concurrent.CompletableFuture$AsyncRun.exec(CompletableFuture.java:1796) ~[?:?]
	at java.util.concurrent.ForkJoinTask.doExec(ForkJoinTask.java:373) ~[?:?]
	at java.util.concurrent.ForkJoinPool$WorkQueue.topLevelExec(ForkJoinPool.java:1182) ~[?:?]
	at java.util.concurrent.ForkJoinPool.scan(ForkJoinPool.java:1655) ~[?:?]
	at java.util.concurrent.ForkJoinPool.runWorker(ForkJoinPool.java:1622) ~[?:?]
	at java.util.concurrent.ForkJoinWorkerThread.run(ForkJoinWorkerThread.java:165) ~[?:?]
[25Feb2025 23:52:19.802] [Worker-Main-2/INFO] [K-Turrets/]: Checking minecraft:entities/glow_squid loot table
[25Feb2025 23:52:19.805] [Worker-Main-2/INFO] [K-Turrets/]: Checking minecraft:entities/tropical_fish loot table
[25Feb2025 23:52:19.810] [Worker-Main-2/INFO] [K-Turrets/]: Checking minecraft:entities/sheep/pink loot table
[25Feb2025 23:52:19.812] [Worker-Main-2/INFO] [K-Turrets/]: Checking graveyard:entities/lich loot table
[25Feb2025 23:52:19.816] [Worker-Main-2/INFO] [K-Turrets/]: Checking eeeabsmobs:entities/guling_sentinel loot table
[25Feb2025 23:52:19.820] [Worker-Main-2/INFO] [K-Turrets/]: Checking minecraft:entities/panda loot table
[25Feb2025 23:52:19.821] [Worker-Main-2/INFO] [K-Turrets/]: Checking graveyard:entities/nightmare loot table
[25Feb2025 23:52:19.829] [Worker-Main-2/INFO] [K-Turrets/]: Checking eeeabsmobs:entities/corpse_villager loot table
[25Feb2025 23:52:19.968] [main/ERROR] [net.minecraft.world.item.crafting.RecipeManager/]: Parsing error loading recipe apocalypsenow:eletricalclub
com.google.gson.JsonSyntaxException: Invalid or unsupported recipe type 'minecraft:smithing'
	at net.minecraft.world.item.crafting.RecipeManager.m_220253_(RecipeManager.java:170) ~[server-1.20.1-20230612.114412-srg.jar%23169!/:?]
	at java.util.Optional.orElseThrow(Optional.java:403) ~[?:?]
	at net.minecraft.world.item.crafting.RecipeManager.fromJson(RecipeManager.java:169) ~[server-1.20.1-20230612.114412-srg.jar%23169!/:?]
	at net.minecraft.world.item.crafting.RecipeManager.m_5787_(RecipeManager.java:67) ~[server-1.20.1-20230612.114412-srg.jar%23169!/:?]
	at net.minecraft.world.item.crafting.RecipeManager.m_5787_(RecipeManager.java:34) ~[server-1.20.1-20230612.114412-srg.jar%23169!/:?]
	at net.minecraft.server.packs.resources.SimplePreparableReloadListener.m_10789_(SimplePreparableReloadListener.java:13) ~[server-1.20.1-20230612.114412-srg.jar%23169!/:?]
	at java.util.concurrent.CompletableFuture$UniAccept.tryFire(CompletableFuture.java:718) ~[?:?]
	at java.util.concurrent.CompletableFuture$Completion.run(CompletableFuture.java:482) ~[?:?]
	at net.minecraft.server.packs.resources.SimpleReloadInstance.m_143940_(SimpleReloadInstance.java:69) ~[server-1.20.1-20230612.114412-srg.jar%23169!/:?]
	at net.minecraft.Util.m_214652_(Util.java:783) ~[server-1.20.1-20230612.114412-srg.jar%23169!/:?]
	at net.minecraft.Util.m_214679_(Util.java:772) ~[server-1.20.1-20230612.114412-srg.jar%23169!/:?]
	at net.minecraft.server.Main.main(Main.java:166) ~[server-1.20.1-20230612.114412-srg.jar%23169!/:?]
	at jdk.internal.reflect.NativeMethodAccessorImpl.invoke0(Native Method) ~[?:?]
	at jdk.internal.reflect.NativeMethodAccessorImpl.invoke(NativeMethodAccessorImpl.java:77) ~[?:?]
	at jdk.internal.reflect.DelegatingMethodAccessorImpl.invoke(DelegatingMethodAccessorImpl.java:43) ~[?:?]
	at java.lang.reflect.Method.invoke(Method.java:569) ~[?:?]
	at net.minecraftforge.fml.loading.targets.CommonLaunchHandler.runTarget(CommonLaunchHandler.java:111) ~[fmlloader-1.20.1-47.3.7.jar%2369!/:?]
	at net.minecraftforge.fml.loading.targets.CommonLaunchHandler.serverService(CommonLaunchHandler.java:103) ~[fmlloader-1.20.1-47.3.7.jar%2369!/:?]
	at net.minecraftforge.fml.loading.targets.CommonServerLaunchHandler.lambda$makeService$0(CommonServerLaunchHandler.java:27) ~[fmlloader-1.20.1-47.3.7.jar%2369!/:?]
	at cpw.mods.modlauncher.LaunchServiceHandlerDecorator.launch(LaunchServiceHandlerDecorator.java:30) ~[modlauncher-10.0.9.jar%2355!/:?]
	at cpw.mods.modlauncher.LaunchServiceHandler.launch(LaunchServiceHandler.java:53) ~[modlauncher-10.0.9.jar%2355!/:?]
	at cpw.mods.modlauncher.LaunchServiceHandler.launch(LaunchServiceHandler.java:71) ~[modlauncher-10.0.9.jar%2355!/:?]
	at cpw.mods.modlauncher.Launcher.run(Launcher.java:108) ~[modlauncher-10.0.9.jar%2355!/:?]
	at cpw.mods.modlauncher.Launcher.main(Launcher.java:78) ~[modlauncher-10.0.9.jar%2355!/:?]
	at cpw.mods.modlauncher.BootstrapLaunchConsumer.accept(BootstrapLaunchConsumer.java:26) ~[modlauncher-10.0.9.jar%2355!/:?]
	at cpw.mods.modlauncher.BootstrapLaunchConsumer.accept(BootstrapLaunchConsumer.java:23) ~[modlauncher-10.0.9.jar%2355!/:?]
	at cpw.mods.bootstraplauncher.BootstrapLauncher.main(BootstrapLauncher.java:141) ~[bootstraplauncher-1.1.2.jar:?]
[25Feb2025 23:52:19.980] [main/ERROR] [net.minecraft.world.item.crafting.RecipeManager/]: Parsing error loading recipe apocalypsenow:firemodulecombataxe
com.google.gson.JsonSyntaxException: Invalid or unsupported recipe type 'minecraft:smithing'
	at net.minecraft.world.item.crafting.RecipeManager.m_220253_(RecipeManager.java:170) ~[server-1.20.1-20230612.114412-srg.jar%23169!/:?]
	at java.util.Optional.orElseThrow(Optional.java:403) ~[?:?]
	at net.minecraft.world.item.crafting.RecipeManager.fromJson(RecipeManager.java:169) ~[server-1.20.1-20230612.114412-srg.jar%23169!/:?]
	at net.minecraft.world.item.crafting.RecipeManager.m_5787_(RecipeManager.java:67) ~[server-1.20.1-20230612.114412-srg.jar%23169!/:?]
	at net.minecraft.world.item.crafting.RecipeManager.m_5787_(RecipeManager.java:34) ~[server-1.20.1-20230612.114412-srg.jar%23169!/:?]
	at net.minecraft.server.packs.resources.SimplePreparableReloadListener.m_10789_(SimplePreparableReloadListener.java:13) ~[server-1.20.1-20230612.114412-srg.jar%23169!/:?]
	at java.util.concurrent.CompletableFuture$UniAccept.tryFire(CompletableFuture.java:718) ~[?:?]
	at java.util.concurrent.CompletableFuture$Completion.run(CompletableFuture.java:482) ~[?:?]
	at net.minecraft.server.packs.resources.SimpleReloadInstance.m_143940_(SimpleReloadInstance.java:69) ~[server-1.20.1-20230612.114412-srg.jar%23169!/:?]
	at net.minecraft.Util.m_214652_(Util.java:783) ~[server-1.20.1-20230612.114412-srg.jar%23169!/:?]
	at net.minecraft.Util.m_214679_(Util.java:772) ~[server-1.20.1-20230612.114412-srg.jar%23169!/:?]
	at net.minecraft.server.Main.main(Main.java:166) ~[server-1.20.1-20230612.114412-srg.jar%23169!/:?]
	at jdk.internal.reflect.NativeMethodAccessorImpl.invoke0(Native Method) ~[?:?]
	at jdk.internal.reflect.NativeMethodAccessorImpl.invoke(NativeMethodAccessorImpl.java:77) ~[?:?]
	at jdk.internal.reflect.DelegatingMethodAccessorImpl.invoke(DelegatingMethodAccessorImpl.java:43) ~[?:?]
	at java.lang.reflect.Method.invoke(Method.java:569) ~[?:?]
	at net.minecraftforge.fml.loading.targets.CommonLaunchHandler.runTarget(CommonLaunchHandler.java:111) ~[fmlloader-1.20.1-47.3.7.jar%2369!/:?]
	at net.minecraftforge.fml.loading.targets.CommonLaunchHandler.serverService(CommonLaunchHandler.java:103) ~[fmlloader-1.20.1-47.3.7.jar%2369!/:?]
	at net.minecraftforge.fml.loading.targets.CommonServerLaunchHandler.lambda$makeService$0(CommonServerLaunchHandler.java:27) ~[fmlloader-1.20.1-47.3.7.jar%2369!/:?]
	at cpw.mods.modlauncher.LaunchServiceHandlerDecorator.launch(LaunchServiceHandlerDecorator.java:30) ~[modlauncher-10.0.9.jar%2355!/:?]
	at cpw.mods.modlauncher.LaunchServiceHandler.launch(LaunchServiceHandler.java:53) ~[modlauncher-10.0.9.jar%2355!/:?]
	at cpw.mods.modlauncher.LaunchServiceHandler.launch(LaunchServiceHandler.java:71) ~[modlauncher-10.0.9.jar%2355!/:?]
	at cpw.mods.modlauncher.Launcher.run(Launcher.java:108) ~[modlauncher-10.0.9.jar%2355!/:?]
	at cpw.mods.modlauncher.Launcher.main(Launcher.java:78) ~[modlauncher-10.0.9.jar%2355!/:?]
	at cpw.mods.modlauncher.BootstrapLaunchConsumer.accept(BootstrapLaunchConsumer.java:26) ~[modlauncher-10.0.9.jar%2355!/:?]
	at cpw.mods.modlauncher.BootstrapLaunchConsumer.accept(BootstrapLaunchConsumer.java:23) ~[modlauncher-10.0.9.jar%2355!/:?]
	at cpw.mods.bootstraplauncher.BootstrapLauncher.main(BootstrapLauncher.java:141) ~[bootstraplauncher-1.1.2.jar:?]
[25Feb2025 23:52:19.982] [main/ERROR] [net.minecraft.world.item.crafting.RecipeManager/]: Parsing error loading recipe apocalypsenow:combataxe
com.google.gson.JsonSyntaxException: Invalid or unsupported recipe type 'minecraft:smithing'
	at net.minecraft.world.item.crafting.RecipeManager.m_220253_(RecipeManager.java:170) ~[server-1.20.1-20230612.114412-srg.jar%23169!/:?]
	at java.util.Optional.orElseThrow(Optional.java:403) ~[?:?]
	at net.minecraft.world.item.crafting.RecipeManager.fromJson(RecipeManager.java:169) ~[server-1.20.1-20230612.114412-srg.jar%23169!/:?]
	at net.minecraft.world.item.crafting.RecipeManager.m_5787_(RecipeManager.java:67) ~[server-1.20.1-20230612.114412-srg.jar%23169!/:?]
	at net.minecraft.world.item.crafting.RecipeManager.m_5787_(RecipeManager.java:34) ~[server-1.20.1-20230612.114412-srg.jar%23169!/:?]
	at net.minecraft.server.packs.resources.SimplePreparableReloadListener.m_10789_(SimplePreparableReloadListener.java:13) ~[server-1.20.1-20230612.114412-srg.jar%23169!/:?]
	at java.util.concurrent.CompletableFuture$UniAccept.tryFire(CompletableFuture.java:718) ~[?:?]
	at java.util.concurrent.CompletableFuture$Completion.run(CompletableFuture.java:482) ~[?:?]
	at net.minecraft.server.packs.resources.SimpleReloadInstance.m_143940_(SimpleReloadInstance.java:69) ~[server-1.20.1-20230612.114412-srg.jar%23169!/:?]
	at net.minecraft.Util.m_214652_(Util.java:783) ~[server-1.20.1-20230612.114412-srg.jar%23169!/:?]
	at net.minecraft.Util.m_214679_(Util.java:772) ~[server-1.20.1-20230612.114412-srg.jar%23169!/:?]
	at net.minecraft.server.Main.main(Main.java:166) ~[server-1.20.1-20230612.114412-srg.jar%23169!/:?]
	at jdk.internal.reflect.NativeMethodAccessorImpl.invoke0(Native Method) ~[?:?]
	at jdk.internal.reflect.NativeMethodAccessorImpl.invoke(NativeMethodAccessorImpl.java:77) ~[?:?]
	at jdk.internal.reflect.DelegatingMethodAccessorImpl.invoke(DelegatingMethodAccessorImpl.java:43) ~[?:?]
	at java.lang.reflect.Method.invoke(Method.java:569) ~[?:?]
	at net.minecraftforge.fml.loading.targets.CommonLaunchHandler.runTarget(CommonLaunchHandler.java:111) ~[fmlloader-1.20.1-47.3.7.jar%2369!/:?]
	at net.minecraftforge.fml.loading.targets.CommonLaunchHandler.serverService(CommonLaunchHandler.java:103) ~[fmlloader-1.20.1-47.3.7.jar%2369!/:?]
	at net.minecraftforge.fml.loading.targets.CommonServerLaunchHandler.lambda$makeService$0(CommonServerLaunchHandler.java:27) ~[fmlloader-1.20.1-47.3.7.jar%2369!/:?]
	at cpw.mods.modlauncher.LaunchServiceHandlerDecorator.launch(LaunchServiceHandlerDecorator.java:30) ~[modlauncher-10.0.9.jar%2355!/:?]
	at cpw.mods.modlauncher.LaunchServiceHandler.launch(LaunchServiceHandler.java:53) ~[modlauncher-10.0.9.jar%2355!/:?]
	at cpw.mods.modlauncher.LaunchServiceHandler.launch(LaunchServiceHandler.java:71) ~[modlauncher-10.0.9.jar%2355!/:?]
	at cpw.mods.modlauncher.Launcher.run(Launcher.java:108) ~[modlauncher-10.0.9.jar%2355!/:?]
	at cpw.mods.modlauncher.Launcher.main(Launcher.java:78) ~[modlauncher-10.0.9.jar%2355!/:?]
	at cpw.mods.modlauncher.BootstrapLaunchConsumer.accept(BootstrapLaunchConsumer.java:26) ~[modlauncher-10.0.9.jar%2355!/:?]
	at cpw.mods.modlauncher.BootstrapLaunchConsumer.accept(BootstrapLaunchConsumer.java:23) ~[modlauncher-10.0.9.jar%2355!/:?]
	at cpw.mods.bootstraplauncher.BootstrapLauncher.main(BootstrapLauncher.java:141) ~[bootstraplauncher-1.1.2.jar:?]
[25Feb2025 23:52:19.994] [main/ERROR] [net.minecraft.world.item.crafting.RecipeManager/]: Parsing error loading recipe apocalypsenow:rockeyhelmetrecipe
com.google.gson.JsonSyntaxException: Unknown item 'apocalypsenow:officer_chestplate'
	at net.minecraftforge.common.crafting.CraftingHelper.getItem(CraftingHelper.java:160) ~[forge-1.20.1-47.3.7-universal.jar%23174!/:?]
	at net.minecraftforge.common.crafting.CraftingHelper.getItemStack(CraftingHelper.java:186) ~[forge-1.20.1-47.3.7-universal.jar%23174!/:?]
	at net.minecraft.world.item.crafting.ShapedRecipe.m_151274_(ShapedRecipe.java:286) ~[server-1.20.1-20230612.114412-srg.jar%23169!/:?]
	at net.minecraft.world.item.crafting.ShapedRecipe$Serializer.m_6729_(ShapedRecipe.java:311) ~[server-1.20.1-20230612.114412-srg.jar%23169!/:?]
	at net.minecraft.world.item.crafting.ShapedRecipe$Serializer.m_6729_(ShapedRecipe.java:301) ~[server-1.20.1-20230612.114412-srg.jar%23169!/:?]
	at net.minecraftforge.common.extensions.IForgeRecipeSerializer.fromJson(IForgeRecipeSerializer.java:23) ~[forge-1.20.1-47.3.7-universal.jar%23174!/:?]
	at net.minecraft.world.item.crafting.RecipeManager.fromJson(RecipeManager.java:171) ~[server-1.20.1-20230612.114412-srg.jar%23169!/:?]
	at net.minecraft.world.item.crafting.RecipeManager.m_5787_(RecipeManager.java:67) ~[server-1.20.1-20230612.114412-srg.jar%23169!/:?]
	at net.minecraft.world.item.crafting.RecipeManager.m_5787_(RecipeManager.java:34) ~[server-1.20.1-20230612.114412-srg.jar%23169!/:?]
	at net.minecraft.server.packs.resources.SimplePreparableReloadListener.m_10789_(SimplePreparableReloadListener.java:13) ~[server-1.20.1-20230612.114412-srg.jar%23169!/:?]
	at java.util.concurrent.CompletableFuture$UniAccept.tryFire(CompletableFuture.java:718) ~[?:?]
	at java.util.concurrent.CompletableFuture$Completion.run(CompletableFuture.java:482) ~[?:?]
	at net.minecraft.server.packs.resources.SimpleReloadInstance.m_143940_(SimpleReloadInstance.java:69) ~[server-1.20.1-20230612.114412-srg.jar%23169!/:?]
	at net.minecraft.Util.m_214652_(Util.java:783) ~[server-1.20.1-20230612.114412-srg.jar%23169!/:?]
	at net.minecraft.Util.m_214679_(Util.java:772) ~[server-1.20.1-20230612.114412-srg.jar%23169!/:?]
	at net.minecraft.server.Main.main(Main.java:166) ~[server-1.20.1-20230612.114412-srg.jar%23169!/:?]
	at jdk.internal.reflect.NativeMethodAccessorImpl.invoke0(Native Method) ~[?:?]
	at jdk.internal.reflect.NativeMethodAccessorImpl.invoke(NativeMethodAccessorImpl.java:77) ~[?:?]
	at jdk.internal.reflect.DelegatingMethodAccessorImpl.invoke(DelegatingMethodAccessorImpl.java:43) ~[?:?]
	at java.lang.reflect.Method.invoke(Method.java:569) ~[?:?]
	at net.minecraftforge.fml.loading.targets.CommonLaunchHandler.runTarget(CommonLaunchHandler.java:111) ~[fmlloader-1.20.1-47.3.7.jar%2369!/:?]
	at net.minecraftforge.fml.loading.targets.CommonLaunchHandler.serverService(CommonLaunchHandler.java:103) ~[fmlloader-1.20.1-47.3.7.jar%2369!/:?]
	at net.minecraftforge.fml.loading.targets.CommonServerLaunchHandler.lambda$makeService$0(CommonServerLaunchHandler.java:27) ~[fmlloader-1.20.1-47.3.7.jar%2369!/:?]
	at cpw.mods.modlauncher.LaunchServiceHandlerDecorator.launch(LaunchServiceHandlerDecorator.java:30) ~[modlauncher-10.0.9.jar%2355!/:?]
	at cpw.mods.modlauncher.LaunchServiceHandler.launch(LaunchServiceHandler.java:53) ~[modlauncher-10.0.9.jar%2355!/:?]
	at cpw.mods.modlauncher.LaunchServiceHandler.launch(LaunchServiceHandler.java:71) ~[modlauncher-10.0.9.jar%2355!/:?]
	at cpw.mods.modlauncher.Launcher.run(Launcher.java:108) ~[modlauncher-10.0.9.jar%2355!/:?]
	at cpw.mods.modlauncher.Launcher.main(Launcher.java:78) ~[modlauncher-10.0.9.jar%2355!/:?]
	at cpw.mods.modlauncher.BootstrapLaunchConsumer.accept(BootstrapLaunchConsumer.java:26) ~[modlauncher-10.0.9.jar%2355!/:?]
	at cpw.mods.modlauncher.BootstrapLaunchConsumer.accept(BootstrapLaunchConsumer.java:23) ~[modlauncher-10.0.9.jar%2355!/:?]
	at cpw.mods.bootstraplauncher.BootstrapLauncher.main(BootstrapLauncher.java:141) ~[bootstraplauncher-1.1.2.jar:?]
[25Feb2025 23:52:20.019] [main/ERROR] [net.minecraft.world.item.crafting.RecipeManager/]: Parsing error loading recipe apocalypsenow:eletricalkatana
com.google.gson.JsonSyntaxException: Invalid or unsupported recipe type 'minecraft:smithing'
	at net.minecraft.world.item.crafting.RecipeManager.m_220253_(RecipeManager.java:170) ~[server-1.20.1-20230612.114412-srg.jar%23169!/:?]
	at java.util.Optional.orElseThrow(Optional.java:403) ~[?:?]
	at net.minecraft.world.item.crafting.RecipeManager.fromJson(RecipeManager.java:169) ~[server-1.20.1-20230612.114412-srg.jar%23169!/:?]
	at net.minecraft.world.item.crafting.RecipeManager.m_5787_(RecipeManager.java:67) ~[server-1.20.1-20230612.114412-srg.jar%23169!/:?]
	at net.minecraft.world.item.crafting.RecipeManager.m_5787_(RecipeManager.java:34) ~[server-1.20.1-20230612.114412-srg.jar%23169!/:?]
	at net.minecraft.server.packs.resources.SimplePreparableReloadListener.m_10789_(SimplePreparableReloadListener.java:13) ~[server-1.20.1-20230612.114412-srg.jar%23169!/:?]
	at java.util.concurrent.CompletableFuture$UniAccept.tryFire(CompletableFuture.java:718) ~[?:?]
	at java.util.concurrent.CompletableFuture$Completion.run(CompletableFuture.java:482) ~[?:?]
	at net.minecraft.server.packs.resources.SimpleReloadInstance.m_143940_(SimpleReloadInstance.java:69) ~[server-1.20.1-20230612.114412-srg.jar%23169!/:?]
	at net.minecraft.Util.m_214652_(Util.java:783) ~[server-1.20.1-20230612.114412-srg.jar%23169!/:?]
	at net.minecraft.Util.m_214679_(Util.java:772) ~[server-1.20.1-20230612.114412-srg.jar%23169!/:?]
	at net.minecraft.server.Main.main(Main.java:166) ~[server-1.20.1-20230612.114412-srg.jar%23169!/:?]
	at jdk.internal.reflect.NativeMethodAccessorImpl.invoke0(Native Method) ~[?:?]
	at jdk.internal.reflect.NativeMethodAccessorImpl.invoke(NativeMethodAccessorImpl.java:77) ~[?:?]
	at jdk.internal.reflect.DelegatingMethodAccessorImpl.invoke(DelegatingMethodAccessorImpl.java:43) ~[?:?]
	at java.lang.reflect.Method.invoke(Method.java:569) ~[?:?]
	at net.minecraftforge.fml.loading.targets.CommonLaunchHandler.runTarget(CommonLaunchHandler.java:111) ~[fmlloader-1.20.1-47.3.7.jar%2369!/:?]
	at net.minecraftforge.fml.loading.targets.CommonLaunchHandler.serverService(CommonLaunchHandler.java:103) ~[fmlloader-1.20.1-47.3.7.jar%2369!/:?]
	at net.minecraftforge.fml.loading.targets.CommonServerLaunchHandler.lambda$makeService$0(CommonServerLaunchHandler.java:27) ~[fmlloader-1.20.1-47.3.7.jar%2369!/:?]
	at cpw.mods.modlauncher.LaunchServiceHandlerDecorator.launch(LaunchServiceHandlerDecorator.java:30) ~[modlauncher-10.0.9.jar%2355!/:?]
	at cpw.mods.modlauncher.LaunchServiceHandler.launch(LaunchServiceHandler.java:53) ~[modlauncher-10.0.9.jar%2355!/:?]
	at cpw.mods.modlauncher.LaunchServiceHandler.launch(LaunchServiceHandler.java:71) ~[modlauncher-10.0.9.jar%2355!/:?]
	at cpw.mods.modlauncher.Launcher.run(Launcher.java:108) ~[modlauncher-10.0.9.jar%2355!/:?]
	at cpw.mods.modlauncher.Launcher.main(Launcher.java:78) ~[modlauncher-10.0.9.jar%2355!/:?]
	at cpw.mods.modlauncher.BootstrapLaunchConsumer.accept(BootstrapLaunchConsumer.java:26) ~[modlauncher-10.0.9.jar%2355!/:?]
	at cpw.mods.modlauncher.BootstrapLaunchConsumer.accept(BootstrapLaunchConsumer.java:23) ~[modlauncher-10.0.9.jar%2355!/:?]
	at cpw.mods.bootstraplauncher.BootstrapLauncher.main(BootstrapLauncher.java:141) ~[bootstraplauncher-1.1.2.jar:?]
[25Feb2025 23:52:20.024] [main/ERROR] [net.minecraft.world.item.crafting.RecipeManager/]: Parsing error loading recipe apocalypsenow:firemodulemachete
com.google.gson.JsonSyntaxException: Invalid or unsupported recipe type 'minecraft:smithing'
	at net.minecraft.world.item.crafting.RecipeManager.m_220253_(RecipeManager.java:170) ~[server-1.20.1-20230612.114412-srg.jar%23169!/:?]
	at java.util.Optional.orElseThrow(Optional.java:403) ~[?:?]
	at net.minecraft.world.item.crafting.RecipeManager.fromJson(RecipeManager.java:169) ~[server-1.20.1-20230612.114412-srg.jar%23169!/:?]
	at net.minecraft.world.item.crafting.RecipeManager.m_5787_(RecipeManager.java:67) ~[server-1.20.1-20230612.114412-srg.jar%23169!/:?]
	at net.minecraft.world.item.crafting.RecipeManager.m_5787_(RecipeManager.java:34) ~[server-1.20.1-20230612.114412-srg.jar%23169!/:?]
	at net.minecraft.server.packs.resources.SimplePreparableReloadListener.m_10789_(SimplePreparableReloadListener.java:13) ~[server-1.20.1-20230612.114412-srg.jar%23169!/:?]
	at java.util.concurrent.CompletableFuture$UniAccept.tryFire(CompletableFuture.java:718) ~[?:?]
	at java.util.concurrent.CompletableFuture$Completion.run(CompletableFuture.java:482) ~[?:?]
	at net.minecraft.server.packs.resources.SimpleReloadInstance.m_143940_(SimpleReloadInstance.java:69) ~[server-1.20.1-20230612.114412-srg.jar%23169!/:?]
	at net.minecraft.Util.m_214652_(Util.java:783) ~[server-1.20.1-20230612.114412-srg.jar%23169!/:?]
	at net.minecraft.Util.m_214679_(Util.java:772) ~[server-1.20.1-20230612.114412-srg.jar%23169!/:?]
	at net.minecraft.server.Main.main(Main.java:166) ~[server-1.20.1-20230612.114412-srg.jar%23169!/:?]
	at jdk.internal.reflect.NativeMethodAccessorImpl.invoke0(Native Method) ~[?:?]
	at jdk.internal.reflect.NativeMethodAccessorImpl.invoke(NativeMethodAccessorImpl.java:77) ~[?:?]
	at jdk.internal.reflect.DelegatingMethodAccessorImpl.invoke(DelegatingMethodAccessorImpl.java:43) ~[?:?]
	at java.lang.reflect.Method.invoke(Method.java:569) ~[?:?]
	at net.minecraftforge.fml.loading.targets.CommonLaunchHandler.runTarget(CommonLaunchHandler.java:111) ~[fmlloader-1.20.1-47.3.7.jar%2369!/:?]
	at net.minecraftforge.fml.loading.targets.CommonLaunchHandler.serverService(CommonLaunchHandler.java:103) ~[fmlloader-1.20.1-47.3.7.jar%2369!/:?]
	at net.minecraftforge.fml.loading.targets.CommonServerLaunchHandler.lambda$makeService$0(CommonServerLaunchHandler.java:27) ~[fmlloader-1.20.1-47.3.7.jar%2369!/:?]
	at cpw.mods.modlauncher.LaunchServiceHandlerDecorator.launch(LaunchServiceHandlerDecorator.java:30) ~[modlauncher-10.0.9.jar%2355!/:?]
	at cpw.mods.modlauncher.LaunchServiceHandler.launch(LaunchServiceHandler.java:53) ~[modlauncher-10.0.9.jar%2355!/:?]
	at cpw.mods.modlauncher.LaunchServiceHandler.launch(LaunchServiceHandler.java:71) ~[modlauncher-10.0.9.jar%2355!/:?]
	at cpw.mods.modlauncher.Launcher.run(Launcher.java:108) ~[modlauncher-10.0.9.jar%2355!/:?]
	at cpw.mods.modlauncher.Launcher.main(Launcher.java:78) ~[modlauncher-10.0.9.jar%2355!/:?]
	at cpw.mods.modlauncher.BootstrapLaunchConsumer.accept(BootstrapLaunchConsumer.java:26) ~[modlauncher-10.0.9.jar%2355!/:?]
	at cpw.mods.modlauncher.BootstrapLaunchConsumer.accept(BootstrapLaunchConsumer.java:23) ~[modlauncher-10.0.9.jar%2355!/:?]
	at cpw.mods.bootstraplauncher.BootstrapLauncher.main(BootstrapLauncher.java:141) ~[bootstraplauncher-1.1.2.jar:?]
[25Feb2025 23:52:20.034] [main/ERROR] [net.minecraft.world.item.crafting.RecipeManager/]: Parsing error loading recipe apocalypsenow:eletricaltaticalmace
com.google.gson.JsonSyntaxException: Invalid or unsupported recipe type 'minecraft:smithing'
	at net.minecraft.world.item.crafting.RecipeManager.m_220253_(RecipeManager.java:170) ~[server-1.20.1-20230612.114412-srg.jar%23169!/:?]
	at java.util.Optional.orElseThrow(Optional.java:403) ~[?:?]
	at net.minecraft.world.item.crafting.RecipeManager.fromJson(RecipeManager.java:169) ~[server-1.20.1-20230612.114412-srg.jar%23169!/:?]
	at net.minecraft.world.item.crafting.RecipeManager.m_5787_(RecipeManager.java:67) ~[server-1.20.1-20230612.114412-srg.jar%23169!/:?]
	at net.minecraft.world.item.crafting.RecipeManager.m_5787_(RecipeManager.java:34) ~[server-1.20.1-20230612.114412-srg.jar%23169!/:?]
	at net.minecraft.server.packs.resources.SimplePreparableReloadListener.m_10789_(SimplePreparableReloadListener.java:13) ~[server-1.20.1-20230612.114412-srg.jar%23169!/:?]
	at java.util.concurrent.CompletableFuture$UniAccept.tryFire(CompletableFuture.java:718) ~[?:?]
	at java.util.concurrent.CompletableFuture$Completion.run(CompletableFuture.java:482) ~[?:?]
	at net.minecraft.server.packs.resources.SimpleReloadInstance.m_143940_(SimpleReloadInstance.java:69) ~[server-1.20.1-20230612.114412-srg.jar%23169!/:?]
	at net.minecraft.Util.m_214652_(Util.java:783) ~[server-1.20.1-20230612.114412-srg.jar%23169!/:?]
	at net.minecraft.Util.m_214679_(Util.java:772) ~[server-1.20.1-20230612.114412-srg.jar%23169!/:?]
	at net.minecraft.server.Main.main(Main.java:166) ~[server-1.20.1-20230612.114412-srg.jar%23169!/:?]
	at jdk.internal.reflect.NativeMethodAccessorImpl.invoke0(Native Method) ~[?:?]
	at jdk.internal.reflect.NativeMethodAccessorImpl.invoke(NativeMethodAccessorImpl.java:77) ~[?:?]
	at jdk.internal.reflect.DelegatingMethodAccessorImpl.invoke(DelegatingMethodAccessorImpl.java:43) ~[?:?]
	at java.lang.reflect.Method.invoke(Method.java:569) ~[?:?]
	at net.minecraftforge.fml.loading.targets.CommonLaunchHandler.runTarget(CommonLaunchHandler.java:111) ~[fmlloader-1.20.1-47.3.7.jar%2369!/:?]
	at net.minecraftforge.fml.loading.targets.CommonLaunchHandler.serverService(CommonLaunchHandler.java:103) ~[fmlloader-1.20.1-47.3.7.jar%2369!/:?]
	at net.minecraftforge.fml.loading.targets.CommonServerLaunchHandler.lambda$makeService$0(CommonServerLaunchHandler.java:27) ~[fmlloader-1.20.1-47.3.7.jar%2369!/:?]
	at cpw.mods.modlauncher.LaunchServiceHandlerDecorator.launch(LaunchServiceHandlerDecorator.java:30) ~[modlauncher-10.0.9.jar%2355!/:?]
	at cpw.mods.modlauncher.LaunchServiceHandler.launch(LaunchServiceHandler.java:53) ~[modlauncher-10.0.9.jar%2355!/:?]
	at cpw.mods.modlauncher.LaunchServiceHandler.launch(LaunchServiceHandler.java:71) ~[modlauncher-10.0.9.jar%2355!/:?]
	at cpw.mods.modlauncher.Launcher.run(Launcher.java:108) ~[modlauncher-10.0.9.jar%2355!/:?]
	at cpw.mods.modlauncher.Launcher.main(Launcher.java:78) ~[modlauncher-10.0.9.jar%2355!/:?]
	at cpw.mods.modlauncher.BootstrapLaunchConsumer.accept(BootstrapLaunchConsumer.java:26) ~[modlauncher-10.0.9.jar%2355!/:?]
	at cpw.mods.modlauncher.BootstrapLaunchConsumer.accept(BootstrapLaunchConsumer.java:23) ~[modlauncher-10.0.9.jar%2355!/:?]
	at cpw.mods.bootstraplauncher.BootstrapLauncher.main(BootstrapLauncher.java:141) ~[bootstraplauncher-1.1.2.jar:?]
[25Feb2025 23:52:20.042] [main/ERROR] [net.minecraft.world.item.crafting.RecipeManager/]: Parsing error loading recipe apocalypsenow:eletricalbaseballbat
com.google.gson.JsonSyntaxException: Invalid or unsupported recipe type 'minecraft:smithing'
	at net.minecraft.world.item.crafting.RecipeManager.m_220253_(RecipeManager.java:170) ~[server-1.20.1-20230612.114412-srg.jar%23169!/:?]
	at java.util.Optional.orElseThrow(Optional.java:403) ~[?:?]
	at net.minecraft.world.item.crafting.RecipeManager.fromJson(RecipeManager.java:169) ~[server-1.20.1-20230612.114412-srg.jar%23169!/:?]
	at net.minecraft.world.item.crafting.RecipeManager.m_5787_(RecipeManager.java:67) ~[server-1.20.1-20230612.114412-srg.jar%23169!/:?]
	at net.minecraft.world.item.crafting.RecipeManager.m_5787_(RecipeManager.java:34) ~[server-1.20.1-20230612.114412-srg.jar%23169!/:?]
	at net.minecraft.server.packs.resources.SimplePreparableReloadListener.m_10789_(SimplePreparableReloadListener.java:13) ~[server-1.20.1-20230612.114412-srg.jar%23169!/:?]
	at java.util.concurrent.CompletableFuture$UniAccept.tryFire(CompletableFuture.java:718) ~[?:?]
	at java.util.concurrent.CompletableFuture$Completion.run(CompletableFuture.java:482) ~[?:?]
	at net.minecraft.server.packs.resources.SimpleReloadInstance.m_143940_(SimpleReloadInstance.java:69) ~[server-1.20.1-20230612.114412-srg.jar%23169!/:?]
	at net.minecraft.Util.m_214652_(Util.java:783) ~[server-1.20.1-20230612.114412-srg.jar%23169!/:?]
	at net.minecraft.Util.m_214679_(Util.java:772) ~[server-1.20.1-20230612.114412-srg.jar%23169!/:?]
	at net.minecraft.server.Main.main(Main.java:166) ~[server-1.20.1-20230612.114412-srg.jar%23169!/:?]
	at jdk.internal.reflect.NativeMethodAccessorImpl.invoke0(Native Method) ~[?:?]
	at jdk.internal.reflect.NativeMethodAccessorImpl.invoke(NativeMethodAccessorImpl.java:77) ~[?:?]
	at jdk.internal.reflect.DelegatingMethodAccessorImpl.invoke(DelegatingMethodAccessorImpl.java:43) ~[?:?]
	at java.lang.reflect.Method.invoke(Method.java:569) ~[?:?]
	at net.minecraftforge.fml.loading.targets.CommonLaunchHandler.runTarget(CommonLaunchHandler.java:111) ~[fmlloader-1.20.1-47.3.7.jar%2369!/:?]
	at net.minecraftforge.fml.loading.targets.CommonLaunchHandler.serverService(CommonLaunchHandler.java:103) ~[fmlloader-1.20.1-47.3.7.jar%2369!/:?]
	at net.minecraftforge.fml.loading.targets.CommonServerLaunchHandler.lambda$makeService$0(CommonServerLaunchHandler.java:27) ~[fmlloader-1.20.1-47.3.7.jar%2369!/:?]
	at cpw.mods.modlauncher.LaunchServiceHandlerDecorator.launch(LaunchServiceHandlerDecorator.java:30) ~[modlauncher-10.0.9.jar%2355!/:?]
	at cpw.mods.modlauncher.LaunchServiceHandler.launch(LaunchServiceHandler.java:53) ~[modlauncher-10.0.9.jar%2355!/:?]
	at cpw.mods.modlauncher.LaunchServiceHandler.launch(LaunchServiceHandler.java:71) ~[modlauncher-10.0.9.jar%2355!/:?]
	at cpw.mods.modlauncher.Launcher.run(Launcher.java:108) ~[modlauncher-10.0.9.jar%2355!/:?]
	at cpw.mods.modlauncher.Launcher.main(Launcher.java:78) ~[modlauncher-10.0.9.jar%2355!/:?]
	at cpw.mods.modlauncher.BootstrapLaunchConsumer.accept(BootstrapLaunchConsumer.java:26) ~[modlauncher-10.0.9.jar%2355!/:?]
	at cpw.mods.modlauncher.BootstrapLaunchConsumer.accept(BootstrapLaunchConsumer.java:23) ~[modlauncher-10.0.9.jar%2355!/:?]
	at cpw.mods.bootstraplauncher.BootstrapLauncher.main(BootstrapLauncher.java:141) ~[bootstraplauncher-1.1.2.jar:?]
[25Feb2025 23:52:20.049] [main/ERROR] [net.minecraft.world.item.crafting.RecipeManager/]: Parsing error loading recipe apocalypsenow:firemoduleironbat
com.google.gson.JsonSyntaxException: Invalid or unsupported recipe type 'minecraft:smithing'
	at net.minecraft.world.item.crafting.RecipeManager.m_220253_(RecipeManager.java:170) ~[server-1.20.1-20230612.114412-srg.jar%23169!/:?]
	at java.util.Optional.orElseThrow(Optional.java:403) ~[?:?]
	at net.minecraft.world.item.crafting.RecipeManager.fromJson(RecipeManager.java:169) ~[server-1.20.1-20230612.114412-srg.jar%23169!/:?]
	at net.minecraft.world.item.crafting.RecipeManager.m_5787_(RecipeManager.java:67) ~[server-1.20.1-20230612.114412-srg.jar%23169!/:?]
	at net.minecraft.world.item.crafting.RecipeManager.m_5787_(RecipeManager.java:34) ~[server-1.20.1-20230612.114412-srg.jar%23169!/:?]
	at net.minecraft.server.packs.resources.SimplePreparableReloadListener.m_10789_(SimplePreparableReloadListener.java:13) ~[server-1.20.1-20230612.114412-srg.jar%23169!/:?]
	at java.util.concurrent.CompletableFuture$UniAccept.tryFire(CompletableFuture.java:718) ~[?:?]
	at java.util.concurrent.CompletableFuture$Completion.run(CompletableFuture.java:482) ~[?:?]
	at net.minecraft.server.packs.resources.SimpleReloadInstance.m_143940_(SimpleReloadInstance.java:69) ~[server-1.20.1-20230612.114412-srg.jar%23169!/:?]
	at net.minecraft.Util.m_214652_(Util.java:783) ~[server-1.20.1-20230612.114412-srg.jar%23169!/:?]
	at net.minecraft.Util.m_214679_(Util.java:772) ~[server-1.20.1-20230612.114412-srg.jar%23169!/:?]
	at net.minecraft.server.Main.main(Main.java:166) ~[server-1.20.1-20230612.114412-srg.jar%23169!/:?]
	at jdk.internal.reflect.NativeMethodAccessorImpl.invoke0(Native Method) ~[?:?]
	at jdk.internal.reflect.NativeMethodAccessorImpl.invoke(NativeMethodAccessorImpl.java:77) ~[?:?]
	at jdk.internal.reflect.DelegatingMethodAccessorImpl.invoke(DelegatingMethodAccessorImpl.java:43) ~[?:?]
	at java.lang.reflect.Method.invoke(Method.java:569) ~[?:?]
	at net.minecraftforge.fml.loading.targets.CommonLaunchHandler.runTarget(CommonLaunchHandler.java:111) ~[fmlloader-1.20.1-47.3.7.jar%2369!/:?]
	at net.minecraftforge.fml.loading.targets.CommonLaunchHandler.serverService(CommonLaunchHandler.java:103) ~[fmlloader-1.20.1-47.3.7.jar%2369!/:?]
	at net.minecraftforge.fml.loading.targets.CommonServerLaunchHandler.lambda$makeService$0(CommonServerLaunchHandler.java:27) ~[fmlloader-1.20.1-47.3.7.jar%2369!/:?]
	at cpw.mods.modlauncher.LaunchServiceHandlerDecorator.launch(LaunchServiceHandlerDecorator.java:30) ~[modlauncher-10.0.9.jar%2355!/:?]
	at cpw.mods.modlauncher.LaunchServiceHandler.launch(LaunchServiceHandler.java:53) ~[modlauncher-10.0.9.jar%2355!/:?]
	at cpw.mods.modlauncher.LaunchServiceHandler.launch(LaunchServiceHandler.java:71) ~[modlauncher-10.0.9.jar%2355!/:?]
	at cpw.mods.modlauncher.Launcher.run(Launcher.java:108) ~[modlauncher-10.0.9.jar%2355!/:?]
	at cpw.mods.modlauncher.Launcher.main(Launcher.java:78) ~[modlauncher-10.0.9.jar%2355!/:?]
	at cpw.mods.modlauncher.BootstrapLaunchConsumer.accept(BootstrapLaunchConsumer.java:26) ~[modlauncher-10.0.9.jar%2355!/:?]
	at cpw.mods.modlauncher.BootstrapLaunchConsumer.accept(BootstrapLaunchConsumer.java:23) ~[modlauncher-10.0.9.jar%2355!/:?]
	at cpw.mods.bootstraplauncher.BootstrapLauncher.main(BootstrapLauncher.java:141) ~[bootstraplauncher-1.1.2.jar:?]
[25Feb2025 23:52:20.064] [main/ERROR] [net.minecraft.world.item.crafting.RecipeManager/]: Parsing error loading recipe parcool:parcool_guide
com.google.gson.JsonSyntaxException: Unknown item 'patchouli:guide_book'
	at net.minecraftforge.common.crafting.CraftingHelper.getItem(CraftingHelper.java:160) ~[forge-1.20.1-47.3.7-universal.jar%23174!/:?]
	at net.minecraftforge.common.crafting.CraftingHelper.getItemStack(CraftingHelper.java:186) ~[forge-1.20.1-47.3.7-universal.jar%23174!/:?]
	at net.minecraft.world.item.crafting.ShapedRecipe.m_151274_(ShapedRecipe.java:286) ~[server-1.20.1-20230612.114412-srg.jar%23169!/:?]
	at net.minecraft.world.item.crafting.ShapelessRecipe$Serializer.m_6729_(ShapelessRecipe.java:95) ~[server-1.20.1-20230612.114412-srg.jar%23169!/:?]
	at net.minecraft.world.item.crafting.ShapelessRecipe$Serializer.m_6729_(ShapelessRecipe.java:84) ~[server-1.20.1-20230612.114412-srg.jar%23169!/:?]
	at net.minecraftforge.common.extensions.IForgeRecipeSerializer.fromJson(IForgeRecipeSerializer.java:23) ~[forge-1.20.1-47.3.7-universal.jar%23174!/:?]
	at net.minecraft.world.item.crafting.RecipeManager.fromJson(RecipeManager.java:171) ~[server-1.20.1-20230612.114412-srg.jar%23169!/:?]
	at net.minecraft.world.item.crafting.RecipeManager.m_5787_(RecipeManager.java:67) ~[server-1.20.1-20230612.114412-srg.jar%23169!/:?]
	at net.minecraft.world.item.crafting.RecipeManager.m_5787_(RecipeManager.java:34) ~[server-1.20.1-20230612.114412-srg.jar%23169!/:?]
	at net.minecraft.server.packs.resources.SimplePreparableReloadListener.m_10789_(SimplePreparableReloadListener.java:13) ~[server-1.20.1-20230612.114412-srg.jar%23169!/:?]
	at java.util.concurrent.CompletableFuture$UniAccept.tryFire(CompletableFuture.java:718) ~[?:?]
	at java.util.concurrent.CompletableFuture$Completion.run(CompletableFuture.java:482) ~[?:?]
	at net.minecraft.server.packs.resources.SimpleReloadInstance.m_143940_(SimpleReloadInstance.java:69) ~[server-1.20.1-20230612.114412-srg.jar%23169!/:?]
	at net.minecraft.Util.m_214652_(Util.java:783) ~[server-1.20.1-20230612.114412-srg.jar%23169!/:?]
	at net.minecraft.Util.m_214679_(Util.java:772) ~[server-1.20.1-20230612.114412-srg.jar%23169!/:?]
	at net.minecraft.server.Main.main(Main.java:166) ~[server-1.20.1-20230612.114412-srg.jar%23169!/:?]
	at jdk.internal.reflect.NativeMethodAccessorImpl.invoke0(Native Method) ~[?:?]
	at jdk.internal.reflect.NativeMethodAccessorImpl.invoke(NativeMethodAccessorImpl.java:77) ~[?:?]
	at jdk.internal.reflect.DelegatingMethodAccessorImpl.invoke(DelegatingMethodAccessorImpl.java:43) ~[?:?]
	at java.lang.reflect.Method.invoke(Method.java:569) ~[?:?]
	at net.minecraftforge.fml.loading.targets.CommonLaunchHandler.runTarget(CommonLaunchHandler.java:111) ~[fmlloader-1.20.1-47.3.7.jar%2369!/:?]
	at net.minecraftforge.fml.loading.targets.CommonLaunchHandler.serverService(CommonLaunchHandler.java:103) ~[fmlloader-1.20.1-47.3.7.jar%2369!/:?]
	at net.minecraftforge.fml.loading.targets.CommonServerLaunchHandler.lambda$makeService$0(CommonServerLaunchHandler.java:27) ~[fmlloader-1.20.1-47.3.7.jar%2369!/:?]
	at cpw.mods.modlauncher.LaunchServiceHandlerDecorator.launch(LaunchServiceHandlerDecorator.java:30) ~[modlauncher-10.0.9.jar%2355!/:?]
	at cpw.mods.modlauncher.LaunchServiceHandler.launch(LaunchServiceHandler.java:53) ~[modlauncher-10.0.9.jar%2355!/:?]
	at cpw.mods.modlauncher.LaunchServiceHandler.launch(LaunchServiceHandler.java:71) ~[modlauncher-10.0.9.jar%2355!/:?]
	at cpw.mods.modlauncher.Launcher.run(Launcher.java:108) ~[modlauncher-10.0.9.jar%2355!/:?]
	at cpw.mods.modlauncher.Launcher.main(Launcher.java:78) ~[modlauncher-10.0.9.jar%2355!/:?]
	at cpw.mods.modlauncher.BootstrapLaunchConsumer.accept(BootstrapLaunchConsumer.java:26) ~[modlauncher-10.0.9.jar%2355!/:?]
	at cpw.mods.modlauncher.BootstrapLaunchConsumer.accept(BootstrapLaunchConsumer.java:23) ~[modlauncher-10.0.9.jar%2355!/:?]
	at cpw.mods.bootstraplauncher.BootstrapLauncher.main(BootstrapLauncher.java:141) ~[bootstraplauncher-1.1.2.jar:?]
[25Feb2025 23:52:20.086] [main/ERROR] [net.minecraft.world.item.crafting.RecipeManager/]: Parsing error loading recipe apocalypsenow:eletricalmachete
com.google.gson.JsonSyntaxException: Invalid or unsupported recipe type 'minecraft:smithing'
	at net.minecraft.world.item.crafting.RecipeManager.m_220253_(RecipeManager.java:170) ~[server-1.20.1-20230612.114412-srg.jar%23169!/:?]
	at java.util.Optional.orElseThrow(Optional.java:403) ~[?:?]
	at net.minecraft.world.item.crafting.RecipeManager.fromJson(RecipeManager.java:169) ~[server-1.20.1-20230612.114412-srg.jar%23169!/:?]
	at net.minecraft.world.item.crafting.RecipeManager.m_5787_(RecipeManager.java:67) ~[server-1.20.1-20230612.114412-srg.jar%23169!/:?]
	at net.minecraft.world.item.crafting.RecipeManager.m_5787_(RecipeManager.java:34) ~[server-1.20.1-20230612.114412-srg.jar%23169!/:?]
	at net.minecraft.server.packs.resources.SimplePreparableReloadListener.m_10789_(SimplePreparableReloadListener.java:13) ~[server-1.20.1-20230612.114412-srg.jar%23169!/:?]
	at java.util.concurrent.CompletableFuture$UniAccept.tryFire(CompletableFuture.java:718) ~[?:?]
	at java.util.concurrent.CompletableFuture$Completion.run(CompletableFuture.java:482) ~[?:?]
	at net.minecraft.server.packs.resources.SimpleReloadInstance.m_143940_(SimpleReloadInstance.java:69) ~[server-1.20.1-20230612.114412-srg.jar%23169!/:?]
	at net.minecraft.Util.m_214652_(Util.java:783) ~[server-1.20.1-20230612.114412-srg.jar%23169!/:?]
	at net.minecraft.Util.m_214679_(Util.java:772) ~[server-1.20.1-20230612.114412-srg.jar%23169!/:?]
	at net.minecraft.server.Main.main(Main.java:166) ~[server-1.20.1-20230612.114412-srg.jar%23169!/:?]
	at jdk.internal.reflect.NativeMethodAccessorImpl.invoke0(Native Method) ~[?:?]
	at jdk.internal.reflect.NativeMethodAccessorImpl.invoke(NativeMethodAccessorImpl.java:77) ~[?:?]
	at jdk.internal.reflect.DelegatingMethodAccessorImpl.invoke(DelegatingMethodAccessorImpl.java:43) ~[?:?]
	at java.lang.reflect.Method.invoke(Method.java:569) ~[?:?]
	at net.minecraftforge.fml.loading.targets.CommonLaunchHandler.runTarget(CommonLaunchHandler.java:111) ~[fmlloader-1.20.1-47.3.7.jar%2369!/:?]
	at net.minecraftforge.fml.loading.targets.CommonLaunchHandler.serverService(CommonLaunchHandler.java:103) ~[fmlloader-1.20.1-47.3.7.jar%2369!/:?]
	at net.minecraftforge.fml.loading.targets.CommonServerLaunchHandler.lambda$makeService$0(CommonServerLaunchHandler.java:27) ~[fmlloader-1.20.1-47.3.7.jar%2369!/:?]
	at cpw.mods.modlauncher.LaunchServiceHandlerDecorator.launch(LaunchServiceHandlerDecorator.java:30) ~[modlauncher-10.0.9.jar%2355!/:?]
	at cpw.mods.modlauncher.LaunchServiceHandler.launch(LaunchServiceHandler.java:53) ~[modlauncher-10.0.9.jar%2355!/:?]
	at cpw.mods.modlauncher.LaunchServiceHandler.launch(LaunchServiceHandler.java:71) ~[modlauncher-10.0.9.jar%2355!/:?]
	at cpw.mods.modlauncher.Launcher.run(Launcher.java:108) ~[modlauncher-10.0.9.jar%2355!/:?]
	at cpw.mods.modlauncher.Launcher.main(Launcher.java:78) ~[modlauncher-10.0.9.jar%2355!/:?]
	at cpw.mods.modlauncher.BootstrapLaunchConsumer.accept(BootstrapLaunchConsumer.java:26) ~[modlauncher-10.0.9.jar%2355!/:?]
	at cpw.mods.modlauncher.BootstrapLaunchConsumer.accept(BootstrapLaunchConsumer.java:23) ~[modlauncher-10.0.9.jar%2355!/:?]
	at cpw.mods.bootstraplauncher.BootstrapLauncher.main(BootstrapLauncher.java:141) ~[bootstraplauncher-1.1.2.jar:?]
[25Feb2025 23:52:20.092] [main/ERROR] [net.minecraft.world.item.crafting.RecipeManager/]: Parsing error loading recipe legendary_monsters:ancient_dripstone_brick_stairs_left
com.google.gson.JsonSyntaxException: Unknown item 'legendary_monsters:ancient_dripstone_brick'
	at net.minecraft.world.item.crafting.ShapedRecipe.m_151280_(ShapedRecipe.java:292) ~[server-1.20.1-20230612.114412-srg.jar%23169!/:?]
	at java.util.Optional.orElseThrow(Optional.java:403) ~[?:?]
	at net.minecraft.world.item.crafting.ShapedRecipe.m_151278_(ShapedRecipe.java:291) ~[server-1.20.1-20230612.114412-srg.jar%23169!/:?]
	at net.minecraft.world.item.crafting.Ingredient.m_43919_(Ingredient.java:219) ~[server-1.20.1-20230612.114412-srg.jar%23169!/:?]
	at net.minecraftforge.common.crafting.VanillaIngredientSerializer.parse(VanillaIngredientSerializer.java:27) ~[forge-1.20.1-47.3.7-universal.jar%23174!/:?]
	at net.minecraftforge.common.crafting.CraftingHelper.getIngredient(CraftingHelper.java:148) ~[forge-1.20.1-47.3.7-universal.jar%23174!/:?]
	at net.minecraft.world.item.crafting.Ingredient.m_288218_(Ingredient.java:194) ~[server-1.20.1-20230612.114412-srg.jar%23169!/:?]
	at net.minecraft.world.item.crafting.ShapedRecipe.m_44210_(ShapedRecipe.java:278) ~[server-1.20.1-20230612.114412-srg.jar%23169!/:?]
	at net.minecraft.world.item.crafting.ShapedRecipe$Serializer.m_6729_(ShapedRecipe.java:306) ~[server-1.20.1-20230612.114412-srg.jar%23169!/:?]
	at net.minecraft.world.item.crafting.ShapedRecipe$Serializer.m_6729_(ShapedRecipe.java:301) ~[server-1.20.1-20230612.114412-srg.jar%23169!/:?]
	at net.minecraftforge.common.extensions.IForgeRecipeSerializer.fromJson(IForgeRecipeSerializer.java:23) ~[forge-1.20.1-47.3.7-universal.jar%23174!/:?]
	at net.minecraft.world.item.crafting.RecipeManager.fromJson(RecipeManager.java:171) ~[server-1.20.1-20230612.114412-srg.jar%23169!/:?]
	at net.minecraft.world.item.crafting.RecipeManager.m_5787_(RecipeManager.java:67) ~[server-1.20.1-20230612.114412-srg.jar%23169!/:?]
	at net.minecraft.world.item.crafting.RecipeManager.m_5787_(RecipeManager.java:34) ~[server-1.20.1-20230612.114412-srg.jar%23169!/:?]
	at net.minecraft.server.packs.resources.SimplePreparableReloadListener.m_10789_(SimplePreparableReloadListener.java:13) ~[server-1.20.1-20230612.114412-srg.jar%23169!/:?]
	at java.util.concurrent.CompletableFuture$UniAccept.tryFire(CompletableFuture.java:718) ~[?:?]
	at java.util.concurrent.CompletableFuture$Completion.run(CompletableFuture.java:482) ~[?:?]
	at net.minecraft.server.packs.resources.SimpleReloadInstance.m_143940_(SimpleReloadInstance.java:69) ~[server-1.20.1-20230612.114412-srg.jar%23169!/:?]
	at net.minecraft.Util.m_214652_(Util.java:783) ~[server-1.20.1-20230612.114412-srg.jar%23169!/:?]
	at net.minecraft.Util.m_214679_(Util.java:772) ~[server-1.20.1-20230612.114412-srg.jar%23169!/:?]
	at net.minecraft.server.Main.main(Main.java:166) ~[server-1.20.1-20230612.114412-srg.jar%23169!/:?]
	at jdk.internal.reflect.NativeMethodAccessorImpl.invoke0(Native Method) ~[?:?]
	at jdk.internal.reflect.NativeMethodAccessorImpl.invoke(NativeMethodAccessorImpl.java:77) ~[?:?]
	at jdk.internal.reflect.DelegatingMethodAccessorImpl.invoke(DelegatingMethodAccessorImpl.java:43) ~[?:?]
	at java.lang.reflect.Method.invoke(Method.java:569) ~[?:?]
	at net.minecraftforge.fml.loading.targets.CommonLaunchHandler.runTarget(CommonLaunchHandler.java:111) ~[fmlloader-1.20.1-47.3.7.jar%2369!/:?]
	at net.minecraftforge.fml.loading.targets.CommonLaunchHandler.serverService(CommonLaunchHandler.java:103) ~[fmlloader-1.20.1-47.3.7.jar%2369!/:?]
	at net.minecraftforge.fml.loading.targets.CommonServerLaunchHandler.lambda$makeService$0(CommonServerLaunchHandler.java:27) ~[fmlloader-1.20.1-47.3.7.jar%2369!/:?]
	at cpw.mods.modlauncher.LaunchServiceHandlerDecorator.launch(LaunchServiceHandlerDecorator.java:30) ~[modlauncher-10.0.9.jar%2355!/:?]
	at cpw.mods.modlauncher.LaunchServiceHandler.launch(LaunchServiceHandler.java:53) ~[modlauncher-10.0.9.jar%2355!/:?]
	at cpw.mods.modlauncher.LaunchServiceHandler.launch(LaunchServiceHandler.java:71) ~[modlauncher-10.0.9.jar%2355!/:?]
	at cpw.mods.modlauncher.Launcher.run(Launcher.java:108) ~[modlauncher-10.0.9.jar%2355!/:?]
	at cpw.mods.modlauncher.Launcher.main(Launcher.java:78) ~[modlauncher-10.0.9.jar%2355!/:?]
	at cpw.mods.modlauncher.BootstrapLaunchConsumer.accept(BootstrapLaunchConsumer.java:26) ~[modlauncher-10.0.9.jar%2355!/:?]
	at cpw.mods.modlauncher.BootstrapLaunchConsumer.accept(BootstrapLaunchConsumer.java:23) ~[modlauncher-10.0.9.jar%2355!/:?]
	at cpw.mods.bootstraplauncher.BootstrapLauncher.main(BootstrapLauncher.java:141) ~[bootstraplauncher-1.1.2.jar:?]
[25Feb2025 23:52:20.112] [main/ERROR] [net.minecraft.world.item.crafting.RecipeManager/]: Parsing error loading recipe legendary_monsters:purified_soul
com.google.gson.JsonSyntaxException: Invalid or unsupported recipe type 'minecraft:brewing'
	at net.minecraft.world.item.crafting.RecipeManager.m_220253_(RecipeManager.java:170) ~[server-1.20.1-20230612.114412-srg.jar%23169!/:?]
	at java.util.Optional.orElseThrow(Optional.java:403) ~[?:?]
	at net.minecraft.world.item.crafting.RecipeManager.fromJson(RecipeManager.java:169) ~[server-1.20.1-20230612.114412-srg.jar%23169!/:?]
	at net.minecraft.world.item.crafting.RecipeManager.m_5787_(RecipeManager.java:67) ~[server-1.20.1-20230612.114412-srg.jar%23169!/:?]
	at net.minecraft.world.item.crafting.RecipeManager.m_5787_(RecipeManager.java:34) ~[server-1.20.1-20230612.114412-srg.jar%23169!/:?]
	at net.minecraft.server.packs.resources.SimplePreparableReloadListener.m_10789_(SimplePreparableReloadListener.java:13) ~[server-1.20.1-20230612.114412-srg.jar%23169!/:?]
	at java.util.concurrent.CompletableFuture$UniAccept.tryFire(CompletableFuture.java:718) ~[?:?]
	at java.util.concurrent.CompletableFuture$Completion.run(CompletableFuture.java:482) ~[?:?]
	at net.minecraft.server.packs.resources.SimpleReloadInstance.m_143940_(SimpleReloadInstance.java:69) ~[server-1.20.1-20230612.114412-srg.jar%23169!/:?]
	at net.minecraft.Util.m_214652_(Util.java:783) ~[server-1.20.1-20230612.114412-srg.jar%23169!/:?]
	at net.minecraft.Util.m_214679_(Util.java:772) ~[server-1.20.1-20230612.114412-srg.jar%23169!/:?]
	at net.minecraft.server.Main.main(Main.java:166) ~[server-1.20.1-20230612.114412-srg.jar%23169!/:?]
	at jdk.internal.reflect.NativeMethodAccessorImpl.invoke0(Native Method) ~[?:?]
	at jdk.internal.reflect.NativeMethodAccessorImpl.invoke(NativeMethodAccessorImpl.java:77) ~[?:?]
	at jdk.internal.reflect.DelegatingMethodAccessorImpl.invoke(DelegatingMethodAccessorImpl.java:43) ~[?:?]
	at java.lang.reflect.Method.invoke(Method.java:569) ~[?:?]
	at net.minecraftforge.fml.loading.targets.CommonLaunchHandler.runTarget(CommonLaunchHandler.java:111) ~[fmlloader-1.20.1-47.3.7.jar%2369!/:?]
	at net.minecraftforge.fml.loading.targets.CommonLaunchHandler.serverService(CommonLaunchHandler.java:103) ~[fmlloader-1.20.1-47.3.7.jar%2369!/:?]
	at net.minecraftforge.fml.loading.targets.CommonServerLaunchHandler.lambda$makeService$0(CommonServerLaunchHandler.java:27) ~[fmlloader-1.20.1-47.3.7.jar%2369!/:?]
	at cpw.mods.modlauncher.LaunchServiceHandlerDecorator.launch(LaunchServiceHandlerDecorator.java:30) ~[modlauncher-10.0.9.jar%2355!/:?]
	at cpw.mods.modlauncher.LaunchServiceHandler.launch(LaunchServiceHandler.java:53) ~[modlauncher-10.0.9.jar%2355!/:?]
	at cpw.mods.modlauncher.LaunchServiceHandler.launch(LaunchServiceHandler.java:71) ~[modlauncher-10.0.9.jar%2355!/:?]
	at cpw.mods.modlauncher.Launcher.run(Launcher.java:108) ~[modlauncher-10.0.9.jar%2355!/:?]
	at cpw.mods.modlauncher.Launcher.main(Launcher.java:78) ~[modlauncher-10.0.9.jar%2355!/:?]
	at cpw.mods.modlauncher.BootstrapLaunchConsumer.accept(BootstrapLaunchConsumer.java:26) ~[modlauncher-10.0.9.jar%2355!/:?]
	at cpw.mods.modlauncher.BootstrapLaunchConsumer.accept(BootstrapLaunchConsumer.java:23) ~[modlauncher-10.0.9.jar%2355!/:?]
	at cpw.mods.bootstraplauncher.BootstrapLauncher.main(BootstrapLauncher.java:141) ~[bootstraplauncher-1.1.2.jar:?]
[25Feb2025 23:52:20.123] [main/ERROR] [net.minecraft.world.item.crafting.RecipeManager/]: Parsing error loading recipe apocalypsenow:firemodulekatana
com.google.gson.JsonSyntaxException: Invalid or unsupported recipe type 'minecraft:smithing'
	at net.minecraft.world.item.crafting.RecipeManager.m_220253_(RecipeManager.java:170) ~[server-1.20.1-20230612.114412-srg.jar%23169!/:?]
	at java.util.Optional.orElseThrow(Optional.java:403) ~[?:?]
	at net.minecraft.world.item.crafting.RecipeManager.fromJson(RecipeManager.java:169) ~[server-1.20.1-20230612.114412-srg.jar%23169!/:?]
	at net.minecraft.world.item.crafting.RecipeManager.m_5787_(RecipeManager.java:67) ~[server-1.20.1-20230612.114412-srg.jar%23169!/:?]
	at net.minecraft.world.item.crafting.RecipeManager.m_5787_(RecipeManager.java:34) ~[server-1.20.1-20230612.114412-srg.jar%23169!/:?]
	at net.minecraft.server.packs.resources.SimplePreparableReloadListener.m_10789_(SimplePreparableReloadListener.java:13) ~[server-1.20.1-20230612.114412-srg.jar%23169!/:?]
	at java.util.concurrent.CompletableFuture$UniAccept.tryFire(CompletableFuture.java:718) ~[?:?]
	at java.util.concurrent.CompletableFuture$Completion.run(CompletableFuture.java:482) ~[?:?]
	at net.minecraft.server.packs.resources.SimpleReloadInstance.m_143940_(SimpleReloadInstance.java:69) ~[server-1.20.1-20230612.114412-srg.jar%23169!/:?]
	at net.minecraft.Util.m_214652_(Util.java:783) ~[server-1.20.1-20230612.114412-srg.jar%23169!/:?]
	at net.minecraft.Util.m_214679_(Util.java:772) ~[server-1.20.1-20230612.114412-srg.jar%23169!/:?]
	at net.minecraft.server.Main.main(Main.java:166) ~[server-1.20.1-20230612.114412-srg.jar%23169!/:?]
	at jdk.internal.reflect.NativeMethodAccessorImpl.invoke0(Native Method) ~[?:?]
	at jdk.internal.reflect.NativeMethodAccessorImpl.invoke(NativeMethodAccessorImpl.java:77) ~[?:?]
	at jdk.internal.reflect.DelegatingMethodAccessorImpl.invoke(DelegatingMethodAccessorImpl.java:43) ~[?:?]
	at java.lang.reflect.Method.invoke(Method.java:569) ~[?:?]
	at net.minecraftforge.fml.loading.targets.CommonLaunchHandler.runTarget(CommonLaunchHandler.java:111) ~[fmlloader-1.20.1-47.3.7.jar%2369!/:?]
	at net.minecraftforge.fml.loading.targets.CommonLaunchHandler.serverService(CommonLaunchHandler.java:103) ~[fmlloader-1.20.1-47.3.7.jar%2369!/:?]
	at net.minecraftforge.fml.loading.targets.CommonServerLaunchHandler.lambda$makeService$0(CommonServerLaunchHandler.java:27) ~[fmlloader-1.20.1-47.3.7.jar%2369!/:?]
	at cpw.mods.modlauncher.LaunchServiceHandlerDecorator.launch(LaunchServiceHandlerDecorator.java:30) ~[modlauncher-10.0.9.jar%2355!/:?]
	at cpw.mods.modlauncher.LaunchServiceHandler.launch(LaunchServiceHandler.java:53) ~[modlauncher-10.0.9.jar%2355!/:?]
	at cpw.mods.modlauncher.LaunchServiceHandler.launch(LaunchServiceHandler.java:71) ~[modlauncher-10.0.9.jar%2355!/:?]
	at cpw.mods.modlauncher.Launcher.run(Launcher.java:108) ~[modlauncher-10.0.9.jar%2355!/:?]
	at cpw.mods.modlauncher.Launcher.main(Launcher.java:78) ~[modlauncher-10.0.9.jar%2355!/:?]
	at cpw.mods.modlauncher.BootstrapLaunchConsumer.accept(BootstrapLaunchConsumer.java:26) ~[modlauncher-10.0.9.jar%2355!/:?]
	at cpw.mods.modlauncher.BootstrapLaunchConsumer.accept(BootstrapLaunchConsumer.java:23) ~[modlauncher-10.0.9.jar%2355!/:?]
	at cpw.mods.bootstraplauncher.BootstrapLauncher.main(BootstrapLauncher.java:141) ~[bootstraplauncher-1.1.2.jar:?]
[25Feb2025 23:52:20.135] [main/ERROR] [net.minecraft.world.item.crafting.RecipeManager/]: Parsing error loading recipe legendary_monsters:dinosaur_bone_meal
com.google.gson.JsonSyntaxException: Unknown item 'legendary_monsters:dinosaur_bone_meal'
	at net.minecraftforge.common.crafting.CraftingHelper.getItem(CraftingHelper.java:160) ~[forge-1.20.1-47.3.7-universal.jar%23174!/:?]
	at net.minecraftforge.common.crafting.CraftingHelper.getItemStack(CraftingHelper.java:186) ~[forge-1.20.1-47.3.7-universal.jar%23174!/:?]
	at net.minecraft.world.item.crafting.ShapedRecipe.m_151274_(ShapedRecipe.java:286) ~[server-1.20.1-20230612.114412-srg.jar%23169!/:?]
	at net.minecraft.world.item.crafting.ShapedRecipe$Serializer.m_6729_(ShapedRecipe.java:311) ~[server-1.20.1-20230612.114412-srg.jar%23169!/:?]
	at net.minecraft.world.item.crafting.ShapedRecipe$Serializer.m_6729_(ShapedRecipe.java:301) ~[server-1.20.1-20230612.114412-srg.jar%23169!/:?]
	at net.minecraftforge.common.extensions.IForgeRecipeSerializer.fromJson(IForgeRecipeSerializer.java:23) ~[forge-1.20.1-47.3.7-universal.jar%23174!/:?]
	at net.minecraft.world.item.crafting.RecipeManager.fromJson(RecipeManager.java:171) ~[server-1.20.1-20230612.114412-srg.jar%23169!/:?]
	at net.minecraft.world.item.crafting.RecipeManager.m_5787_(RecipeManager.java:67) ~[server-1.20.1-20230612.114412-srg.jar%23169!/:?]
	at net.minecraft.world.item.crafting.RecipeManager.m_5787_(RecipeManager.java:34) ~[server-1.20.1-20230612.114412-srg.jar%23169!/:?]
	at net.minecraft.server.packs.resources.SimplePreparableReloadListener.m_10789_(SimplePreparableReloadListener.java:13) ~[server-1.20.1-20230612.114412-srg.jar%23169!/:?]
	at java.util.concurrent.CompletableFuture$UniAccept.tryFire(CompletableFuture.java:718) ~[?:?]
	at java.util.concurrent.CompletableFuture$Completion.run(CompletableFuture.java:482) ~[?:?]
	at net.minecraft.server.packs.resources.SimpleReloadInstance.m_143940_(SimpleReloadInstance.java:69) ~[server-1.20.1-20230612.114412-srg.jar%23169!/:?]
	at net.minecraft.Util.m_214652_(Util.java:783) ~[server-1.20.1-20230612.114412-srg.jar%23169!/:?]
	at net.minecraft.Util.m_214679_(Util.java:772) ~[server-1.20.1-20230612.114412-srg.jar%23169!/:?]
	at net.minecraft.server.Main.main(Main.java:166) ~[server-1.20.1-20230612.114412-srg.jar%23169!/:?]
	at jdk.internal.reflect.NativeMethodAccessorImpl.invoke0(Native Method) ~[?:?]
	at jdk.internal.reflect.NativeMethodAccessorImpl.invoke(NativeMethodAccessorImpl.java:77) ~[?:?]
	at jdk.internal.reflect.DelegatingMethodAccessorImpl.invoke(DelegatingMethodAccessorImpl.java:43) ~[?:?]
	at java.lang.reflect.Method.invoke(Method.java:569) ~[?:?]
	at net.minecraftforge.fml.loading.targets.CommonLaunchHandler.runTarget(CommonLaunchHandler.java:111) ~[fmlloader-1.20.1-47.3.7.jar%2369!/:?]
	at net.minecraftforge.fml.loading.targets.CommonLaunchHandler.serverService(CommonLaunchHandler.java:103) ~[fmlloader-1.20.1-47.3.7.jar%2369!/:?]
	at net.minecraftforge.fml.loading.targets.CommonServerLaunchHandler.lambda$makeService$0(CommonServerLaunchHandler.java:27) ~[fmlloader-1.20.1-47.3.7.jar%2369!/:?]
	at cpw.mods.modlauncher.LaunchServiceHandlerDecorator.launch(LaunchServiceHandlerDecorator.java:30) ~[modlauncher-10.0.9.jar%2355!/:?]
	at cpw.mods.modlauncher.LaunchServiceHandler.launch(LaunchServiceHandler.java:53) ~[modlauncher-10.0.9.jar%2355!/:?]
	at cpw.mods.modlauncher.LaunchServiceHandler.launch(LaunchServiceHandler.java:71) ~[modlauncher-10.0.9.jar%2355!/:?]
	at cpw.mods.modlauncher.Launcher.run(Launcher.java:108) ~[modlauncher-10.0.9.jar%2355!/:?]
	at cpw.mods.modlauncher.Launcher.main(Launcher.java:78) ~[modlauncher-10.0.9.jar%2355!/:?]
	at cpw.mods.modlauncher.BootstrapLaunchConsumer.accept(BootstrapLaunchConsumer.java:26) ~[modlauncher-10.0.9.jar%2355!/:?]
	at cpw.mods.modlauncher.BootstrapLaunchConsumer.accept(BootstrapLaunchConsumer.java:23) ~[modlauncher-10.0.9.jar%2355!/:?]
	at cpw.mods.bootstraplauncher.BootstrapLauncher.main(BootstrapLauncher.java:141) ~[bootstraplauncher-1.1.2.jar:?]
[25Feb2025 23:52:20.158] [main/INFO] [net.minecraft.world.item.crafting.RecipeManager/]: Loaded 9 recipes
[25Feb2025 23:52:20.170] [main/DEBUG] [mixin/]: Mixing DisplayInfoMixin from ftblibrary-common.mixins.json into net.minecraft.advancements.DisplayInfo
[25Feb2025 23:52:20.170] [main/DEBUG] [mixin/]: ftblibrary-common.mixins.json:DisplayInfoMixin: Class version 61 required is higher than the class version supported by the current version of Mixin (JAVA_8 supports class version 52)
[25Feb2025 23:52:20.350] [main/INFO] [net.minecraft.advancements.AdvancementList/]: Loaded 2312 advancements
[25Feb2025 23:52:20.363] [main/INFO] [top.theillusivec4.curios.Curios/]: Loaded 13 curio slots
[25Feb2025 23:52:20.370] [main/INFO] [top.theillusivec4.curios.Curios/]: Loaded 1 curio entities
[25Feb2025 23:52:20.544] [main/DEBUG] [SHMechanicsListener/]: Finished Parsing SH Config!
[25Feb2025 23:52:20.557] [main/INFO] [hordes/]: Loaded entity minecraft:zombie as entity.minecraft.zombie with weight 35, min day 0 and max day 20
[25Feb2025 23:52:20.558] [main/INFO] [hordes/]: Loaded entity minecraft:zombie_villager as entity.minecraft.zombie_villager with weight 1, min day 0 and max day 20
[25Feb2025 23:52:20.558] [main/INFO] [hordes/]: Loaded entity minecraft:zombie_horse as entity.minecraft.zombie_horse with weight 3, min day 20 and max day 40
[25Feb2025 23:52:20.558] [main/INFO] [hordes/]: Loaded entity minecraft:husk as entity.minecraft.husk with weight 40, min day 20 and max day 40
[25Feb2025 23:52:20.559] [main/INFO] [hordes/]: Loaded entity minecraft:drowned as entity.minecraft.drowned with weight 3, min day 30 and max day 40
[25Feb2025 23:52:20.559] [main/INFO] [hordes/]: Loaded entity minecraft:zoglin as entity.minecraft.zoglin with weight 3, min day 40 and max day 40
[25Feb2025 23:52:20.560] [main/INFO] [hordes/]: Loaded entity minecraft:zombified_piglin as entity.minecraft.zombified_piglin with weight 10, min day 40 and max day 0
[25Feb2025 23:52:20.560] [main/INFO] [hordes/]: Loaded entity minecraft:husk as entity.minecraft.husk with weight 25, min day 50 and max day 0
[25Feb2025 23:52:20.561] [main/INFO] [hordes/]: Loaded entity minecraft:zoglin as entity.minecraft.zoglin with weight 3, min day 50 and max day 0
[25Feb2025 23:52:20.562] [main/INFO] [hordes/]: Loaded entity minecraft:zombie_horse as entity.minecraft.zombie_horse with weight 3, min day 50 and max day 0
[25Feb2025 23:52:20.563] [main/INFO] [hordes/]: loaded horde table hordes:default
[25Feb2025 23:52:20.564] [main/INFO] [hordes/]: Loaded entity minecraft:drowned as entity.minecraft.drowned with weight 40, min day 0 and max day 20
[25Feb2025 23:52:20.564] [main/INFO] [hordes/]: Loaded entity minecraft:drowned as entity.minecraft.drowned with weight 3, min day 30 and max day 40
[25Feb2025 23:52:20.565] [main/INFO] [hordes/]: loaded horde table hordes:drowned
[25Feb2025 23:52:20.567] [main/INFO] [hordes/]: Loaded entity minecraft:zombie as entity.minecraft.zombie with weight 20, min day 0 and max day 20
[25Feb2025 23:52:20.568] [main/INFO] [hordes/]: Loaded entity minecraft:skeleton as entity.minecraft.skeleton with weight 10, min day 20 and max day 30
[25Feb2025 23:52:20.568] [main/INFO] [hordes/]: Loaded entity minecraft:spider as entity.minecraft.spider with weight 15, min day 20 and max day 30
[25Feb2025 23:52:20.568] [main/INFO] [hordes/]: Loaded entity minecraft:creeper as entity.minecraft.creeper with weight 5, min day 30 and max day 30
[25Feb2025 23:52:20.568] [main/INFO] [hordes/]: Loaded entity minecraft:husk as entity.minecraft.husk with weight 20, min day 30 and max day 50
[25Feb2025 23:52:20.569] [main/INFO] [hordes/]: Loaded entity minecraft:stray as entity.minecraft.stray with weight 10, min day 40 and max day 50
[25Feb2025 23:52:20.569] [main/INFO] [hordes/]: Loaded entity minecraft:cave_spider as entity.minecraft.cave_spider with weight 10, min day 40 and max day 50
[25Feb2025 23:52:20.569] [main/INFO] [hordes/]: Loaded entity minecraft:witch as entity.minecraft.witch with weight 5, min day 40 and max day 50
[25Feb2025 23:52:20.569] [main/INFO] [hordes/]: Loaded entity minecraft:pillager as entity.minecraft.pillager with weight 10, min day 40 and max day 50
[25Feb2025 23:52:20.569] [main/INFO] [hordes/]: Loaded entity minecraft:zombified_piglin as entity.minecraft.zombified_piglin with weight 10, min day 40 and max day 50
[25Feb2025 23:52:20.570] [main/INFO] [hordes/]: Loaded entity minecraft:zombie_horse as entity.minecraft.zombie_horse with weight 3, min day 40 and max day 50
[25Feb2025 23:52:20.570] [main/INFO] [hordes/]: Loaded entity minecraft:wither_skeleton as entity.minecraft.wither_skeleton with weight 10, min day 50 and max day 0
[25Feb2025 23:52:20.570] [main/INFO] [hordes/]: Loaded entity minecraft:phantom as entity.minecraft.phantom with weight 5, min day 50 and max day 50
[25Feb2025 23:52:20.571] [main/INFO] [hordes/]: Loaded entity minecraft:vindicator as entity.minecraft.vindicator with weight 10, min day 50 and max day 50
[25Feb2025 23:52:20.571] [main/INFO] [hordes/]: Loaded entity minecraft:zoglin as entity.minecraft.zoglin with weight 5, min day 40 and max day 40
[25Feb2025 23:52:20.571] [main/INFO] [hordes/]: Loaded entity minecraft:ravager as entity.minecraft.ravager with weight 5, min day 50 and max day 50
[25Feb2025 23:52:20.571] [main/INFO] [hordes/]: Loaded entity minecraft:evoker as entity.minecraft.evoker with weight 5, min day 50 and max day 50
[25Feb2025 23:52:20.571] [main/INFO] [hordes/]: Loaded entity minecraft:piglin_brute as entity.minecraft.piglin_brute with weight 10, min day 60 and max day 0
[25Feb2025 23:52:20.572] [main/INFO] [hordes/]: Loaded entity minecraft:cave_spider as entity.minecraft.cave_spider with weight 15, min day 60 and max day 0
[25Feb2025 23:52:20.572] [main/INFO] [hordes/]: Loaded entity minecraft:zombie_horse as entity.minecraft.zombie_horse with weight 5, min day 60 and max day 0
[25Feb2025 23:52:20.572] [main/INFO] [hordes/]: Loaded entity minecraft:ravager as entity.minecraft.ravager with weight 3, min day 60 and max day 0
[25Feb2025 23:52:20.572] [main/INFO] [hordes/]: Loaded entity minecraft:phantom as entity.minecraft.phantom with weight 3, min day 60 and max day 0
[25Feb2025 23:52:20.573] [main/INFO] [hordes/]: loaded horde table hordes:mixed_mobs
[25Feb2025 23:52:20.573] [main/INFO] [hordes/]: Loaded entity minecraft:pillager as entity.minecraft.pillager with weight 15, min day 0 and max day 0
[25Feb2025 23:52:20.573] [main/INFO] [hordes/]: Loaded entity minecraft:vindicator as entity.minecraft.vindicator with weight 10, min day 0 and max day 0
[25Feb2025 23:52:20.573] [main/INFO] [hordes/]: Loaded entity minecraft:witch as entity.minecraft.witch with weight 5, min day 20 and max day 0
[25Feb2025 23:52:20.573] [main/INFO] [hordes/]: Loaded entity minecraft:ravager as entity.minecraft.ravager with weight 5, min day 30 and max day 40
[25Feb2025 23:52:20.573] [main/INFO] [hordes/]: Loaded entity minecraft:evoker as entity.minecraft.evoker with weight 3, min day 40 and max day 40
[25Feb2025 23:52:20.573] [main/INFO] [hordes/]: Loaded entity minecraft:illusioner as entity.minecraft.illusioner with weight 5, min day 50 and max day 0
[25Feb2025 23:52:20.574] [main/INFO] [hordes/]: Loaded entity minecraft:ravager as entity.minecraft.ravager with weight 3, min day 50 and max day 0
[25Feb2025 23:52:20.574] [main/INFO] [hordes/]: Loaded entity minecraft:ravager as entity.minecraft.ravager with weight 5, min day 50 and max day 0
[25Feb2025 23:52:20.574] [main/INFO] [hordes/]: loaded horde table hordes:illagers
[25Feb2025 23:52:20.574] [main/INFO] [hordes/]: Loaded entity minecraft:skeleton as entity.minecraft.skeleton with weight 10, min day 0 and max day 20
[25Feb2025 23:52:20.574] [main/INFO] [hordes/]: Loaded entity minecraft:skeleton as entity.minecraft.skeleton with weight 20, min day 0 and max day 30
[25Feb2025 23:52:20.574] [main/INFO] [hordes/]: Loaded entity minecraft:skeleton_horse as entity.minecraft.skeleton_horse with weight 5, min day 20 and max day 50
[25Feb2025 23:52:20.574] [main/INFO] [hordes/]: Loaded entity minecraft:stray as entity.minecraft.stray with weight 10, min day 20 and max day 0
[25Feb2025 23:52:20.575] [main/INFO] [hordes/]: Loaded entity minecraft:wither_skeleton as entity.minecraft.wither_skeleton with weight 10, min day 40 and max day 0
[25Feb2025 23:52:20.575] [main/INFO] [hordes/]: Loaded entity minecraft:skeleton_horse as entity.minecraft.skeleton_horse with weight 5, min day 40 and max day 0
[25Feb2025 23:52:20.575] [main/INFO] [hordes/]: loaded horde table hordes:skeletons
[25Feb2025 23:52:20.576] [main/INFO] [hordes/]: Loaded entity minecraft:zombie as entity.minecraft.zombie with weight 30, min day 0 and max day 0
[25Feb2025 23:52:20.576] [main/INFO] [hordes/]: loaded horde table hordes:fallback
[25Feb2025 23:52:20.581] [main/INFO] [hordes/]: loaded horde script hordes:default
[25Feb2025 23:52:20.581] [main/INFO] [hordes/]: Loading conversion tables
[25Feb2025 23:52:20.582] [main/INFO] [hordes/]: Loading conversion table hordes:infection_conversions
[25Feb2025 23:52:20.585] [main/INFO] [hordes/]: Loaded conversion entity.minecraft.horse to entity.minecraft.zombie_horse with chance of 0.65
[25Feb2025 23:52:20.585] [main/INFO] [hordes/]: Loaded conversion entity.minecraft.piglin to entity.minecraft.zombified_piglin with chance of 0.75
[25Feb2025 23:52:20.587] [main/INFO] [hordes/]: Loaded conversion entity.minecraft.piglin_brute to entity.minecraft.zombified_piglin{Attributes:[{Base:50.0f,Name:"generic.max_health"}],chat_name:"entity.hordes.ZombifiedPiglinBrute.name",texture:"hordes:textures/entity/zombified_piglin_brute.png"} with chance of 0.35
[25Feb2025 23:52:20.587] [main/INFO] [hordes/]: Loaded conversion entity.minecraft.hoglin to entity.minecraft.zoglin with chance of 0.15
[25Feb2025 23:52:20.587] [main/INFO] [hordes/]: Loaded conversion entity.minecraft.wandering_trader to entity.minecraft.zombie_villager{VillagerData:{type:"none"},chat_name:"entity.hordes.ZombieWanderingTrader.name",texture:"hordes:textures/entity/zombie_wandering_trader.png"} with chance of 0.75
[25Feb2025 23:52:20.587] [main/INFO] [hordes/]: Loaded conversion entity.minecraft.pillager to entity.minecraft.zombie_villager{Attributes:[{Base:24.0f,Name:"generic.max_health"}],VillagerData:{type:"none"},chat_name:"entity.hordes.ZombiePillager.name",texture:"hordes:textures/entity/zombie_pillager.png"} with chance of 0.75
[25Feb2025 23:52:20.588] [main/INFO] [hordes/]: Loaded conversion entity.minecraft.vindicator to entity.minecraft.zombie_villager{Attributes:[{Base:24.0f,Name:"generic.max_health"}],VillagerData:{type:"none"},chat_name:"entity.hordes.ZombieVindicator.name",texture:"hordes:textures/entity/zombie_vindicator.png"} with chance of 0.35
[25Feb2025 23:52:20.588] [main/INFO] [hordes/]: Loaded conversion entity.minecraft.evoker to entity.minecraft.zombie_villager{Attributes:[{Base:24.0f,Name:"generic.max_health"}],VillagerData:{type:"none"},chat_name:"entity.hordes.ZombieEvoker.name",texture:"hordes:textures/entity/zombie_evoker.png"} with chance of 0.5
[25Feb2025 23:52:20.589] [main/INFO] [hordes/]: Loaded conversion entity.minecraft.illusioner to entity.minecraft.zombie_villager{Attributes:[{Base:32.0f,Name:"generic.max_health"}],VillagerData:{type:"none"},chat_name:"entity.hordes.ZombieIllusioner.name",texture:"hordes:textures/entity/zombie_illusioner.png"} with chance of 0.15
[25Feb2025 23:52:20.589] [main/INFO] [hordes/]: Loaded conversion entity.minecraft.witch to entity.minecraft.zombie_villager{Attributes:[{Base:26.0f,Name:"generic.max_health"}],VillagerData:{type:"none"},chat_name:"entity.hordes.ZombieWitch.name",texture:"hordes:textures/entity/zombie_witch.png"} with chance of 0.25
[25Feb2025 23:52:20.589] [main/INFO] [hordes/]: Loading immunity item list
[25Feb2025 23:52:20.589] [main/INFO] [hordes/]: Loading immunity item list hordes:immunity_items
[25Feb2025 23:52:20.590] [main/INFO] [hordes/]: Loaded immunity item minecraft:cooked_porkchop with duration 900
[25Feb2025 23:52:20.590] [main/INFO] [hordes/]: Loading wearables protection list
[25Feb2025 23:52:20.590] [main/INFO] [hordes/]: Loading wearables protection list hordes:immune_wearables
[25Feb2025 23:52:20.592] [main/INFO] [hordes/]: Loaded wearable protection minecraft:leather_boots with modifier 0.95
[25Feb2025 23:52:20.592] [main/INFO] [hordes/]: Loaded wearable protection minecraft:leather_leggings with modifier 0.95
[25Feb2025 23:52:20.592] [main/INFO] [hordes/]: Loaded wearable protection minecraft:leather_chestplate with modifier 0.95
[25Feb2025 23:52:20.592] [main/INFO] [hordes/]: Loaded wearable protection minecraft:leather_helmet with modifier 0.95
[25Feb2025 23:52:20.592] [main/INFO] [hordes/]: Loaded wearable protection minecraft:chainmail_boots with modifier 0.95
[25Feb2025 23:52:20.593] [main/INFO] [hordes/]: Loaded wearable protection minecraft:chainmail_leggings with modifier 0.95
[25Feb2025 23:52:20.593] [main/INFO] [hordes/]: Loaded wearable protection minecraft:chainmail_chestplate with modifier 0.95
[25Feb2025 23:52:20.593] [main/INFO] [hordes/]: Loaded wearable protection minecraft:chainmail_helmet with modifier 0.95
[25Feb2025 23:52:20.593] [main/INFO] [hordes/]: Loaded wearable protection minecraft:iron_boots with modifier 0.9
[25Feb2025 23:52:20.593] [main/INFO] [hordes/]: Loaded wearable protection minecraft:iron_leggings with modifier 0.9
[25Feb2025 23:52:20.593] [main/INFO] [hordes/]: Loaded wearable protection minecraft:iron_chestplate with modifier 0.9
[25Feb2025 23:52:20.593] [main/INFO] [hordes/]: Loaded wearable protection minecraft:iron_helmet with modifier 0.9
[25Feb2025 23:52:20.594] [main/INFO] [hordes/]: Loaded wearable protection minecraft:golden_boots with modifier 0.9
[25Feb2025 23:52:20.594] [main/INFO] [hordes/]: Loaded wearable protection minecraft:golden_leggings with modifier 0.9
[25Feb2025 23:52:20.595] [main/INFO] [hordes/]: Loaded wearable protection minecraft:golden_chestplate with modifier 0.9
[25Feb2025 23:52:20.596] [main/INFO] [hordes/]: Loaded wearable protection minecraft:golden_helmet with modifier 0.9
[25Feb2025 23:52:20.596] [main/INFO] [hordes/]: Loaded wearable protection minecraft:diamond_boots with modifier 0.86
[25Feb2025 23:52:20.596] [main/INFO] [hordes/]: Loaded wearable protection minecraft:diamond_leggings with modifier 0.86
[25Feb2025 23:52:20.596] [main/INFO] [hordes/]: Loaded wearable protection minecraft:diamond_chestplate with modifier 0.86
[25Feb2025 23:52:20.597] [main/INFO] [hordes/]: Loaded wearable protection minecraft:diamond_helmet with modifier 0.86
[25Feb2025 23:52:20.597] [main/INFO] [hordes/]: Loaded wearable protection minecraft:netherite_boots with modifier 0.82
[25Feb2025 23:52:20.597] [main/INFO] [hordes/]: Loaded wearable protection minecraft:netherite_leggings with modifier 0.82
[25Feb2025 23:52:20.597] [main/INFO] [hordes/]: Loaded wearable protection minecraft:netherite_chestplate with modifier 0.82
[25Feb2025 23:52:20.597] [main/INFO] [hordes/]: Loaded wearable protection minecraft:netherite_helmet with modifier 0.82
[25Feb2025 23:52:20.597] [main/INFO] [hordes/]: Loaded wearable protection minecraft:turtle_helmet with modifier 0.75
[25Feb2025 23:52:20.597] [main/INFO] [insane96mcp.insanelib.InsaneLib/]: Reloading InsaneLib JsonFeature Json
[25Feb2025 23:52:22.252] [main/DEBUG] [net.minecraftforge.common.ForgeHooks/WP]: Gathering id map for writing to world save world
[25Feb2025 23:52:22.296] [main/DEBUG] [net.minecraftforge.common.ForgeHooks/WP]: ID Map collection complete world
[25Feb2025 23:52:22.540] [Server thread/INFO] [net.minecraft.server.dedicated.DedicatedServer/]: Starting minecraft server version 1.20.1
[25Feb2025 23:52:22.541] [Server thread/INFO] [net.minecraft.server.dedicated.DedicatedServer/]: Loading properties
[25Feb2025 23:52:22.541] [Server thread/INFO] [net.minecraft.server.dedicated.DedicatedServer/]: Default game type: SURVIVAL
[25Feb2025 23:52:22.541] [Server thread/INFO] [net.minecraft.server.MinecraftServer/]: Generating keypair
[25Feb2025 23:52:22.725] [Server thread/INFO] [net.minecraft.server.dedicated.DedicatedServer/]: Starting Minecraft server on *:25565
[25Feb2025 23:52:22.738] [Server thread/DEBUG] [net.minecraftforge.network.DualStackUtils/]: Detected IPv6 address: "0:0:0:0:0:0:0:0"
[25Feb2025 23:52:22.746] [Server thread/DEBUG] [io.netty.util.internal.NativeLibraryLoader/]: -Dio.netty.native.workdir: /tmp (io.netty.tmpdir)
[25Feb2025 23:52:22.747] [Server thread/DEBUG] [io.netty.util.internal.NativeLibraryLoader/]: -Dio.netty.native.deleteLibAfterLoading: true
[25Feb2025 23:52:22.747] [Server thread/DEBUG] [io.netty.util.internal.NativeLibraryLoader/]: -Dio.netty.native.tryPatchShadedId: true
[25Feb2025 23:52:22.747] [Server thread/DEBUG] [io.netty.util.internal.NativeLibraryLoader/]: -Dio.netty.native.detectNativeLibraryDuplicates: true
[25Feb2025 23:52:22.760] [Server thread/DEBUG] [io.netty.util.internal.NativeLibraryLoader/]: Successfully loaded the library /tmp/libnetty_transport_native_epoll_x86_6410021382807359529678.so
[25Feb2025 23:52:22.766] [Server thread/DEBUG] [io.netty.util.NetUtil/]: -Djava.net.preferIPv4Stack: false
[25Feb2025 23:52:22.766] [Server thread/DEBUG] [io.netty.util.NetUtil/]: -Djava.net.preferIPv6Addresses: true
[25Feb2025 23:52:22.771] [Server thread/DEBUG] [io.netty.util.NetUtilInitializations/]: Loopback interface: lo (lo, 0:0:0:0:0:0:0:1%lo)
[25Feb2025 23:52:22.773] [Server thread/DEBUG] [io.netty.util.NetUtil/]: /proc/sys/net/core/somaxconn: 4096
[25Feb2025 23:52:22.778] [Server thread/INFO] [net.minecraft.server.network.ServerConnectionListener/]: Using epoll channel type
[25Feb2025 23:52:22.818] [Server thread/DEBUG] [io.netty.channel.MultithreadEventLoopGroup/]: -Dio.netty.eventLoopThreads: 8
[25Feb2025 23:52:22.865] [Server thread/DEBUG] [io.netty.util.internal.PlatformDependent/]: org.jctools-core.MpscChunkedArrayQueue: available
[25Feb2025 23:52:22.884] [Server thread/DEBUG] [io.netty.channel.DefaultChannelId/]: -Dio.netty.processId: 3876 (auto-detected)
[25Feb2025 23:52:22.886] [Server thread/DEBUG] [io.netty.channel.DefaultChannelId/]: -Dio.netty.machineId: 60:45:bd:ff:fe:b4:af:c5 (auto-detected)
[25Feb2025 23:52:22.968] [Server thread/DEBUG] [io.netty.buffer.PooledByteBufAllocator/]: -Dio.netty.allocator.numHeapArenas: 8
[25Feb2025 23:52:22.969] [Server thread/DEBUG] [io.netty.buffer.PooledByteBufAllocator/]: -Dio.netty.allocator.numDirectArenas: 8
[25Feb2025 23:52:22.969] [Server thread/DEBUG] [io.netty.buffer.PooledByteBufAllocator/]: -Dio.netty.allocator.pageSize: 8192
[25Feb2025 23:52:22.969] [Server thread/DEBUG] [io.netty.buffer.PooledByteBufAllocator/]: -Dio.netty.allocator.maxOrder: 9
[25Feb2025 23:52:22.969] [Server thread/DEBUG] [io.netty.buffer.PooledByteBufAllocator/]: -Dio.netty.allocator.chunkSize: 4194304
[25Feb2025 23:52:22.970] [Server thread/DEBUG] [io.netty.buffer.PooledByteBufAllocator/]: -Dio.netty.allocator.smallCacheSize: 256
[25Feb2025 23:52:22.970] [Server thread/DEBUG] [io.netty.buffer.PooledByteBufAllocator/]: -Dio.netty.allocator.normalCacheSize: 64
[25Feb2025 23:52:22.970] [Server thread/DEBUG] [io.netty.buffer.PooledByteBufAllocator/]: -Dio.netty.allocator.maxCachedBufferCapacity: 32768
[25Feb2025 23:52:22.970] [Server thread/DEBUG] [io.netty.buffer.PooledByteBufAllocator/]: -Dio.netty.allocator.cacheTrimInterval: 8192
[25Feb2025 23:52:22.971] [Server thread/DEBUG] [io.netty.buffer.PooledByteBufAllocator/]: -Dio.netty.allocator.cacheTrimIntervalMillis: 0
[25Feb2025 23:52:22.971] [Server thread/DEBUG] [io.netty.buffer.PooledByteBufAllocator/]: -Dio.netty.allocator.useCacheForAllThreads: false
[25Feb2025 23:52:22.971] [Server thread/DEBUG] [io.netty.buffer.PooledByteBufAllocator/]: -Dio.netty.allocator.maxCachedByteBuffersPerChunk: 1023
[25Feb2025 23:52:22.995] [Server thread/DEBUG] [io.netty.buffer.ByteBufUtil/]: -Dio.netty.allocator.type: pooled
[25Feb2025 23:52:22.995] [Server thread/DEBUG] [io.netty.buffer.ByteBufUtil/]: -Dio.netty.threadLocalDirectBufferSize: 0
[25Feb2025 23:52:22.995] [Server thread/DEBUG] [io.netty.buffer.ByteBufUtil/]: -Dio.netty.maxThreadLocalCharBufferSize: 16384
[25Feb2025 23:52:23.011] [Server thread/WARN] [net.minecraft.server.dedicated.DedicatedServer/]: **** SERVER IS RUNNING IN OFFLINE/INSECURE MODE!
[25Feb2025 23:52:23.012] [Server thread/WARN] [net.minecraft.server.dedicated.DedicatedServer/]: The server will make no attempt to authenticate usernames. Beware.
[25Feb2025 23:52:23.013] [Server thread/WARN] [net.minecraft.server.dedicated.DedicatedServer/]: While this makes the game possible to play without internet access, it also opens up the ability for hackers to connect with any username they choose.
[25Feb2025 23:52:23.013] [Server thread/WARN] [net.minecraft.server.dedicated.DedicatedServer/]: To change this, set "online-mode" to "true" in the server.properties file.
[25Feb2025 23:52:23.040] [Server thread/DEBUG] [net.minecraftforge.fml.config.ConfigTracker/CONFIG]: Loading configs type SERVER
[25Feb2025 23:52:23.040] [Server thread/DEBUG] [net.minecraftforge.fml.config.ConfigFileTypeHandler/CONFIG]: Built TOML config for ./world/serverconfig/jei-server.toml
[25Feb2025 23:52:23.040] [Server thread/DEBUG] [net.minecraftforge.fml.config.ConfigFileTypeHandler/CONFIG]: Loaded TOML config file ./world/serverconfig/jei-server.toml
[25Feb2025 23:52:23.041] [Server thread/DEBUG] [net.minecraftforge.fml.config.ConfigFileTypeHandler/CONFIG]: Watching TOML config file ./world/serverconfig/jei-server.toml for changes
[25Feb2025 23:52:23.042] [Thread-1/DEBUG] [net.minecraftforge.fml.config.ConfigFileTypeHandler/CONFIG]: Config file jei-server.toml changed, sending notifies
[25Feb2025 23:52:23.045] [Server thread/DEBUG] [net.minecraftforge.fml.config.ConfigFileTypeHandler/CONFIG]: Built TOML config for ./world/serverconfig/tacz-server.toml
[25Feb2025 23:52:23.045] [Server thread/DEBUG] [net.minecraftforge.fml.config.ConfigFileTypeHandler/CONFIG]: Loaded TOML config file ./world/serverconfig/tacz-server.toml
[25Feb2025 23:52:23.045] [Server thread/DEBUG] [net.minecraftforge.fml.config.ConfigFileTypeHandler/CONFIG]: Watching TOML config file ./world/serverconfig/tacz-server.toml for changes
[25Feb2025 23:52:23.048] [Server thread/DEBUG] [net.minecraftforge.fml.config.ConfigFileTypeHandler/CONFIG]: Built TOML config for ./world/serverconfig/curios-server.toml
[25Feb2025 23:52:23.048] [Server thread/DEBUG] [net.minecraftforge.fml.config.ConfigFileTypeHandler/CONFIG]: Loaded TOML config file ./world/serverconfig/curios-server.toml
[25Feb2025 23:52:23.049] [Server thread/DEBUG] [net.minecraftforge.fml.config.ConfigFileTypeHandler/CONFIG]: Watching TOML config file ./world/serverconfig/curios-server.toml for changes
[25Feb2025 23:52:23.049] [Server thread/DEBUG] [net.minecraftforge.fml.config.ConfigFileTypeHandler/CONFIG]: Built TOML config for ./world/serverconfig/journeymap-server.toml
[25Feb2025 23:52:23.049] [Server thread/DEBUG] [net.minecraftforge.fml.config.ConfigFileTypeHandler/CONFIG]: Loaded TOML config file ./world/serverconfig/journeymap-server.toml
[25Feb2025 23:52:23.050] [Thread-1/DEBUG] [net.minecraftforge.fml.config.ConfigFileTypeHandler/CONFIG]: Config file tacz-server.toml changed, sending notifies
[25Feb2025 23:52:23.061] [Server thread/DEBUG] [net.minecraftforge.fml.config.ConfigFileTypeHandler/CONFIG]: Watching TOML config file ./world/serverconfig/journeymap-server.toml for changes
[25Feb2025 23:52:23.062] [Thread-1/DEBUG] [net.minecraftforge.fml.config.ConfigFileTypeHandler/CONFIG]: Config file curios-server.toml changed, sending notifies
[25Feb2025 23:52:23.062] [Server thread/INFO] [journeymap/]: Loading JourneyMap Forge Configs
[25Feb2025 23:52:23.063] [Server thread/DEBUG] [net.minecraftforge.fml.config.ConfigFileTypeHandler/CONFIG]: Built TOML config for ./world/serverconfig/securitycraft-server.toml
[25Feb2025 23:52:23.064] [Server thread/DEBUG] [net.minecraftforge.fml.config.ConfigFileTypeHandler/CONFIG]: Loaded TOML config file ./world/serverconfig/securitycraft-server.toml
[25Feb2025 23:52:23.064] [Server thread/DEBUG] [net.minecraftforge.fml.config.ConfigFileTypeHandler/CONFIG]: Watching TOML config file ./world/serverconfig/securitycraft-server.toml for changes
[25Feb2025 23:52:23.064] [Thread-1/DEBUG] [net.minecraftforge.fml.config.ConfigFileTypeHandler/CONFIG]: Config file journeymap-server.toml changed, sending notifies
[25Feb2025 23:52:23.065] [Thread-1/INFO] [journeymap/]: Loading JourneyMap Forge Configs
[25Feb2025 23:52:23.070] [Thread-1/DEBUG] [net.minecraftforge.fml.config.ConfigFileTypeHandler/CONFIG]: Config file securitycraft-server.toml changed, sending notifies
[25Feb2025 23:52:23.071] [Thread-1/DEBUG] [net.minecraftforge.fml.config.ConfigFileTypeHandler/CONFIG]: Config file securitycraft-server.toml changed, sending notifies
[25Feb2025 23:52:23.071] [Server thread/DEBUG] [net.minecraftforge.fml.config.ConfigFileTypeHandler/CONFIG]: Built TOML config for ./world/serverconfig/parcool-server.toml
[25Feb2025 23:52:23.072] [Server thread/DEBUG] [net.minecraftforge.fml.config.ConfigFileTypeHandler/CONFIG]: Loaded TOML config file ./world/serverconfig/parcool-server.toml
[25Feb2025 23:52:23.072] [Server thread/DEBUG] [net.minecraftforge.fml.config.ConfigFileTypeHandler/CONFIG]: Watching TOML config file ./world/serverconfig/parcool-server.toml for changes
[25Feb2025 23:52:23.072] [Thread-1/DEBUG] [net.minecraftforge.fml.config.ConfigFileTypeHandler/CONFIG]: Config file parcool-server.toml changed, sending notifies
[25Feb2025 23:52:23.073] [Thread-1/DEBUG] [net.minecraftforge.fml.config.ConfigFileTypeHandler/CONFIG]: Config file parcool-server.toml changed, sending notifies
[25Feb2025 23:52:23.073] [Server thread/DEBUG] [net.minecraftforge.fml.config.ConfigFileTypeHandler/CONFIG]: Built TOML config for /workspaces/serveo/servidor_minecraft/config/tombstone-server.toml
[25Feb2025 23:52:23.074] [Server thread/DEBUG] [net.minecraftforge.fml.config.ConfigFileTypeHandler/CONFIG]: Loaded TOML config file /workspaces/serveo/servidor_minecraft/config/tombstone-server.toml
[25Feb2025 23:52:23.075] [Server thread/DEBUG] [net.minecraftforge.fml.config.ConfigFileTypeHandler/CONFIG]: Watching TOML config file /workspaces/serveo/servidor_minecraft/config/tombstone-server.toml for changes
[25Feb2025 23:52:23.076] [Thread-1/DEBUG] [net.minecraftforge.fml.config.ConfigFileTypeHandler/CONFIG]: Config file tombstone-server.toml changed, sending notifies
[25Feb2025 23:52:23.077] [Thread-1/DEBUG] [net.minecraftforge.fml.config.ConfigFileTypeHandler/CONFIG]: Config file tombstone-server.toml changed, sending notifies
[25Feb2025 23:52:23.077] [Thread-1/DEBUG] [net.minecraftforge.fml.config.ConfigFileTypeHandler/CONFIG]: Config file tombstone-server.toml changed, sending notifies
[25Feb2025 23:52:23.077] [Server thread/DEBUG] [net.minecraftforge.fml.config.ConfigFileTypeHandler/CONFIG]: Built TOML config for ./world/serverconfig/k_turrets-server.toml
[25Feb2025 23:52:23.078] [Server thread/DEBUG] [net.minecraftforge.fml.config.ConfigFileTypeHandler/CONFIG]: Loaded TOML config file ./world/serverconfig/k_turrets-server.toml
[25Feb2025 23:52:23.078] [Server thread/DEBUG] [net.minecraftforge.fml.config.ConfigFileTypeHandler/CONFIG]: Watching TOML config file ./world/serverconfig/k_turrets-server.toml for changes
[25Feb2025 23:52:23.078] [Thread-1/DEBUG] [net.minecraftforge.fml.config.ConfigFileTypeHandler/CONFIG]: Config file k_turrets-server.toml changed, sending notifies
[25Feb2025 23:52:23.078] [Thread-1/DEBUG] [net.minecraftforge.fml.config.ConfigFileTypeHandler/CONFIG]: Config file k_turrets-server.toml changed, sending notifies
[25Feb2025 23:52:23.079] [Server thread/DEBUG] [net.minecraftforge.fml.config.ConfigFileTypeHandler/CONFIG]: Built TOML config for ./world/serverconfig/scalinghealth-server.toml
[25Feb2025 23:52:23.079] [Server thread/DEBUG] [net.minecraftforge.fml.config.ConfigFileTypeHandler/CONFIG]: Loaded TOML config file ./world/serverconfig/scalinghealth-server.toml
[25Feb2025 23:52:23.079] [Server thread/DEBUG] [net.minecraftforge.fml.config.ConfigFileTypeHandler/CONFIG]: Watching TOML config file ./world/serverconfig/scalinghealth-server.toml for changes
[25Feb2025 23:52:23.079] [Thread-1/DEBUG] [net.minecraftforge.fml.config.ConfigFileTypeHandler/CONFIG]: Config file scalinghealth-server.toml changed, sending notifies
[25Feb2025 23:52:23.080] [Thread-1/DEBUG] [net.minecraftforge.fml.config.ConfigFileTypeHandler/CONFIG]: Config file scalinghealth-server.toml changed, sending notifies
[25Feb2025 23:52:23.080] [Server thread/DEBUG] [net.minecraftforge.fml.config.ConfigFileTypeHandler/CONFIG]: Built TOML config for ./world/serverconfig/forge-server.toml
[25Feb2025 23:52:23.080] [Server thread/DEBUG] [net.minecraftforge.fml.config.ConfigFileTypeHandler/CONFIG]: Loaded TOML config file ./world/serverconfig/forge-server.toml
[25Feb2025 23:52:23.081] [Server thread/DEBUG] [net.minecraftforge.fml.config.ConfigFileTypeHandler/CONFIG]: Watching TOML config file ./world/serverconfig/forge-server.toml for changes
[25Feb2025 23:52:23.082] [Server thread/DEBUG] [net.minecraftforge.common.ForgeConfig/FORGEMOD]: Loaded forge config file forge-server.toml
[25Feb2025 23:52:23.083] [Thread-1/DEBUG] [net.minecraftforge.fml.config.ConfigFileTypeHandler/CONFIG]: Config file forge-server.toml changed, sending notifies
[25Feb2025 23:52:23.083] [Thread-1/DEBUG] [net.minecraftforge.common.ForgeConfig/FORGEMOD]: Forge config just got changed on the file system!
[25Feb2025 23:52:23.084] [Thread-1/DEBUG] [net.minecraftforge.fml.config.ConfigFileTypeHandler/CONFIG]: Config file forge-server.toml changed, sending notifies
[25Feb2025 23:52:23.084] [Thread-1/DEBUG] [net.minecraftforge.common.ForgeConfig/FORGEMOD]: Forge config just got changed on the file system!
[25Feb2025 23:52:23.294] [Server thread/INFO] [net.minecraft.server.dedicated.DedicatedServer/]: Preparing level "world"
[25Feb2025 23:52:23.388] [Server thread/DEBUG] [net.minecraftforge.coremod.transformer.CoreModBaseTransformer/COREMOD]: Transforming net/minecraft/world/level/levelgen/PhantomSpawner
[25Feb2025 23:52:23.432] [Server thread/DEBUG] [net.minecraftforge.coremod.transformer.CoreModBaseTransformer/COREMOD]: Transforming net/minecraft/world/level/levelgen/PatrolSpawner
[25Feb2025 23:52:23.444] [Server thread/DEBUG] [net.minecraftforge.coremod.transformer.CoreModBaseTransformer/COREMOD]: Transforming net/minecraft/world/entity/npc/CatSpawner
[25Feb2025 23:52:23.453] [Server thread/DEBUG] [net.minecraftforge.coremod.transformer.CoreModBaseTransformer/COREMOD]: Transforming net/minecraft/world/entity/ai/village/VillageSiege
[25Feb2025 23:52:23.540] [Server thread/DEBUG] [mixin/]: Mixing camera.ChunkMapMixin from securitycraft.mixins.json into net.minecraft.server.level.ChunkMap
[25Feb2025 23:52:24.045] [Server thread/DEBUG] [mixin/]: Mixing portal.PortalForcerMixin from securitycraft.mixins.json into net.minecraft.world.level.portal.PortalForcer
[25Feb2025 23:52:24.234] [Server thread/DEBUG] [mixin/]: Mixing CombatTrackerAccessor from playerrevive.mixins.json into net.minecraft.world.damagesource.CombatTracker
[25Feb2025 23:52:25.189] [Server thread/DEBUG] [mixin/]: Mixing MixinPiglinAi from curios.mixins.json into net.minecraft.world.entity.monster.piglin.PiglinAi
[25Feb2025 23:52:25.189] [Server thread/DEBUG] [mixin/]: Mixing MixinPiglinAi from hordes.mixin.json into net.minecraft.world.entity.monster.piglin.PiglinAi
[25Feb2025 23:52:30.253] [Server thread/INFO] [net.minecraft.server.MinecraftServer/]: Preparing start region for dimension minecraft:overworld
[25Feb2025 23:52:32.143] [Server thread/DEBUG] [mixin/]: Mixing MixinChunkSerializer from architectury.mixins.json into net.minecraft.world.level.chunk.storage.ChunkSerializer
[25Feb2025 23:52:32.840] [Server thread/DEBUG] [net.minecraftforge.coremod.transformer.CoreModBaseTransformer/COREMOD]: Transforming net/minecraft/world/level/levelgen/structure/templatesystem/StructureTemplate
[25Feb2025 23:52:36.521] [Worker-Main-3/INFO] [net.minecraft.server.level.progress.LoggerChunkProgressListener/]: Preparing spawn area: 0%
[25Feb2025 23:52:36.614] [Worker-Main-1/INFO] [net.minecraft.server.level.progress.LoggerChunkProgressListener/]: Preparing spawn area: 0%
[25Feb2025 23:52:36.640] [Worker-Main-2/INFO] [net.minecraft.server.level.progress.LoggerChunkProgressListener/]: Preparing spawn area: 0%
[25Feb2025 23:52:36.660] [Worker-Main-1/INFO] [net.minecraft.server.level.progress.LoggerChunkProgressListener/]: Preparing spawn area: 0%
[25Feb2025 23:52:36.679] [Worker-Main-3/INFO] [net.minecraft.server.level.progress.LoggerChunkProgressListener/]: Preparing spawn area: 0%
[25Feb2025 23:52:36.695] [Worker-Main-3/INFO] [net.minecraft.server.level.progress.LoggerChunkProgressListener/]: Preparing spawn area: 0%
[25Feb2025 23:52:36.712] [Worker-Main-3/INFO] [net.minecraft.server.level.progress.LoggerChunkProgressListener/]: Preparing spawn area: 0%
[25Feb2025 23:52:36.721] [Worker-Main-3/INFO] [net.minecraft.server.level.progress.LoggerChunkProgressListener/]: Preparing spawn area: 0%
[25Feb2025 23:52:36.731] [Worker-Main-3/INFO] [net.minecraft.server.level.progress.LoggerChunkProgressListener/]: Preparing spawn area: 0%
[25Feb2025 23:52:36.746] [Worker-Main-3/INFO] [net.minecraft.server.level.progress.LoggerChunkProgressListener/]: Preparing spawn area: 0%
[25Feb2025 23:52:36.753] [Worker-Main-3/INFO] [net.minecraft.server.level.progress.LoggerChunkProgressListener/]: Preparing spawn area: 0%
[25Feb2025 23:52:36.774] [Worker-Main-3/INFO] [net.minecraft.server.level.progress.LoggerChunkProgressListener/]: Preparing spawn area: 0%
[25Feb2025 23:52:36.806] [Worker-Main-3/INFO] [net.minecraft.server.level.progress.LoggerChunkProgressListener/]: Preparing spawn area: 0%
[25Feb2025 23:52:36.834] [Worker-Main-2/INFO] [net.minecraft.server.level.progress.LoggerChunkProgressListener/]: Preparing spawn area: 0%
[25Feb2025 23:52:37.257] [Worker-Main-1/INFO] [net.minecraft.server.level.progress.LoggerChunkProgressListener/]: Preparing spawn area: 0%
[25Feb2025 23:52:37.755] [Worker-Main-1/INFO] [net.minecraft.server.level.progress.LoggerChunkProgressListener/]: Preparing spawn area: 0%
[25Feb2025 23:52:38.255] [Worker-Main-2/INFO] [net.minecraft.server.level.progress.LoggerChunkProgressListener/]: Preparing spawn area: 38%
[25Feb2025 23:52:38.757] [Worker-Main-1/INFO] [net.minecraft.server.level.progress.LoggerChunkProgressListener/]: Preparing spawn area: 87%
[25Feb2025 23:52:38.864] [Server thread/INFO] [net.minecraft.server.level.progress.LoggerChunkProgressListener/]: Time elapsed: 8610 ms
[25Feb2025 23:52:38.865] [Server thread/INFO] [net.minecraft.server.dedicated.DedicatedServer/]: Done (15.825s)! For help, type "help"
[25Feb2025 23:52:38.879] [Server thread/DEBUG] [net.minecraftforge.network.DualStackUtils/]: Detected IPv6 address: "0:0:0:0:0:0:0:0"
[25Feb2025 23:52:38.923] [Server thread/DEBUG] [net.minecraftforge.common.ForgeI18n/CORE]: Loading I18N data entries: 7101
[25Feb2025 23:52:38.933] [Server thread/INFO] [net.minecraftforge.server.permission.PermissionAPI/]: Successfully initialized permission handler forge:default_handler
[25Feb2025 23:52:39.001] [Server thread/INFO] [K-Turrets/]: Cobble unit ammo:
[25Feb2025 23:52:39.001] [Server thread/INFO] [K-Turrets/]: minecraft:cobblestone
[25Feb2025 23:52:39.002] [Server thread/INFO] [K-Turrets/]: minecraft:blackstone
[25Feb2025 23:52:39.003] [Server thread/INFO] [K-Turrets/]: minecraft:cobbled_deepslate
[25Feb2025 23:52:39.003] [Server thread/INFO] [K-Turrets/]: minecraft:andesite
[25Feb2025 23:52:39.003] [Server thread/INFO] [K-Turrets/]: minecraft:granite
[25Feb2025 23:52:39.004] [Server thread/INFO] [K-Turrets/]: minecraft:diorite
[25Feb2025 23:52:39.004] [Server thread/INFO] [K-Turrets/]: minecraft:tuff
[25Feb2025 23:52:39.004] [Server thread/INFO] [K-Turrets/]: 
[25Feb2025 23:52:39.006] [Server thread/INFO] [K-Turrets/]: Bullet unit ammo:
[25Feb2025 23:52:39.008] [Server thread/INFO] [K-Turrets/]: k_turrets:bullet
[25Feb2025 23:52:39.008] [Server thread/INFO] [K-Turrets/]: 
[25Feb2025 23:52:39.009] [Server thread/INFO] [K-Turrets/]: Brick unit ammo:
[25Feb2025 23:52:39.009] [Server thread/INFO] [K-Turrets/]: minecraft:brick
[25Feb2025 23:52:39.009] [Server thread/INFO] [K-Turrets/]: minecraft:nether_brick
[25Feb2025 23:52:39.011] [Server thread/INFO] [K-Turrets/]: 
[25Feb2025 23:52:39.011] [Server thread/INFO] [K-Turrets/]: Gauss unit ammo:
[25Feb2025 23:52:39.012] [Server thread/INFO] [K-Turrets/]: k_turrets:gauss_bullet
[25Feb2025 23:52:39.014] [Server thread/INFO] [K-Turrets/]: 
[25Feb2025 23:52:39.014] [Server thread/INFO] [K-Turrets/]: Fireball unit ammo:
[25Feb2025 23:52:39.016] [Server thread/INFO] [K-Turrets/]: k_turrets:explosive_powder
[25Feb2025 23:52:39.020] [Server thread/INFO] [K-Turrets/]: minecraft:fire_charge
[25Feb2025 23:52:39.021] [Server thread/INFO] [K-Turrets/]: 
[25Feb2025 23:52:39.021] [Server thread/INFO] [K-Turrets/]: Arrow unit ammo:
[25Feb2025 23:52:39.022] [Server thread/INFO] [K-Turrets/]: minecraft:arrow
[25Feb2025 23:52:39.022] [Server thread/INFO] [K-Turrets/]: minecraft:spectral_arrow
[25Feb2025 23:52:39.023] [Server thread/INFO] [K-Turrets/]: minecraft:tipped_arrow
[25Feb2025 23:52:39.085] [Server thread/DEBUG] [io.netty.buffer.AbstractByteBuf/]: -Dio.netty.buffer.checkAccessible: true
[25Feb2025 23:52:39.085] [Server thread/DEBUG] [io.netty.buffer.AbstractByteBuf/]: -Dio.netty.buffer.checkBounds: true
[25Feb2025 23:52:39.087] [Server thread/DEBUG] [io.netty.util.ResourceLeakDetectorFactory/]: Loaded default ResourceLeakDetector: io.netty.util.ResourceLeakDetector@15810dbb
[25Feb2025 23:52:39.159] [Server thread/DEBUG] [tombstone/]: Updating LootTables
[25Feb2025 23:57:40.012] [Server thread/DEBUG] [net.minecraftforge.common.ForgeHooks/WP]: Gathering id map for writing to world save world
[25Feb2025 23:57:40.058] [Server thread/DEBUG] [net.minecraftforge.common.ForgeHooks/WP]: ID Map collection complete world
[25Feb2025 23:58:07.259] [Netty Epoll Server IO #1/DEBUG] [io.netty.util.Recycler/]: -Dio.netty.recycler.maxCapacityPerThread: 4096
[25Feb2025 23:58:07.260] [Netty Epoll Server IO #1/DEBUG] [io.netty.util.Recycler/]: -Dio.netty.recycler.ratio: 8
[25Feb2025 23:58:07.260] [Netty Epoll Server IO #1/DEBUG] [io.netty.util.Recycler/]: -Dio.netty.recycler.chunkSize: 32
[25Feb2025 23:58:07.260] [Netty Epoll Server IO #1/DEBUG] [io.netty.util.Recycler/]: -Dio.netty.recycler.blocking: false
